{"batchcomplete": "", "warnings": {"main": {"*": "Subscribe to the mediawiki-api-announce mailing list at <https://lists.wikimedia.org/postorius/lists/mediawiki-api-announce.lists.wikimedia.org/> for notice of API deprecations and breaking changes."}, "revisions": {"*": "Because \"rvslots\" was not specified, a legacy format has been used for the output. This format is deprecated, and in the future the new format will always be used."}}, "query": {"pages": {"48593": {"pageid": 48593, "ns": 0, "title": "A. Chen", "revisions": [{"contentformat": "text/x-wiki", "contentmodel": "wikitext", "*": "{{Patient Infobox\n|image = 505Ms.Chen'sSister.png\n|name = A. Chen\n|status = Alive\n|siblings = [[Sally Chen]]\n|only appearance = [[There's No 'I' in Team]]\n|seasons = '''[[Grey's Anatomy|GA]]:''' [[Season 5 (Grey's Anatomy)|5]]\n|portrayed by = [[Eileen Fogarty]]\n}}\n\n'''A. Chen''' was one of the participants in the domino kidney transplant. She donated her kidney to Mr. Patel.\n\n==History==\nA. Chen's sister, Sally, was in renal failure. In order to get her a kidney transplant, they joined a domino kidney transplant. A. Chen gave her kidney to Mr. Patel in exchange for her sister getting a kidney from [[Nancy Mercer]].\n\n==Relationships==\n===Familial===\nShe donated a kidney for her sister, Sally. After Sally's surgery, several members of their family came to visit.\n\n==Notes and Trivia==\n*Her blood type is O+.\n\n{{DEFAULTSORT:Chen, A.}}\n[[Category:Characters]]\n[[Category:GA Characters]]\n[[Category:GA S5 Characters]]\n[[Category:Patients]]\n[[Category:Patients (Renal)]]\n[[Category:Patients (Transplant)]]"}]}}}}