{"batchcomplete": "", "warnings": {"main": {"*": "Subscribe to the mediawiki-api-announce mailing list at <https://lists.wikimedia.org/postorius/lists/mediawiki-api-announce.lists.wikimedia.org/> for notice of API deprecations and breaking changes."}, "revisions": {"*": "Because \"rvslots\" was not specified, a legacy format has been used for the output. This format is deprecated, and in the future the new format will always be used."}}, "query": {"pages": {"32038": {"pageid": 32038, "ns": 0, "title": "A.J. Morris", "revisions": [{"contentformat": "text/x-wiki", "contentmodel": "wikitext", "*": "{{Patient Infobox\n|image = 9x15AJMorris.png\n|name = A.J. Morris\n|status = Alive\n|diagnosis = Cancer\n|doctors = *[[Arizona Robbins]]\n*[[Miranda Bailey]]\n|treatment = *Chemotherapy\n*Radiation \n|parents = [[Ike Morris]]\n|only appearance = [[Hard Bargain]]\n|seasons = '''[[Grey's Anatomy|GA]]:''' [[Season 9 (Grey's Anatomy)|9]]\n}}\n\n'''A.J. Morris''' was a patient at [[Seattle Grace Mercy West Hospital]] who had cancer.\n\n==History==\n===Cancer Treatment===\nA.J.'s cancer continued to spread even with treatment. Because he was too weak for surgery, [[Miranda Bailey]] suggested genome mapping to make a targeted therapy to treat him. However, the hospital denied their request to have A.J.'s genome mapped by a lab, Arizona said that they'd wait a day for him to improve and then operate, but Dr. Bailey encouraged Ike to take his son elsewhere for the treatment.\n\n==Relationships==\n===Familial===\nHis father, Ike, was at the hospital with him.\n\n{{DEFAULTSORT:Morris, A.J.}}\n[[Category:Characters]]\n[[Category:GA Characters]]\n[[Category:GA S9 Characters]]\n[[Category:Patients]]\n[[Category:Patients (Peds)]]\n[[Category:Patients (General)]]\n[[Category:Patients (Oncology)]]\n[[Category:Patients (Genetics)]]"}]}}}}