{"batchcomplete": "", "warnings": {"main": {"*": "Subscribe to the mediawiki-api-announce mailing list at <https://lists.wikimedia.org/postorius/lists/mediawiki-api-announce.lists.wikimedia.org/> for notice of API deprecations and breaking changes."}, "revisions": {"*": "Because \"rvslots\" was not specified, a legacy format has been used for the output. This format is deprecated, and in the future the new format will always be used."}}, "query": {"pages": {"23704": {"pageid": 23704, "ns": 0, "title": "Abby Anderson", "revisions": [{"contentformat": "text/x-wiki", "contentmodel": "wikitext", "*": "{{Patient Infobox\n|image = 8x10-7.png\n|name = Abby Anderson\n|status = Alive\n|diagnosis = *Shard of glass impaling the eye\n*Facial fractures\n|doctors = *[[Julia Canner]]\n*[[Derek Shepherd]]\n*[[Mark Sloan]]\n*[[Lexie Grey]]\n|treatment = Surgery\n|siblings = *[[Lily Anderson]]\n*[[Michael Anderson]]\n|parents = *[[Robert Anderson]] \u2020\n*[[Jessica Anderson]] \u2020\n|grandparents = [[Grandma Anderson]] \u2020\n|only appearance = [[Suddenly]]\n|seasons = '''[[Grey's Anatomy|GA]]:''' [[Season 8 (Grey's Anatomy)|8]]\n|portrayed by = [[Saige Ryan Campbell]]\n}}\n'''Abby Anderson''' was a patient at [[Seattle Grace Mercy West Hospital]], who was brought in after the family van crashed into an ambulance.\n\n==History==\n===Van Accident===\nWhile on their way to a camping trip, Abby's family was in a car accident. She was impaled in the eye by a shard of glass and was unconscious in the field.\n\nShe was taken to the hospital, where her injuries were assessed. She was then taken into surgery. They initially thought she might lose her eye, but they developed a plan that allowed her to keep it. The shard of glass was removed and her eye and other injuries were repaired.\n\n==Relationships==\n===Familial===\nShe was on a camping trip with her family when they were in a car accident. Her father, mother, and grandmother all died of their injuries, but she, [[Michael Anderson|her brother]], and [[Lily Anderson|her sister]] all survived.\n\n==Notes and Trivia==\n*She was 13 at the time of her parents' deaths.\n*She was excited about the camping trip.\n\n==Gallery==\n===Episode Stills===\n<gallery orientation=\"landscape\" position=\"center\" spacing=\"small\" bordersize=\"none\" hideaddbutton=\"true\">\n8x10-7.png\n8x10-13.jpg\n8x10-14.jpg\n</gallery>\n\n{{DEFAULTSORT:Anderson, Abby}}\n[[Category:Characters]]\n[[Category:GA Characters]]\n[[Category:GA S8 Characters]]\n[[Category:Patients]]\n[[Category:Patients (ER)]]\n[[Category:Patients (Trauma)]]\n[[Category:Patients (Ophthalmology)]]\n[[Category:Patients (Neuro)]]\n[[Category:Patients (Plastics)]]\n[[Category:Patients (Peds)]]"}]}}}}