{"batchcomplete": "", "warnings": {"main": {"*": "Subscribe to the mediawiki-api-announce mailing list at <https://lists.wikimedia.org/postorius/lists/mediawiki-api-announce.lists.wikimedia.org/> for notice of API deprecations and breaking changes."}, "revisions": {"*": "Because \"rvslots\" was not specified, a legacy format has been used for the output. This format is deprecated, and in the future the new format will always be used."}}, "query": {"pages": {"84843": {"pageid": 84843, "ns": 0, "title": "Abby", "revisions": [{"contentformat": "text/x-wiki", "contentmodel": "wikitext", "*": "{{Rescuee Infobox\n|image = S195x14Abby.png\n|name = Abby\n|status = Alive\n|siblings = [[Jonny]]\n|parents = [[Brenda (Alone in the Dark)|Brenda]]\n|only appearance = [[Alone in the Dark]]\n|seasons = '''[[Station 19|S19]]:''' [[Season 5 (Station 19)|5]]\n|portrayed by = [[Sydney Mae Estrella]]\n}}\n\n'''Abby''' is a child who got separated from her mother during a parking garage fire.\n\n==History==\nAbby and her brother, [[Jonny]], were out with their mother when she stopped at a grocery store to get chocolate milk. She left Abby and Jonny in the car while she went inside. While she was gone, a fire started in the parking garage. When Jonny was rendered unconscious, Abby struggled to wake him so they could get away from the fire. She was trying to pull him out when [[Ben Warren|Ben]] and [[Victoria Hughes|Vic]] found them and got them out to safety. Jonny was loaded onto a gurney and he and Abby were taken to the hospital.\n\n==Relationships==\n===Familial===\nShe lives with her mom and her brother, [[Jonny]].\n\n[[Category:Characters]]\n[[Category:S19 Characters]]\n[[Category:S19 S5 Characters]]\n[[Category:S19 Rescuees]]"}]}}}}