{"batchcomplete": "", "warnings": {"main": {"*": "Subscribe to the mediawiki-api-announce mailing list at <https://lists.wikimedia.org/postorius/lists/mediawiki-api-announce.lists.wikimedia.org/> for notice of API deprecations and breaking changes."}, "revisions": {"*": "Because \"rvslots\" was not specified, a legacy format has been used for the output. This format is deprecated, and in the future the new format will always be used."}}, "query": {"pages": {"80250": {"pageid": 80250, "ns": 0, "title": "Abby Banks", "revisions": [{"contentformat": "text/x-wiki", "contentmodel": "wikitext", "*": "{{Patient Infobox\n|image = 17x01AbbyBanks.png\n|name = Abby Banks\n|status = Alive\n|siblings = [[Erin Banks]]\n|parents = Parents\n|only appearance = [[All Tomorrow's Parties]]\n|seasons = '''[[Grey's Anatomy|GA]]:''' [[Season 17 (Grey's Anatomy)|17]]\n|portrayed by = [[Hannah Bamberg]]\n}}\n\n'''Abby Banks''' is the sister of [[Erin Banks]].\n\n==History==\nAbby's sister was just fourteen when she went to meet what she believed was a photographer and ended up being sold into human trafficking. Two years later, when she was found, Abby came to the hospital and the two of them had a happy reunion. Erin expressed regret and blamed herself, but Abby said it wasn't her fault.\n\n==Relationships==\n===Familial===\nHer sister was sold into human trafficking at the age of fourteen and spent two years living like that.\n\n==Notes and Trivia==\n*She is in school in Portland.\n\n{{DEFAULTSORT:Banks, Abby}}\n\n[[Category:Characters]]\n[[Category:GA Characters]]\n[[Category:GA S17 Characters]]"}]}}}}