{"batchcomplete": "", "warnings": {"main": {"*": "Subscribe to the mediawiki-api-announce mailing list at <https://lists.wikimedia.org/postorius/lists/mediawiki-api-announce.lists.wikimedia.org/> for notice of API deprecations and breaking changes."}, "revisions": {"*": "Because \"rvslots\" was not specified, a legacy format has been used for the output. This format is deprecated, and in the future the new format will always be used."}}, "query": {"pages": {"49490": {"pageid": 49490, "ns": 0, "title": "Abena", "revisions": [{"contentformat": "text/x-wiki", "contentmodel": "wikitext", "*": "{{Patient Infobox\n|image = 7x21Abena.png\n|name = Abena\n|status = Alive\n|diagnosis = Sickle-cell anemia\n|doctors = *[[Miranda Bailey]]\n*[[Alex Karev]]\n|treatment = Hydroxyurea\n|siblings = [[Lebo]]\n|other family = Nephew\n|only appearance = [[I Will Survive]]\n|seasons = '''[[Grey's Anatomy|GA]]:''' [[Season 7 (Grey's Anatomy)|7]]\n|portrayed by = [[Anehita Okojie]]\n}}\n'''Abena''' is one of the children who came to Seattle for surgery through the African program.\n\n==History==\nAbena had come to Seattle to have her surgery. After a month, she was finally ready to go home. They reminded her to take her hydroxyurea to treat her sickle-cell anemia, but as they were leaving, her sister, [[Lebo]], collapsed outside the hospital, so she had to stay longer.\n\n==Relationships==\n===Familial===\nHer sister, Lebo, came to the hospital with her.\n[[Category:Characters]]\n[[Category:GA Characters]]\n[[Category:GA S7 Characters]]\n[[Category:Patients]]\n[[Category:Patients (Peds)]]"}]}}}}