{"batchcomplete": "", "warnings": {"main": {"*": "Subscribe to the mediawiki-api-announce mailing list at <https://lists.wikimedia.org/postorius/lists/mediawiki-api-announce.lists.wikimedia.org/> for notice of API deprecations and breaking changes."}, "revisions": {"*": "Because \"rvslots\" was not specified, a legacy format has been used for the output. This format is deprecated, and in the future the new format will always be used."}}, "query": {"pages": {"78005": {"pageid": 78005, "ns": 0, "title": "Abigail Hayes", "revisions": [{"contentformat": "text/x-wiki", "contentmodel": "wikitext", "*": "{{Character Family Infobox\n|image = 16x19AbigailHayes.png\n|name = Abigail Hayes\n|status = Deceased\n|alias = *Abigail Davis\n*Abby\n|marital = [[Cormac Hayes]] ''(husband)''\n|children = *[[Liam Hayes]]\n*[[Austin Hayes]]\n|siblings = [[Irene Davis]]\n|parents = Father\n|other family = Mother-in-law\n|job = Mixed-Media Artist\n|only appearance = [[Love of My Life]]\n|seasons = '''[[Grey's Anatomy|GA]]:''' [[Season 16 (Grey's Anatomy)|16]]\n|portrayed by = [[Elizabeth Grull\u00f3n]]\n}}\n'''Abigail Hayes''', n\u00e9e '''Abigail Davis''', is the late wife of [[Cormac Hayes]].\n\n==History==\n===Meeting Cormac===\n[[File:16x19CormacMeetsAbigail.png|thumb|Cormac and Abigail get to know each other.]]\nAbigail met Cormac at a medical conference when she offered him a pen. She was surprised to learn that the pen was for an erectile dysfunction drug, as she didn't work for the company and had only taken the gig passing out pens because it paid well. He asked her to have a drink with him and she tried to turn him down because she still had pens to pass out. He took all the pens from her and then she joined him for a drink. The two of them later married and had two children.\n\n===Cancer and Death===\nAbigail developed fibroids in her uterus and had to have a hysterectomy. The doctor used a medical device that was supposed to allow for a minimally-invasive hysterectomy, but the device accomplished that by using using tiny spiny claws to break up the tissue, which had the side effect of spreading cancer around her abdomen, which was previously an isolated tumor that would have been easily removed. Abigail underwent treatment for the cancer, including two clinical trials, but she unfortunately died.\n\n==Relationships==\n===Romantic===\nShe was married to Cormac Hayes until her death. They met at a medical conference he was attending.\n\n===Familial===\nShe and Cormac had two sons together: Liam and Austin. When she figured out she was going to die, she said she wanted them to know it was okay to cry and feel everything.\n\nShe has [[Irene Davis|a sister]] who lives in LA. Abigail said she's crazy, but she loves Austin and Liam.\n\n==Career==\nShe was a mixed-media artist. However, when a pharmaceutical company offered her $500 to pass out pens at a medical conference, she took them up on it.\n\n==Notes and Trivia==\n*She was 33 when she had her hysterectomy.\n*She loved Christmas and even collected nutcrackers.<ref>[[It Came Upon a Midnight Clear]], 18x08</ref>\n\n{{Scrollbox}}\n\n[[de:Abigail Hayes]]\n{{DEFAULTSORT:Hayes, Abigail}}\n[[Category:Characters]]\n[[Category:GA Characters]]\n[[Category:GA S16 Characters]]\n[[Category:Deceased Characters]]\n[[Category:Patients]]\n[[Category:Patients (OB/GYN)]]\n[[Category:Patients (Oncology)]]"}]}}}}