{"batchcomplete": "", "warnings": {"main": {"*": "Subscribe to the mediawiki-api-announce mailing list at <https://lists.wikimedia.org/postorius/lists/mediawiki-api-announce.lists.wikimedia.org/> for notice of API deprecations and breaking changes."}, "revisions": {"*": "Because \"rvslots\" was not specified, a legacy format has been used for the output. This format is deprecated, and in the future the new format will always be used."}}, "query": {"pages": {"28101": {"pageid": 28101, "ns": 0, "title": "Abraham Treadwell", "revisions": [{"contentformat": "text/x-wiki", "contentmodel": "wikitext", "*": "{{Patient Infobox\n|image = 10x18AbrahamTreadwell.png\n|name = Abraham Treadwell\n|status = Alive\n|siblings = [[Logan Treadwell]]\n|parents = Father \u2020\n|only appearance = [[You Be Illin']]\n|seasons = '''[[Grey's Anatomy|GA]]:''' [[Season 10 (Grey's Anatomy)|10]]\n|portrayed by = [[Graham Hamilton]]\n}}\n'''Abraham Treadwell''' is the brother of [[Logan Treadwell]], a patient at [[Grey Sloan Memorial Hospital]].\n\n==History==\nWhen Logan was cut while composting, he refused to get a tetanus shot or even get the wound properly cleaned, so he developed Rictus Sardonicus, a clenched jaw. Abraham grew frustrated at Logan's refusal to accept proper medical care. Later, after his condition became worse, Logan's arm spasmed so hard that it snapped. He had to be taken in to surgery to re-break a previous break that hadn't properly healed so they could properly align the new break. The bone was held in place by rods and plates. When the doctors told him that, Abraham asked for a list of all the materials they had put into his brother's organic, grass-fed body.\n\n==Relationships==\n===Familial===\n====Father====\nLogan and Abraham's father died when they were young, done in by corn beef hash and cigarettes. Since his death, Logan has become obsessed with what he puts into his body, even medical treatments.\n\n====[[Logan Treadwell]]====\nAbraham loves his brother, but he gets frustrated by how seriously Logan takes the health nut thing.\n\n{{DEFAULTSORT:Treadwell, Abraham}}\n[[Category:Characters]]\n[[Category:GA Characters]]\n[[Category:GA S10 Characters]]"}]}}}}