{"batchcomplete": "", "warnings": {"main": {"*": "Subscribe to the mediawiki-api-announce mailing list at <https://lists.wikimedia.org/postorius/lists/mediawiki-api-announce.lists.wikimedia.org/> for notice of API deprecations and breaking changes."}, "revisions": {"*": "Because \"rvslots\" was not specified, a legacy format has been used for the output. This format is deprecated, and in the future the new format will always be used."}}, "query": {"pages": {"28331": {"pageid": 28331, "ns": 0, "title": "Adam Keller", "revisions": [{"contentformat": "text/x-wiki", "contentmodel": "wikitext", "*": "{{Patient Infobox\n|image = 10x20AdamKeller.png\n|name = Adam Keller\n|status = Alive\n|diagnosis = GI Bleed\n|doctors = *[[Meredith Grey]]\n*[[Derek Shepherd]]\n|treatment = *Massive Transfusion\n*Gastrotomy\n|marital = Wife\n|only appearance = [[Go It Alone]]\n|seasons = '''[[Grey's Anatomy|GA]]:''' [[Season 10 (Grey's Anatomy)|10]]\n|portrayed by = [[Edward James Gage]]\n}}\n'''Adam Keller''' was a patient at [[Grey Sloan Memorial Hospital]].\n\n==History==\n===Bypass Surgery===\nAdam had gastric bypass surgery to help him lose weight. After surgery, his stitches stretched out, leaving his intestines and stomach pouch as large as they were before.\n\n===Repair===\nAdam had that complication repaired, but was told he'd be monitored overnight to make sure nothing went wrong.\n\n===Post-Op Complication===\nDuring the night, Adam developed a GI bleed. He had to be taken into the OR for massive transfusion and surgery to repair the damage.\n\n==Relationships==\n===Romantic===\nAdam is married. As his wife was there for the first surgery, Adam just had her drop him off at the hospital, saying he could handle a few days in the hospital by himself.\n\n{{DEFAULTSORT:Keller, Adam}}\n[[Category:Characters]]\n[[Category:GA Characters]]\n[[Category:GA S10 Characters]]\n[[Category:Patients]]\n[[Category:Patients (General)]]"}]}}}}