{"batchcomplete": "", "warnings": {"main": {"*": "Subscribe to the mediawiki-api-announce mailing list at <https://lists.wikimedia.org/postorius/lists/mediawiki-api-announce.lists.wikimedia.org/> for notice of API deprecations and breaking changes."}, "revisions": {"*": "Because \"rvslots\" was not specified, a legacy format has been used for the output. This format is deprecated, and in the future the new format will always be used."}}, "query": {"pages": {"4245": {"pageid": 4245, "ns": 0, "title": "Adam Singer", "revisions": [{"contentformat": "text/x-wiki", "contentmodel": "wikitext", "*": "{{Patient Infobox\n|image = 404AdamSinger.png\n|name = Adam Singer\n|status = Alive\n|diagnosis = Misaligned Spine\n|doctors = *[[Derek Shepherd]]\n*[[Cristina Yang]]\n*[[Lexie Grey]]\n|treatment = *Weight treatment\n*Surgery\n|only appearance = [[The Heart of the Matter]]\n|seasons = '''[[Grey's Anatomy|GA]]:''' [[Season 4 (Grey's Anatomy)|4]]\n|portrayed by = [[Matt Lanter]]\n}}'''Adam Singer''' is a teenaged boy, admitted to [[Seattle Grace Hospital]] after a sporting accident.\n\n==History==\nAdam Singer was brought to Seattle Grace by his [[Stanley Singer|father and coach]] after receiving injuries while playing football. He was charging a receiver after kick-off but got blocked and his head held down. As a result, he couldn't see another guy coming and was hit.\n\nAt the hospital [[Derek Shepherd]] put [[Cristina Yang|Cristina]] and [[Lexie Grey|Lexie]] on Adam's case. While Adam was being treated, his father insisted he could have gotten past the man and Adam grew agitated so [[Derek Shepherd|Derek]] asked his father to leave the room. After removing Adam's uniform they performed a [[Computed Tomography|CT]] and discovered that Adam was paralyzed.\n\nDerek would not be able to operate without realigning the spine so they decided to do a halo traction. They would apply weights to a bar which was attached to a halo on his head. The weights would stretch his upper body so that his spine would go back to the right place.\n\nWhen Cristina applied the weights, Adam's father tried to encourage his son by yelling that he could take the pain, however, Adam became stressed and started moving his head, afraid of the danger to himself that he would inflict, Cristina insisted his father leave the room.\n\nAdam was brought into [[surgery]] and it went smoothly enough. When Lexie asked Dr. Shepherd if Adam would ever walk, he told her it wasn't impossible.\n\nLater, Cristina watched Stanley stroke his son's hair apologetically.\n\n==Relationships==\n===Familial===\nHis father is also his coach. As such, he often pushed Adam too hard.\n\n==Notes and Trivia==\n*Adam had been weight training since the age of eight.\n*Even after Adam and his father arrived to the ER, his father was still giving Adam a hard time for getting blocked.\n*The weights weighed twenty pounds.\n\n{{DEFAULTSORT:Singer, Adam}}\n[[Category:Characters]]\n[[Category:GA Characters]]\n[[Category:GA S4 Characters]]\n[[Category:Patients]]\n[[Category:Patients (Neuro)]]\n[[Category:Patients (ER)]]\n[[Category:Patients (Peds)]]\n[[Category:Patients (Trauma)]]"}]}}}}