{"batchcomplete": "", "warnings": {"main": {"*": "Subscribe to the mediawiki-api-announce mailing list at <https://lists.wikimedia.org/postorius/lists/mediawiki-api-announce.lists.wikimedia.org/> for notice of API deprecations and breaking changes."}, "revisions": {"*": "Because \"rvslots\" was not specified, a legacy format has been used for the output. This format is deprecated, and in the future the new format will always be used."}}, "query": {"pages": {"32343": {"pageid": 32343, "ns": 0, "title": "Adam", "revisions": [{"contentformat": "text/x-wiki", "contentmodel": "wikitext", "*": "{{Patient Infobox\n|image = 9x18Adam.png\n|name = Adam\n|status = Alive\n|only appearance = [[Idle Hands]]\n|seasons = '''[[Grey's Anatomy|GA]]:''' [[Season 9 (Grey's Anatomy)|9]]\n|portrayed by = [[Herbie Jackson]]\n}}\n'''Adam''' is one of the students of [[Madeleine Skurski]] who visited her in the hospital.\n\n==History==\nHe is in Ms. Skurski's math and science class. When Ms. Skurski became ill, [[Emma (Idle Hands)|Emma]], [[Lucas]], and Adam skipped their after-school study session to see her. They then returned with the rest of their class, which is when Ms. Skurski broke the news that she wouldn't be returning to school.\n\n==Relationships==\n===Professional===\nHe loves his teacher, Ms. Skurski. When Ms. Skurski got sick and Mr. Arnold replaced her, he came to the hospital to see Ms. Skurski.\n\n==Gallery==\n===Episode Stills===\n<gallery orientation=\"landscape\" position=\"center\" spacing=\"small\" bordersize=\"none\" hideaddbutton=\"true\">\n9x18-4.jpg\n</gallery>\n[[Category:Characters]]\n[[Category:GA Characters]]\n[[Category:GA S9 Characters]]"}]}}}}