{"batchcomplete": "", "warnings": {"main": {"*": "Subscribe to the mediawiki-api-announce mailing list at <https://lists.wikimedia.org/postorius/lists/mediawiki-api-announce.lists.wikimedia.org/> for notice of API deprecations and breaking changes."}, "revisions": {"*": "Because \"rvslots\" was not specified, a legacy format has been used for the output. This format is deprecated, and in the future the new format will always be used."}}, "query": {"pages": {"48068": {"pageid": 48068, "ns": 0, "title": "Adam Morris", "revisions": [{"contentformat": "text/x-wiki", "contentmodel": "wikitext", "*": "{{Patient Infobox\n|image = 305AdamMorris.png\n|name = Adam Morris\n|status = Alive\n|diagnosis = *Myocardial infarction\n*Aortic dissection\n|doctors = *[[Preston Burke]]\n*[[Richard Webber]]\n*[[Cristina Yang]]\n|treatment = Surgery\n|marital = [[Sonya Cowlman]] ''(ex-wife)''\n|children = [[Jennifer Morris]]\n|job = Real Estate Agent\n|only appearance = [[Oh, the Guilt]]\n|seasons = '''[[Grey's Anatomy|GA]]:''' [[Season 3 (Grey's Anatomy)|3]]\n|portrayed by = [[Arye Gross]]\n}}\n'''Adam Morris''' came into the hospital when his ex-wife got caught on his penis piercing while they were having sex.\n\n==History==\nAdam and his ex-wife, Sonya, were having a secret affair. While they were having sex, her IUD became caught on his new penis piercing and they became stuck together. They used x-ray imaging to see how they were hooked and they manually separated them. Just as they were separated, Adam had a heart attack and his aorta dissected.\n\nDespite not being fully back after his injury, Burke was called in to operate on Adam. The surgery went well and they were able to repair his dissection. His daughter was told that he was stable, but the next few days would be critical.\n\n==Relationships==\n===Romantic===\nHe and [[Sonya Cowlman]] were married for 19 years. They'd been divorced for five years, but kept running into each other at work events and having sex despite Sonya having remarried.\n\n===Familial===\nHe has a daughter with his ex-wife, [[Jennifer Morris]]. According to Sonya, he coddles her.\n\n==Career==\nHe sells real estate.\n\n==Notes and Trivia==\n*His right knee is bad.\n\n{{DEFAULTSORT:Morris, Adam}}\n[[Category:Characters]]\n[[Category:GA Characters]]\n[[Category:GA S3 Characters]]\n[[Category:Patients]]\n[[Category:Patients (Cardio)]]\n[[Category:Patients (ER)]]"}]}}}}