{"batchcomplete": "", "warnings": {"main": {"*": "Subscribe to the mediawiki-api-announce mailing list at <https://lists.wikimedia.org/postorius/lists/mediawiki-api-announce.lists.wikimedia.org/> for notice of API deprecations and breaking changes."}, "revisions": {"*": "Because \"rvslots\" was not specified, a legacy format has been used for the output. This format is deprecated, and in the future the new format will always be used."}}, "query": {"pages": {"2173": {"pageid": 2173, "ns": 0, "title": "Adele Webber", "revisions": [{"contentformat": "text/x-wiki", "contentmodel": "wikitext", "*": "{{Character Family Infobox\n|name = Adele Webber\n|image = 8x20-1.jpg\n|born = [[Timeline|1955]]\n|died = [[Timeline|2012]]; [[Seattle]], Washington\n|status = Deceased\n|title = R.N.\n|marital = [[Richard Webber]] ''(husband)''\n|children = Miscarried son ''(with [[Richard Webber|Richard]])''\n|siblings = [[Arlene Travis]]\n|parents = *Mother\n*Parent\n|other family = *[[Gail Webber]] \u2020 ''(mother-in-law)''\n*Father-in-law\n*Sister-in-law\n*[[Chris Webber]] ''(brother-in-law)''\n*[[Camille Travis]] ''(niece)''\n*Niece\n*[[Sabrina Webber]] \u2020 ''(niece)''\n|job = '''Former'''<br>\nNurse<br>\nNurse Mediator\n|workplace = '''Former'''<br>\n[[Seattle Grace Hospital]]\n|first appearance = [[Enough is Enough]]\n|last appearance = [[Things We Said Today]]\n|count = 22\n|seasons = '''[[Grey's Anatomy|GA]]:''' [[Season 2 (Grey's Anatomy)|2]], [[Season 3 (Grey's Anatomy)|3]], [[Season 4 (Grey's Anatomy)|4]], [[Season 5 (Grey's Anatomy)|5]], [[Season 6 (Grey's Anatomy)|6]], [[Season 7 (Grey's Anatomy)|7]], [[Season 8 (Grey's Anatomy)|8]], and [[Season 9 (Grey's Anatomy)|9]]\n|portrayed by = [[Loretta Devine]]\n}}\n{{Quote|Don't look at me like that. Like I'm damaged goods. I'm still me. I'm still here.|'''Adele Webber''' to '''[[Richard Webber]]'''}}\n\n'''Adele Webber''' was the wife of\u00a0[[Richard Webber]]. She had Alzheimer's and died of a heart attack after surgery.\u00a0\n\n==History==\n===Richard's Brain Surgery===\nAfter the surgery to remove Richard's brain tumor, Derek called Adele to inform her about it, as Richard hadn't told her himself. Derek did it because having someone at home with him was the only way he was allowing Richard to leave the hospital, and so Adele ditched her trip to the Virgin Island to take care of her husband. When she came to the hospital to visit him, Addison stopped by too. Adele told them that she knew they'd get back together, but Derek denied this, saying he and Addison were over. ''(\"[[Enough is Enough]]\")''\n\n===Richard's Anxiety Attack===\nWhen Richard was dealing with the bomb scare at the hospital, he had what looked like a heart attack, so his wife was called. She refused to let him get out of bed and go back to work. ''(\"[[As We Know It]]\")''\n\n===Camille's Cancer===\nAdele was chaperoning [[Camille Travis|Camille's]] prom when Camille passed out while having sex. Adele came into the ER with her, where Addison broke the news to her that Camille's ovarian cancer had returned. When Richard sent her friends away, Adele yelled at him, saying he needed to make it up to Camille and put their family ahead of the hospital. ''(\"[[Deterioration of the Fight or Flight Response]]\")''\n\n===Marital Problems===\nAdele made an appointment to see her husband, knowing that's the only way she'd get some time with him. She was very upset when he left during their meeting time to deal with a hospital issue. When he returned later, she said it was time for him to retire, to choose her over the hospital. She was upset when he wanted time to think about it, saying she didn't have any more time to give. ''(\"[[Time Has Come Today]]\")''\n\nRichard later decided he was going to step down. He told the board and came to Adele's with flowers. However, she said she'd told him months ago she didn't have any more time to give, and Richard realized she had begun\u00a0seeing someone else. She told him she was sorry, but wondered what he expected. ''(\"[[Great Expectations]]\")''\n\n===Pregnancy===\nAdele came into the ER after being in a minor car accident. While she was being examined, she confessed to Addison that she was pregnant. She had some spotting, so Addison wanted to keep her overnight for observation, but Adele later passed out in a bathroom with vaginal bleeding. ''(\"[[Testing 1-2-3]]\")''\n\nShe was taken to the ER, where Addison examined her. Addison told Richard that Adele might be having a miscarriage. When Adele woke up, Addison did an ultrasound and was able to find a fetal heartbeat, though it was slow. She gave her a transfusion and fluids in the hopes it would help. However, Adele was later rushed to the OR. Addison did what she could, but she was unable to save the pregnancy. ''(\"[[Didn't We Almost Have It All?]]\")''\n\nAfter her miscarriage, she still wouldn't allow Richard to move back in and wasn't returning his calls. ''(\"[[A Change is Gonna Come]]\")''\n\n===Camille's Decision to Die===\nAdele came into the ER with Camille, who was unable to breathe. When they found out that her cancer had spread, Camille said she wanted to die, but Adele and Arlene begged Richard to convince her to have more treatment. He planned to, but backed off when he saw how tired and worn down Camille was. Adele was upset, saying she'd already lost one baby and now was losing another. Richard told her that she couldn't use Camille to make up for the fact that they never had children. ''(\"[[The Heart of the Matter]]\")''\n\n===Date and Tell===\nWhen several of the nurses complained about [[Mark Sloan]], Adele was brought on as a nurse mediator and worked with [[Wayne Sheehan]] to develop a [[Date and Tell]] policy to protect the hospital from potential litigation. She'd taken the job so that she could feel important. ''(\"[[The Becoming]]\")''\n\n===Richard and Bailey's Fight===\nWhen Bailey decided to go into pediatric surgery, Richard became upset with her. As a result, Bailey called in Adele, who yelled at both of them. ''(\"[[I Will Follow You Into the Dark]]\")''\n\n===Richard's Alcoholism===\nAdele came into the hospital worried because Richard hadn't come home the night before and hadn't called. She thought something might have happened to him. When she saw the way Bailey interacted with Richard, she asked if they were having an affair. Bailey vehemently denied it, but Adele was still convinced he was having an affair with someone. ''(\"[[New History]]\")''\n\n===Alzheimer's===\nAdele came into the hospital with a broken wrist and was confused about the events that led up to her fall. Meredith ran a CT, suspecting a head injury. The CT was clean, so Meredith suggested that Adele might have Alzheimer's. Richard flatly rejected the idea and took Adele home. ''(\"[[Golden Hour]]\")''\n\nShortly after that, Adele came into the hospital after a second accident. She claimed she fell due to the shoes she was wearing, but Richard was concerned and asked Bailey to run tests to try to figure out the cause of her falls. Her tests showed nothing physically wrong with her, so Bailey told Richard he should get Derek to check Adele out. He then asked Derek to examine her. ''(\"[[Not Responsible]]\")''\n\nDerek ran some tests and diagnosed Adele with Alzheimer's. Richard begged Derek to include Adele in his Alzheimer's trial, though Derek said the trial and the waiting list were both full, plus they didn't even know if she fit the criteria for the trial. When [[Sonya Amin]] dropped out of the trial, Derek agreed to screen Adele for his trial. She scored one point too high to qualify, but still had Alzheimer's. ''(\"[[This is How We Do It]]\")''\n\nAfter seeing a post-it that had fallen off Richard's sweater that labelled him as Adele's husband, Meredith figured out that Adele's condition had quickly gotten worse. After a clinical trial patient died, they re-tested her and found that she met the criteria for the trial. After Meredith spoke with Adele and Adele mistook her for Ellis, Meredith realized how much worse she'd gotten. She joined the trial and had her surgery. After Richard told her that all he wanted was to be with Adele, Meredith went into the pharmacy where the packets were being kept and after finding out that Adele was designated to get the placebo, she switched the packet with another one so she'd get the active agent. ''(\"[[It's a Long Way Back]]\")''\n\nOn the day Richard performed his 10,000th surgery, Adele tried to walk to the hospital to find Richard. Their neighbor, [[Mrs. Vanderburg]], found her and drove her the rest of the way. Once at the hospital, she demanded to see Richard. April took her to the gallery so she could see him operate, where she saw Meredith operating with him and believed it was Ellis. When she started to yell, Meredith suggested that Richard use a happy memory to try grounding her, something that worked with Ellis. He started singing their wedding song, My Funny Valentine, to her and she sang along. He then took her home and put her to bed. ''(\"[[Hope for the Hopeless]]\")''\n\nOne morning, Richard woke up to find that Adele had started a fire in her confusion. He was burned trying to put the fire out. This incident made him realize Adele might need more care than he could give and they toured [[Roseridge Home for Extended Care]] together. She said that he had promised to buy her a house, confused about what they were doing there and he decided to take her home. When she later saw that she had gotten confused and thrown things at a nurse and then at Richard, she asked him if she had Alzheimer's. She then said that Roseridge seemed like a nice place and they agreed that she'd go there. ''(\"[[If Only You Were Lonely]]\")''\n\nAt the home, her condition continued to deteriorate and she developed a romantic relationship with [[Allan (Grey's Anatomy)|Allan]], another resident with dementia. When Richard found them in bed together, he asked that she be moved to another room. In the new room, she was upset and asked about Allan, unable to remember Richard, even after he sang My Funny Valentine to her. After realizing that his presence was doing more harm than good, Richard left and allowed Allan to take his seat. ''(\"[[The Girl with No Name]]\")''\n\n===Death===\nWhile Richard and Bailey were being driven to Bailey's wedding in a limo, Richard got a phone call from the hospital. They informed him that Adele was coming to the ER. Bailey then ordered the limo driver to take them to the hospital immediately. Right after her arrival, she started to take care of Adele. Richard wanted to do it at first, but he wasn't allowed because he was a family member. ''(\"[[Run, Baby, Run]]\")''\n\nBailey postponed her wedding, which led to Meredith coming back to the hospital to take over from Bailey. However, Bailey didn't want to leave Adele and they operated on her together. During surgery, they ran out of options, but Richard came with an idea that they used to successfully fix the aneurysm.\n\nAfter surgery, Adele woke up. Richard stayed with her and Meredith and Bailey returned to the wedding. However, when Richard eventually showed up at the wedding as well, Meredith knew something was wrong with Adele. Richard told her she died of a heart attack because the surgery was too much for her heart. ''(\"[[Things We Said Today]]\")''\n\n==Relationships==\n===Romantic===\n====[[Richard Webber]]====\nAdele married Richard Webber when she was 25. She always knew about his affair with [[Ellis Grey]] but didn't leave him as she loved him and knew he would eventually end it, but she had finally had enough when Richard put his other hospital patients above her dying niece.\n\nWhen Richard failed to return home on the night of the prom, she made an appointment to see him at the office, but was blown off because of another hospital emergency. It proved one too many, however, and she gave him an ultimatum: her or the hospital. Richard tried to avoid making the choice, but Adele was tired of his indecision, and left him.\n\nWhen Dr. Richard Webber quit his job as the Chief of Surgery, he returned to Adele to find out that she had moved on and appeared to be involved with another man. She is in the process of divorcing Richard when she is involved in a small car accident, and is hospitalized. She reveals to Addison that she is pregnant. After being released, she faints in a bathroom and is found by Richard. It is discovered that she is having complications with the pregnancy and will have to undergo surgery. Despite the fact that he believes that he is not the baby's father, Dr. Webber stays at his wife's side even when she tells him to leave her be. This support eventually brings them back together. After the surgery, Adele loses the baby and tells Richard that the baby was indeed his and that there was never any other man in her life.\n\nWhen Richard showed Adele that he was spending fewer hours at work and had even gotten himself an intern, they spent the night together. ''(\"[[The Becoming]]\")''\n\nHe later told Adele he wanted to come home and she said it was about time. ''(\"[[Freedom, Part 2]]\")''\n\nTheir relationship remained steady until Adele started to deteriorate due to Alzheimer's disease. It eventually led to her death when she developed a large aneurysm and then died of a heart attack after her surgery. ''(\"[[Things We Said Today]]\")''\n\n====[[Allan (Grey's Anatomy)|Allan]]====\nWhile Adele is in the Roseridge Home for Extended Care, she meets Allan, another man who also has Alzheimer's. Since she doesn't remember Richard, she falls in love with Allan and they begin a physical and emotional relationship. ''(\"[[The Girl with No Name]]\")''\n\n==Career==\nAdele used to be a nurse for thirty years at [[Seattle Grace Hospital]], where her husband [[Richard Webber|Richard]] worked. Some time after she retired, she was brought on as a nurse mediator and worked with [[Wayne Sheehan]] to develop a [[Date and Tell]] policy to protect the hospital from potential litigation.\n\n==Notes and Trivia==\n*She lost her virginity at the age of 18, but doesn't remember much about it.<ref>[[Deterioration of the Fight or Flight Response]], 2x26</ref>\n*She loved mystery book series.<ref>[[If Only You Were Lonely]], 8x16</ref>\n*She was married to Richard for 32 years.\n*She attended the wedding of a young [[Miranda Bailey]] and [[Tucker Jones]] with her husband, Richard. ''(\"[[I Was Made for Lovin' You]]\")'' Bailey was a \"child\" when she married Tucker, according to her husband, implying they married very young. ''(\"[[Run, Baby, Run]]\")'' Webber also got the couple a set of ramekins for the wedding. It is unknown how Adele or Webber knew Bailey or Tucker as a couple or one or the other as individuals prior to her internship.\n\n==Gallery==\n===Episodic===\n<gallery type=\"slideshow\" crop=\"true\" position=\"center\" hideaddbutton=\"true\">\n202AdeleWebber.png|[[Enough is Enough]]\n217AdeleWebber.png|[[As We Know It]]\n226AdeleWebber.png|[[Deterioration of the Fight or Flight Response]]\n301AdeleWebber.png|[[Time Has Come Today]]\n313AdeleWebber.png|[[Great Expectations]]\n324AdeleWebber.png|[[Testing 1-2-3]]\n325AdeleWebber.png|[[Didn't We Almost Have It All?]]\n404AdeleWebber.png|[[The Heart of the Matter]]\n414AdeleWebber.png|[[The Becoming]]\n417AdeleWebber.png|[[Freedom, Part 2]]\n517AdeleWebber.png|[[I Will Follow You Into the Dark]]\n6x09AdeleWebber.png|[[New History]]\n7x15AdeleWebber.png|[[Golden Hour]]\n716AdeleWebber.png|[[Not Responsible]]\n7x17AdeleWebber.png|[[This is How We Do It]]\n7x19AdeleWebber.png|[[It's a Long Way Back]]\n812AdeleWebber.png|[[Hope for the Hopeless]]\n813AdeleWebber.png|[[If/Then]]\n816AdeleWebber.png|[[If Only You Were Lonely]]\n820AdeleWebber.png|[[The Girl with No Name]]\n9x09AdeleWebber.png|[[Run, Baby, Run]]\n9x10AdeleWebber.png|[[Things We Said Today]]\n</gallery>\n\n===Episode Stills===\n<gallery orientation=\"landscape\" position=\"center\" bordersize=\"none\" spacing=\"small\" hideaddbutton=\"true\">\n202-4.jpg\n202-15.jpg\n202-16.jpg\n202-18.jpg\n2x27-10.jpg\n3x24-4.jpg\n3x24-5.jpg\n3x24-36.jpg\n3x24-37.jpg\n3x24-38.jpg\n3x25-3.jpg\n3x25-4.jpg\n3x25-5.jpg\n3x25-6.jpg\n3x25-7.jpg\n3x25-8.jpg\n4x04-1.jpg\n4x04-2.jpg\n4x04-7.jpg\n5x17-12.jpg\n5x17-14.jpg\n5x17-15.jpg\n5x17-18.jpg\n5x17-19.jpg\n7x16-6.png\n7x16-12.jpg\n7x16-15.png\n8x12-16.jpg\n8x16-3.png\n8x16-8.png\n8x16-11.png\n8x16-13.png\n8x20-1.jpg\n8x20-9.jpg\n8x20-11.jpg\n8x20-27.jpg\n9x10-19.jpg\n9x10-20.jpg\n9x10-34.jpg\n9x10-35.jpg\n</gallery>\n\n==Appearances==\n{{Adele Webber Appearances}}\n{{Scrollbox}}\n\n[[de:Adele Webber]]\n[[fr:Adele Webber]]\n[[es:Adele Webber]]\n\n{{DEFAULTSORT:Webber, Adele}}\n[[Category:Characters]]\n[[Category:GA Characters]]\n[[Category:GA S2 Characters]]\n[[Category:GA S3 Characters]]\n[[Category:GA S4 Characters]]\n[[Category:GA S5 Characters]]\n[[Category:GA S6 Characters]]\n[[Category:GA S7 Characters]]\n[[Category:GA S8 Characters]]\n[[Category:GA S9 Characters]]\n[[Category:Deceased Characters]]\n[[Category:Nurses]]\n[[Category:Patients]]\n[[Category:Patients (ER)]]\n[[Category:Patients (General)]]\n[[Category:Patients (MFM)]]\n[[Category:Patients (Neuro)]]\n[[Category:Patients (OB/GYN)]]\n[[Category:Patients (Ortho)]]\n[[Category:Patients (Plastics)]]\n[[Category:Patients (Psych)]]\n[[Category:Patients (Trauma)]]"}]}}}}