{"batchcomplete": "", "warnings": {"main": {"*": "Subscribe to the mediawiki-api-announce mailing list at <https://lists.wikimedia.org/postorius/lists/mediawiki-api-announce.lists.wikimedia.org/> for notice of API deprecations and breaking changes."}, "revisions": {"*": "Because \"rvslots\" was not specified, a legacy format has been used for the output. This format is deprecated, and in the future the new format will always be used."}}, "query": {"pages": {"49362": {"pageid": 49362, "ns": 0, "title": "Adriana Kay", "revisions": [{"contentformat": "text/x-wiki", "contentmodel": "wikitext", "*": "{{Patient Infobox\n|image = 7x10AdrianaKay.png\n|name = Adriana Kay\n|status = Alive\n|doctors = [[Jackson Avery]]\n|only appearance = [[Adrift and at Peace]]\n|seasons = '''[[Grey's Anatomy|GA]]:''' [[Season 7 (Grey's Anatomy)|7]]\n|portrayed by = [[Sarah Hunley]]\n}}\n'''Adriana Kay''' was one of the patients Jackson was testing his protocol on.\n\n==History==\nAdriana had had surgery three days prior and was receiving Jackson's post-op protocol in attempt to prevent a fistula from forming. He had her up and walking early.\n\n{{DEFAULTSORT:Kay, Adriana}}\n[[Category:Characters]]\n[[Category:GA Characters]]\n[[Category:GA S7 Characters]]\n[[Category:Patients]]\n[[Category:Patients (General)]]"}]}}}}