{"batchcomplete": "", "warnings": {"main": {"*": "Subscribe to the mediawiki-api-announce mailing list at <https://lists.wikimedia.org/postorius/lists/mediawiki-api-announce.lists.wikimedia.org/> for notice of API deprecations and breaking changes."}, "revisions": {"*": "Because \"rvslots\" was not specified, a legacy format has been used for the output. This format is deprecated, and in the future the new format will always be used."}}, "query": {"pages": {"47043": {"pageid": 47043, "ns": 0, "title": "Agnes", "revisions": [{"contentformat": "text/x-wiki", "contentmodel": "wikitext", "*": "{{Patient Infobox\n|image = 2x15-7.jpg\n|name = Agnes\n|status = Alive\n|only appearance = [[Break on Through]]\n|seasons = '''[[Grey's Anatomy|GA]]:''' [[Season 2 (Grey's Anatomy)|2]]\n|portrayed by = [[June Lockhart]]\n}}\n'''Agnes''' is one of the friends of [[Grace Bickham]].\n\n==History==\n[[Grace Bickham|Grace]], [[Eleanor]], [[Ruth (Break on Through)|Ruth]], and Agnes were all close friends. When Grace was dying, Eleanor, Ruth, and Agnes visited her in the hospital to sit with her. One day, they came in shocked that [[Meredith Grey]] had intubated her. Meredith had been unaware that Grace was on hospice care and had a DNR.\n\nThe three women stayed by Grace's bedside as they waited for [[Alice Bickham]], Grace's daughter, to arrive so she could confirm the DNR and they could remove the tube. When she arrived, they were offered the chance to say a last goodbye, but they said they'd all said goodbye already. They, along with Alice and her girlfriend, sat by Grace's bedside as they removed the tube and she breathed on her own for a few hours and then died.\n\n==Relationships==\n===Friendships===\nShe, Ruth, Eleanor, and Grace are very close friends. When Grace was dying, the other three were at her bedside.\n\n==Gallery==\n===Episode Stills===\n<gallery orientation=\"landscape\" position=\"center\" spacing=\"small\" bordersize=\"none\" hideaddbutton=\"true\">\n2x15-1.JPG\n2x15-7.jpg\n</gallery>\n[[Category:Characters]]\n[[Category:GA Characters]]\n[[Category:GA S2 Characters]]"}]}}}}