{"batchcomplete": "", "warnings": {"main": {"*": "Subscribe to the mediawiki-api-announce mailing list at <https://lists.wikimedia.org/postorius/lists/mediawiki-api-announce.lists.wikimedia.org/> for notice of API deprecations and breaking changes."}, "revisions": {"*": "Because \"rvslots\" was not specified, a legacy format has been used for the output. This format is deprecated, and in the future the new format will always be used."}}, "query": {"pages": {"74084": {"pageid": 74084, "ns": 0, "title": "Aimee", "revisions": [{"contentformat": "text/x-wiki", "contentmodel": "wikitext", "*": "{{Rescuee Infobox\n|image = S192x11Aimee.png\n|name = Aimee\n|status = Alive\n|parents = [[William]]\n|only appearance = [[Baby Boom]]\n|seasons = '''[[Station 19|S19]]:''' [[Season 2 (Station 19)|2]]\n|portrayed by = [[Audrey Lynn]]\n}}\n\n'''Aimee''' is a little girl who was rescued by Andy and Maya.\n\n==History==\nAimee was in a building that caught fire. She became trapped and Maya and Andy had to break through a wall before carrying her out and reunited her with her father.\n[[Category:Characters]]\n[[Category:S19 Characters]]\n[[Category:S19 S2 Characters]]\n[[Category:S19 Rescuees]]"}]}}}}