{"batchcomplete": "", "warnings": {"main": {"*": "Subscribe to the mediawiki-api-announce mailing list at <https://lists.wikimedia.org/postorius/lists/mediawiki-api-announce.lists.wikimedia.org/> for notice of API deprecations and breaking changes."}, "revisions": {"*": "Because \"rvslots\" was not specified, a legacy format has been used for the output. This format is deprecated, and in the future the new format will always be used."}}, "query": {"pages": {"32454": {"pageid": 32454, "ns": 0, "title": "Al Keller", "revisions": [{"contentformat": "text/x-wiki", "contentmodel": "wikitext", "*": "{{Patient Infobox\n|image = 9x21AlKeller.png\n|name = Al Keller\n|status = Alive\n|diagnosis = Nosebleed\n|doctors = [[Jackson Avery]]\n|siblings = *[[Tony Keller]]\n*[[Deedee Keller]]\n|other family = *[[Jane Keller]] ''(sister-in-law)''\n*[[Cash Keller]] ''(nephew)''\n*[[Frances Keller]] ''(niece)''\n|only appearance = [[Sleeping Monster]]\n|seasons = '''[[Grey's Anatomy|GA]]:''' [[Season 9 (Grey's Anatomy)|9]]\n|portrayed by = [[Mike Hagerty]]\n}}\n\n'''Al Keller''' is a member of the Keller family who came in when a few of its members were injured playing tug-o-war with a clothesline at a family reunion.\n\n==History==\nAt a Keller family reunion, Al suggested that they play tug-o-war. They used a clothesline to play. The tugging motion led to [[Cash Keller|Cash]], [[Deedee Keller|Deedee]], and [[Jane Keller|Jane]] losing fingers. [[Frances Keller]] was also injured in the game when her hand was crushed.\n\nThe family went together to the ER, where the fingers were matched with their rightful owners. All the fingers were successfully re-attached and Frances was expected to regain full use of her hand after physical therapy. However, when Al tried to say that that it was good that they had family, his brother, [[Tony Keller|Tony]], punched him in the face, giving Al a nosebleed and possibly breaking Tony's hand.\n\n==Relationships==\n===Romantic===\nHe says he almost got married a few times, but he screwed it up each time.\n\n===Familial===\nHe is very fond of his family. He's the one who planned the family reunion, saying it was becoming harder and harder each year to get the rest of them to come. To them, he's just annoying Uncle Al.\n\n{{DEFAULTSORT:Keller, Al}}\n[[Category:Characters]]\n[[Category:GA Characters]]\n[[Category:GA S9 Characters]]\n[[Category:Patients]]\n[[Category:Patients (ER)]]\n[[Category:Patients (Trauma)]]"}]}}}}