{"batchcomplete": "", "warnings": {"main": {"*": "Subscribe to the mediawiki-api-announce mailing list at <https://lists.wikimedia.org/postorius/lists/mediawiki-api-announce.lists.wikimedia.org/> for notice of API deprecations and breaking changes."}, "revisions": {"*": "Because \"rvslots\" was not specified, a legacy format has been used for the output. This format is deprecated, and in the future the new format will always be used."}}, "query": {"pages": {"7213": {"pageid": 7213, "ns": 0, "title": "Alana Cahill", "revisions": [{"contentformat": "text/x-wiki", "contentmodel": "wikitext", "*": "{{Attending Infobox\n|image = 9x15-25.jpg\n|name = Alana Cahill\n|status = Alive\n|alias = *Dr. Pantsuit\n*The Efficiency Fairy\n|title = M.D.\n|job = '''Current''' <br> Physician's Advisor <br> '''Former''' <br> Surgeon\n|workplace = '''Temporary'''<br>\n[[Seattle Grace Mercy West Hospital]]\n|first appearance = [[Walking on a Dream]]\n|last appearance = [[This is Why We Fight]]\n|count = 5\n|seasons = '''[[Grey's Anatomy|GA]]:''' [[Season 9 (Grey's Anatomy)|9]]\n|portrayed by = [[Constance Zimmer]]\n}}\n'''Alana Cahill'''\u00a0is a physician advisor who was brought in to help\u00a0[[Seattle Grace Mercy West Hospital]]\u00a0avoid bankruptcy, after it had to pay some of its doctors $15 million each.\n\n==History==\n===Arrival in Seattle===\nOn her first day at Seattle Grace Mercy West Hospital, Dr. Cahill arrived late at the hospital.\u00a0During a short staff meeting,\u00a0[[Owen Hunt]]\u00a0told his staff about her, saying she consults to maximize efficiency, streamline processes and assess where the hospital could trim its budgets.\u00a0\n\n[[File:ERWaiting.png|thumb|left|200px|Alana waiting in the ER bed.]]\nWhen Bailey said she'd only say \"who to fire, when to fire them\", Owen replied she would only advise and help.\n\nIt turned out Alana wasn't late at all, but she was actually up in the ER. She wanted to test how long it would take before someone took a look at her, and when April finally approached her, she told her she'd been 45 minutes in the ER bed. ''(\"[[Walking on a Dream]]\")''\n\n===Meeting the Staff===\n[[File:MeetingRichard.png|thumb|200px|Alana meeting Richard again.]]\nAfter she met up with Owen, he gave her a tour around the hospital. She met Derek, and told him she'd watch his surgery the next day. While informing Owen on the waiting time in the ER, they ran into Richard Webber. Alana was one his students. At first, Richard thought she came to the hospital looking to join the staff.\u00a0\n\nThey also ran into Arizona, who was trying to relax in one of the lounges. While entering the lounge, Alana told Owen she'd be looking at everything in the hospital. Alex informed her on a pediatric case, and she shared a conversation with him and Arizona. She told she'd watch her surgery the next day.\n\n[[File:ORObserving.png|thumb|left|200px|Alana watches Alex stabbing Arizona in her prosthetic foot.]]The next day, she was trying to fit in as many surgeries as possible in her schedule. Jo Wilson deliberately changed the hour of Derek's surgery on the OR board, so Cahill wouldn't be there.\n\nDuring Arizona's surgery, Alana talked to Owen about the Africa program. When Arizona started to suffer from phantom limb, Dr. Cahill questioned if Arizona even should be allowed in that OR. Too busy to help Arizona, Owen revealed that Derek's surgery had started hours ago, making her leave the gallery to go observe Derek. However, he threw her out of his OR and she walked back in right at the time Owen ordered Alex to stab Arizona's prosthetic with a scalpel. Alana then figured out why Arizona had been acting so strange the past days. ''(\"[[Walking on a Dream]]\")''\n\n===Making Cuts===\nDuring a staff meeting, Alana told the doctors she was impressed by what she had seen the past three days. She especially praised the Africa program, saying it was good publicity for the hospital and that she didn't feel like cutting it. However, she did say she would have to make cuts. She surprisingly proposed to close the ER, claiming it was hemorrhaging resources.\u00a0''(\"[[Walking on a Dream]]\"\u2019)''\n\nAlana had cameras placed all over the CCU. On the other side of the cameras is a remote physician., who is there to help reduce mistakes, improve patient care and maximize physician hours. She also made sure that the OR's were arranged with maximum efficiency, specifically for OR turnovers.\u00a0Alana also demanded that the doctors' average time between surgeries, 37 minutes, would be cut in half.\n\nShe also brought in a doctor to teach the general surgeons a new technique for a hernia repair, claiming it was needed to standardize OR procedures.[[File:ClosedER.png|thumb|200px|Owen closes the ER.]]\n\nShe wanted to replace the ER, which was open for one more day, with something she had yet to think about. She sent workmen to measure it up, but Owen sent them off because he didn't want them to be there while the ER was still open.\n\nTrying to save the ER, April and Derek created a whole plan to make budget cuts in every department. When they proudly presented it to Cahill, she said that the hospital couldn't be saved by making budgets cuts, but that it had to be bought. She revealed that she had to make the hospital presentable, and that the ER had to go.\u00a0''(\"[[Bad Blood]]\")''\n\n===Uprising from the Staff===\nAlana Cahill managed to find a buyer for the hospital, a group of businessmen named Pegasus. After modernizing the hospital with tablets, she gave them a tour around the hospital, exactly at the time when April brought in a trauma patient. In the empty ER, which was being turned into a hernia clinic, April and several other doctors gave the patient first aid care.[[File:BloodGround.png|thumb|200px|Alana notices blood on the ground in the ER.]]\n\nWhen Cahill and a few members of Pegasus were about to visit the ER, Derek managed to distract them long enough so the patient could be moved to an OR. While talking to the Pegasus members about the hernia clinic, Cahill noticed some blood on the floor. It didn't take her long to figure out that someone brought in a trauma patient. She left the Pegasus members with Derek, ordering him to continue the tour.\u00a0She found out that April, Meredith and Cristina were operating on the trauma patient. However, Meredith \"accidentally\" deleted the patient's file on the new tablets.\n\n[[File:DerekSpeech.png|thumb|left|200px|Alana telling Derek that Pegasus is the only option left for the hospital.]]Cahill then decided to interrogate every doctor involved, starting with the interns. Alex and Jackson then confessed, claiming it was the right thing to do. Owen let them go unpunished, much to Alana's surprise. She paged Shepherd, telling him she knew he helped the other doctors because it was his code that accessed the medication case on the fifth floor. Cahill then reveals that if the kid had died, it would've cost the hospital a lot of money and it would have made Pegasus back out. She revealed Pegasus to be the only option left, and said that if the staff continued to undermine her, the hospital wouldn't stay open.\u00a0\n\nDuring all this, Callie and Richard visited another hospital that was owned by Pegasus. What they saw there didn't please them, and what the doctors there told them didn't sound good at all. Callie then proposed to the doctors who were involved in the plane crash to buy the hospital themselves.\u00a0''(\"[[The Face of Change]]\")''\n\n===The Sale to Pegasus===\n[[File:DerekPoster.png|thumb|200px|The promo poster with Derek on it.]]\nLike in the other hospitals Pegasus owned, she chose a doctor to promote the hospital. Derek got appointed as face of the hospital, making brochures and giant posters with his face on them. Derek disliked them, but she refused to have them taken down because they served as promotional material for the hospital. The nurses didn't like all the changes, and they all threatened to quit. Cahill needed Owen to talk them out of it. He was successful in doing so.\n\nWhile Alana and Owen were dealing with the nurses, the last thing that had to be dealt with before the hospital could be sold, the group of doctors who were in the plane crash and Callie all come to the conclusion that they should buy the hospital themselves, as Pegasus wouldn't do any good to the hospital.[[File:YelledAt.png|thumb|left|200px|Alana gets yelled at by a hospital board member because Pegasus withdrew the offer.]] However, Pegasus moved up the sale to that night, leaving them with too little time to come up with a decent plan. Therefore, they saw only one option left to postpone the sale. During the meeting, Derek, Meredith, Callie, Arizona and Cristina resigned, completely changing the value of the hospital and making Pegasus back out.\n\nAlana was left startled and yelled at by one of the board members and Owen. She stammered she couldn't salvage the sale because there was no way she could replace these doctors and that she couldn't reposition or find new buyers. Owen told her she had to save the sale.\u00a0''(\"[[Hard Bargain]]\")''\n\nShe did manage to get Pegasus back in, but their counteroffer was to buy the hospital for parts, liquidating its assets and laying off its staff. Alana informed the hospital board, having them pull together an emergency meeting to discuss it. However, like\u00a0[[Roberta Thompson]]\u00a0told Alana, the hospital needed an offer, and this was the only one, leaving them with no other choice.\u00a0[[File:AnotherBuyer.png|thumb|200px|Owen tells Alana and the board that the group of doctors wants to buy the hospital.]]\n\nCristina told Owen about their plan to buy the hospital. During the emergency meeting, he walked in and told the board and Alana about the doctors' plan, convincing the hospital board to wait another day. Cahill tried to persuade the board not to wait, because then Pegasus would lose interest for good. However, the board listened to Owen and decided to let the doctors buy the hospital.\n\nWhen Julian Crest refused to invest in the hospital, the doctors' plan had failed and they couldn't buy the hospital. With no offer from Pegasus left, there was no hope for the hospital anymore. Everyone got ready for the hospital to close its doors. Alana thereby didn't manage to save the hospital, but\u00a0[[Catherine Fox|Catherine Avery]]\u00a0did by having the\u00a0[[Harper Avery]]\u00a0foundation invest in the hospital.\u00a0''(\"[[This is Why We Fight]]\")''\n\n==Career==\nDr. Cahill was a student of Richard Webber, and he described her as a great student and a gifted surgeon.\n\nHowever, during a surgery, Alana choked. She said that was the reason she left the OR to become a physician advisor. She told Owen she saved a dozen of hospitals before she came to Seattle.\n\nAt the end of her third day in the hospital, Richard said she was judging harshly, but Alana claimed that was part of her job. She also said that during her intern year, Richard said to her that medicine was constantly changing and that she had to be part of the change or get out. She then said that she was making changes, and that he should be proud of her.\n\nAlana said to Owen she was very good at her job. She proved this by making Pegasus interested again in buying the hospital, after they previously backed out because Derek, Meredith, Callie, Arizona, and Cristina all resigned.\n\n==Notes and Trivia==\n*She hums to herself while operating.\n\n==Gallery==\n===Episodic===\n<gallery type=\"slideshow\" position=\"center\" crop=\"true\" hideaddbutton=\"true\">\n9x12AlanaCahill.png|[[Walking on a Dream]]\n9x13AlanaCahill.png|[[Bad Blood]]\n9x14AlanaCahill.png|[[The Face of Change]]\n9x15AlanaCahill.png|[[Hard Bargain]]\n9x16AlanaCahill.png|[[This is Why We Fight]]\n</gallery>\n\n===Episode Stills===\n<gallery orientation=\"landscape\" position=\"center\" spacing=\"small\" bordersize=\"none\" hideaddbutton=\"true\">\n9x12-1.jpg\n9x12-4.jpg\n9x12-5.jpg\n9x12-6.jpg\n9x12-7.jpg\n9x12-8.jpg\n9x12-10.jpg\n9x12-11.jpg\n9x12-17.jpg\n9x12-18.jpg\n9x13-1.jpg\n9x13-2.jpg\n9x13-4.jpg\n9x13-6.jpg\n9x13-16.jpg\n9x13-17.jpg\n9x13-18.jpg\n9x13-19.jpg\n9x13-21.jpg\n9x13-25.jpg\n9x14-27.jpg\n9x15-1.jpg\n9x15-2.jpg\n9x15-13.jpg\n9x15-20.jpg\n9x15-21.jpg\n9x15-23.jpg\n9x15-24.jpg\n9x15-25.jpg\n</gallery>\n\n==Memorable Quotes==\n:'''Alana:'''\u00a0Well, I'll see you in the OR tomorrow.\n:'''[[Derek Shepherd|Derek]]:'''\u00a0Typically, you need to be invited.\n:'''Alana:'''\u00a0If things were running typically, I wouldn't be here, now would I?\n\n==Appearances==\n{{Alana Cahill Appearances}}\n[[de:Alana Cahill]]\n\n{{DEFAULTSORT:Cahill, Alana}}\n[[Category:Characters]]\n[[Category:GA Characters]]\n[[Category:GA S9 Characters]]\n[[Category:Doctors]]"}]}}}}