{"batchcomplete": "", "warnings": {"main": {"*": "Subscribe to the mediawiki-api-announce mailing list at <https://lists.wikimedia.org/postorius/lists/mediawiki-api-announce.lists.wikimedia.org/> for notice of API deprecations and breaking changes."}, "revisions": {"*": "Because \"rvslots\" was not specified, a legacy format has been used for the output. This format is deprecated, and in the future the new format will always be used."}}, "query": {"pages": {"50756": {"pageid": 50756, "ns": 0, "title": "Albert Longmuir", "revisions": [{"contentformat": "text/x-wiki", "contentmodel": "wikitext", "*": "{{Other Characters Infobox\n|image = PP321AlbertLongmuir.png\n|name = Albert Longmuir\n|title = J.D.\n|status = Alive\n|job = Judge\n|only appearance = [[War]]\n|seasons = '''[[Private Practice|PP]]:''' [[Season 3 (Private Practice)|3]]\n|portrayed by = [[John Cothran]]\n}}\n\n'''Albert Longmuir''' is the judge who presided over the case over custody of [[Lucas Wilder]].\n\n==History==\nHe heard the arguments in the case to determine custody of Lucas. After everyone testified, he ruled that Pete would retain full custody, with Violet getting supervised visitation.\n\n==Career==\nHe is a judge in [[Los Angeles]].\n\n==Gallery==\n===Episode Stills===\n<gallery orientation=\"landscape\" position=\"center\" spacing=\"small\" bordersize=\"none\" hideaddbutton=\"true\">\nPP3x21-2.jpg\nPP3x21-3.jpg\n</gallery>\n\n{{DEFAULTSORT:Longmuir, Albert}}\n[[Category:Characters]]\n[[Category:PP Characters]]\n[[Category:PP S3 Characters]]"}]}}}}