{"batchcomplete": "", "warnings": {"main": {"*": "Subscribe to the mediawiki-api-announce mailing list at <https://lists.wikimedia.org/postorius/lists/mediawiki-api-announce.lists.wikimedia.org/> for notice of API deprecations and breaking changes."}, "revisions": {"*": "Because \"rvslots\" was not specified, a legacy format has been used for the output. This format is deprecated, and in the future the new format will always be used."}}, "query": {"pages": {"50148": {"pageid": 50148, "ns": 0, "title": "Alberto Stevens", "revisions": [{"contentformat": "text/x-wiki", "contentmodel": "wikitext", "*": "{{Other Characters Infobox\n|image = PP220Judge.png\n|name = Alberto Stevens\n|title = J.D.\n|status = Alive\n|job = Judge\n|only appearance = [[Do the Right Thing]]\n|seasons = '''[[Private Practice|PP]]:''' [[Season 2 (Private Practice)|2]]\n|portrayed by = [[Rafael J. Nobl\u00e9]]\n}}\n'''Alberto Stevens''' is a judge who presided over the case of [[Harold Allen]].\n\n==History==\nWhen [[Harold Allen]] was sued for malpractice over the death of Martin Weiser, Alberto presided over the hearing.\n\n==Career==\nHe is a judge.\n\n==Notes and Trivia==\n*He was credited as Judge.\n\n{{DEFAULTSORT:Stevens, Alberto}}\n[[Category:Characters]]\n[[Category:PP Characters]]\n[[Category:PP S2 Characters]]"}]}}}}