{"batchcomplete": "", "warnings": {"main": {"*": "Subscribe to the mediawiki-api-announce mailing list at <https://lists.wikimedia.org/postorius/lists/mediawiki-api-announce.lists.wikimedia.org/> for notice of API deprecations and breaking changes."}, "revisions": {"*": "Because \"rvslots\" was not specified, a legacy format has been used for the output. This format is deprecated, and in the future the new format will always be used."}}, "query": {"pages": {"77293": {"pageid": 77293, "ns": 0, "title": "Alexis Stevens", "revisions": [{"contentformat": "text/x-wiki", "contentmodel": "wikitext", "*": "{{Character Family Infobox\n|image = 16x16AlexisStevens.png\n|name = Alexis Stevens\n|status = Alive\n|siblings = [[Eli Stevens]]\n|parents = *[[Alex Karev]]\n*[[Izzie Stevens]]\n|grandparents = *[[Helen Karev]]\n*[[James Evans]] \u2020\n*[[Robbie Stevens]]\n|other family = *[[Aaron Karev]] ''(uncle)''\n*[[Amber Karev]] ''(aunt)''\n*[[Nicky Evans]] ''(half-uncle)''\n|only appearance = [[Leave a Light On]]\n|seasons = '''[[Grey's Anatomy|GA]]:''' [[Season 16 (Grey's Anatomy)|16]]\n|portrayed by = [[Kennedy Bryan]]\n}}\n\n'''Alexis Stevens''' is the daughter of [[Alex Karev]] and [[Izzie Stevens]].\n\n==History==\nAlexis and her brother, Eli, were conceived in 2009, five years before their birth while their mother was undergoing treatment for cancer. They were frozen as embryos until years later when their mother decided to use them to get pregnant. It was successful and she gave birth to twins, whom she named Eli and Alexis. Five years later, while he was calling to get a letter on Meredith's behalf from her, Alex learned about them. After the hearing, he went to Kansas to meet them. After meeting them, he decided to stay and be a family with them and Izzie.\n\n==Relationships==\n===Familial===\nShe lives on a farm in Kansas with her parents and twin brother.\n\n==Notes and Trivia==\n*Due to the similarities of their names, she was most likely named after her father.\n*She was five years old when she met her father.\n*Alex describes her as stubborn.\n*She wants to be a doctor.\n*She has Izzie's eyes.\n*She and her brother play a game called Sleepover, where they swap beds all night until finally landing in their parents' bed around 4 AM.\n\n[[de:Alexis Stevens]]\n\n{{DEFAULTSORT:Stevens, Alexis}}\n[[Category:Characters]]\n[[Category:GA Characters]]\n[[Category:GA S16 Characters]]"}]}}}}