{"batchcomplete": "", "warnings": {"main": {"*": "Subscribe to the mediawiki-api-announce mailing list at <https://lists.wikimedia.org/postorius/lists/mediawiki-api-announce.lists.wikimedia.org/> for notice of API deprecations and breaking changes."}, "revisions": {"*": "Because \"rvslots\" was not specified, a legacy format has been used for the output. This format is deprecated, and in the future the new format will always be used."}}, "query": {"pages": {"50927": {"pageid": 50927, "ns": 0, "title": "Alex (Playing God)", "revisions": [{"contentformat": "text/x-wiki", "contentmodel": "wikitext", "*": "{{Patient Infobox\n|image = PP4x03Alex.png\n|name = Alex\n|status = Alive\n|only appearance = [[Playing God]]\n|seasons = '''[[Private Practice|PP]]:''' [[Season 4 (Private Practice)|4]]\n|portrayed by = [[Preston Flagg]]\n}}\n\n'''Alex''' is a gang member who brought his girlfriend to [[Dr. Gibson]] after she was shot.\n\n==History==\nAlex brought his girlfriend to Gibby's house after she was shot three times in the abdomen during a drive-by. He's in a gang and the bullets were meant for him. Gibby and Pete worked on her. However, when Pete figured out Gibby wouldn't be able to help her there, he called an ambulance, despite Alex pulling a gun on him.\n\n==Relationships==\n===Romantic===\nHe has a girlfriend who was shot three times in the abdomen during a drive-by.\n\n{{DISPLAYTITLE:Alex}}\n[[Category:Characters]]\n[[Category:PP Characters]]\n[[Category:PP S4 Characters]]"}]}}}}