{"batchcomplete": "", "warnings": {"main": {"*": "Subscribe to the mediawiki-api-announce mailing list at <https://lists.wikimedia.org/postorius/lists/mediawiki-api-announce.lists.wikimedia.org/> for notice of API deprecations and breaking changes."}, "revisions": {"*": "Because \"rvslots\" was not specified, a legacy format has been used for the output. This format is deprecated, and in the future the new format will always be used."}}, "query": {"pages": {"47042": {"pageid": 47042, "ns": 0, "title": "Alice Bickham", "revisions": [{"contentformat": "text/x-wiki", "contentmodel": "wikitext", "*": "{{Patient Infobox\n|image = 215AliceBickhamandAnne.png\n|name = Alice Bickham\n|status = Alive\n|parents = *[[Grace Bickham]] \u2020\n*Lenny Bickham \u2020\n|other family = *Rose \u2020 ''(aunt)''\n*Harriet \u2020 ''(aunt)''\n|only appearance = [[Break on Through]]\n|seasons = '''[[Grey's Anatomy|GA]]:''' [[Season 2 (Grey's Anatomy)|2]]\n|portrayed by = [[Pamela Roylance]]\n}}\n'''Alice Bickham''' is the daughter of [[Grace Bickham]].\n\n==History==\nWhen Alice's mother's paperwork was lost in the nurses' strike chaos, she was mistakenly intubated. Alice, as her mother's power of attorney, had to come out to Seattle in order to confirm the DNR so that they could remove the tube and allow her to die.\n\nAlice signed the paperwork and then took a moment to say goodbye to her mother before they removed the tube. They all stayed by her bedside as she died.\n\n==Relationships==\n===Romantic===\nShe is dating [[Anne (Break on Through)|Anne]]. Their relationship is serious enough that Anne came out to Seattle with her when her mother was dying.\n\n===Familial===\nAlice held power of attorney over her mother when she was dying. Her father had died some years before.\n\n==Gallery==\n===Episode Stills===\n<gallery orientation=\"landscape\" position=\"center\" spacing=\"small\" bordersize=\"none\" hideaddbutton=\"true\">\n2x15-3.JPG\n</gallery>\n\n{{DEFAULTSORT:Bickham, Alice}}\n[[Category:Characters]]\n[[Category:GA Characters]]\n[[Category:GA S2 Characters]]"}]}}}}