{"batchcomplete": "", "warnings": {"main": {"*": "Subscribe to the mediawiki-api-announce mailing list at <https://lists.wikimedia.org/postorius/lists/mediawiki-api-announce.lists.wikimedia.org/> for notice of API deprecations and breaking changes."}, "revisions": {"*": "Because \"rvslots\" was not specified, a legacy format has been used for the output. This format is deprecated, and in the future the new format will always be used."}}, "query": {"pages": {"33195": {"pageid": 33195, "ns": 0, "title": "Alice Moser", "revisions": [{"contentformat": "text/x-wiki", "contentmodel": "wikitext", "*": "{{Patient Infobox\n|image = 806Mrs.Moser.png\n|name = Alice Moser\n|status = Alive\n|marital = [[Gus Moser]] ''(husband)''\n|children = [[Tyler Moser]]\n|only appearance = [[Poker Face]]\n|seasons = '''[[Grey's Anatomy|GA]]:''' [[Season 8 (Grey's Anatomy)|8]]\n|portrayed by = [[Marilu Henner]]\n}}\n'''Alice Moser''' is the mother of [[Tyler Moser]].\n\n==History==\n===Tyler's Car Accident===\nAlice's son, Tyler, who already had cervical spondylosis, was in a car accident, which further injured his neck. He had four spinal fusions to try to relieve his symptoms, but they were only temporary solutions.\n\n===Callie's Plan===\nIn order to find a solution that would be permanent, Callie came up with a three-day, three-part surgery which would relieve Tyler's symptoms. The plan was for them to remove the old hardware, then take down the scar tissue, and then implant the new cage. After his first surgery, his nerve function was tested every 30 minutes to make sure there was no nerve damage.\n\nHe was taken back in the next day for his second surgery. However, Callie was forced to close early and reframe her plan. She was able to find an alternate way to operate and despite some complications in his third surgery, the procedure was successful.\n\n==Relationships==\n===Romantic===\nShe is married to [[Gus Moser]], though the two constantly fight. After his final surgery, their son, Tyler, told them to get a divorce because it was clear they hate each other.\n\n===Familial===\nShe has one son, Tyler. After Tyler injured his neck in a car accident, she and her husband took care of him while he healed.\n\n{{DEFAULTSORT:Moser, Alice}}\n[[Category:Characters]]\n[[Category:GA Characters]]\n[[Category:GA S8 Characters]]"}]}}}}