{"batchcomplete": "", "warnings": {"main": {"*": "Subscribe to the mediawiki-api-announce mailing list at <https://lists.wikimedia.org/postorius/lists/mediawiki-api-announce.lists.wikimedia.org/> for notice of API deprecations and breaking changes."}, "revisions": {"*": "Because \"rvslots\" was not specified, a legacy format has been used for the output. This format is deprecated, and in the future the new format will always be used."}}, "query": {"pages": {"49013": {"pageid": 49013, "ns": 0, "title": "Alicia Tatum", "revisions": [{"contentformat": "text/x-wiki", "contentmodel": "wikitext", "*": "{{Patient Infobox\n|image = 6x15-1.jpg\n|name = Alicia Tatum\n|status = Alive\n|diagnosis = *Acid reflux\n*Gallbladder stones\n*Pseudo-obstruction\n*Porphyria\n|doctors = *[[Richard Webber]]\n*[[Nicole Baylow]]\n*[[Miranda Bailey]]\n|treatment = *Gallstone removal\n*Appendectomy\n*NG Tube\n*Hemin\n|only appearance = [[The Time Warp]]\n|seasons = '''[[Grey's Anatomy|GA]]:''' [[Season 6 (Grey's Anatomy)|6]]\n|portrayed by = [[Rachel Nicks]]\n}}\n'''Alicia Tatum''' is a patient who had mysterious symptoms and was ultimately diagnosed with porphyria.\n\n==History==\nAlicia came into the hospital with a fever and pain three months after an oophorectomy. Her workup showed gallstones and wall thickening, so she had laparoscopic surgery to remove them. She was hoping that would relieve her pain, which was constant. During her surgery, they noted that high-fat diets can cause gallstones, but [[Miranda Bailey]] informed them that she was vegan. She'd started a vegan diet when she realized it helped with the acid reflux she'd had for most of her life.\n\nA month later, Alicia came back to the ER with symptoms consistent with appendicitis. However, when she opened Alicia's abdomen, she found a healthy appendix. Despite this, she removed it and closed. [[Nicole Baylow]] wrote her off as a drug seeker and wanted to get her a psych consult, but after [[Richard Webber]] questioned that treatment plan, she went by what Bailey had suggested and tested for lupus and other rare disorders. The tests were all negative, so Alicia was sent home again.\n\nAlicia came back to the hospital a few months later. Baylow thought she had an obstruction and wanted to take her in for surgery to take a closer look, but Bailey noticed that her urine was intermittently dark and had other symptoms consistent with porphyria. She only had a pseudo-obstruction. They started her on hemin for the porphyria, which improved her condition.\n\n==Relationships==\n===Romantic===\nShe had an ex-boyfriend who was a vegan chef. He broke up with her after her oophorectomy.\n\n==Notes and Trivia==\n*[[Miranda Bailey]] lectured about her case at Lecture Day.\n\n==Gallery==\n===Episode Stills===\n<gallery orientation=\"landscape\" position=\"center\" spacing=\"small\" bordersize=\"none\" hideaddbutton=\"true\">\n6x15-1.jpg\n6x15-10.jpg\n6x15-17.jpg\n</gallery>\n\n{{DEFAULTSORT:Tatum, Alicia}}\n[[Category:Characters]]\n[[Category:GA Characters]]\n[[Category:GA S6 Characters]]\n[[Category:Patients]]\n[[Category:Patients (General)]]\n[[Category:Patients (ER)]]\n[[Category:Patients (Psych)]]"}]}}}}