{"batchcomplete": "", "warnings": {"main": {"*": "Subscribe to the mediawiki-api-announce mailing list at <https://lists.wikimedia.org/postorius/lists/mediawiki-api-announce.lists.wikimedia.org/> for notice of API deprecations and breaking changes."}, "revisions": {"*": "Because \"rvslots\" was not specified, a legacy format has been used for the output. This format is deprecated, and in the future the new format will always be used."}}, "query": {"pages": {"83402": {"pageid": 83402, "ns": 0, "title": "Alicia Krause", "revisions": [{"contentformat": "text/x-wiki", "contentmodel": "wikitext", "*": "{{Attending Infobox\n|image = 18x02AliciaKrause.png\n|name = Alicia Krause\n|status = Alive\n|title = M.D., F.A.S.N.\n|job = [[Attending]] [[Nephrology|Nephrologist]]\n|workplace = [[Grey Sloan Memorial Hospital]]\n|only appearance = [[Some Kind of Tomorrow]]\n|seasons = '''[[Grey's Anatomy|GA]]:''' [[Season 18 (Grey's Anatomy)|18]]\n|portrayed by = [[Cyd Strittmatter]]\n}}\n\n'''Alicia Krause''' is a [[Nephrology|nephrologist]] at [[Grey Sloan Memorial Hospital]].\n\n==History==\nKrause was treating [[Rashida Flowers]] for kidney failure. When [[Winston Ndugu]], who was placing an access port so Rashida could receive dialysis, learned she wasn't on the transplant list, he went to Krause to ask about it and was told Rashida wasn't eligible as her eGFR was too high. After placing the port, Winston went back to Krause, explaining that he'd found patients with similar numbers to Rashida who were on the list because they were white and not subjected to a multiplier applied to all Black patients due to assumptions made about Black people. Krause said she would look into it. When Rashinda's port had to be removed shortly after insertion, Winston told Krause he wouldn't reinsert it and demanded that Rashida be placed on the transplant list. He was successful and she was placed on the list.\n\n==Career==\nShe is a [[Board Certification|board-certified]] attending [[Nephrology|nephrologist]] at [[Grey Sloan Memorial Hospital]]. During the pandemic, many of her patients put off seeing her, so when it ended, she was very busy seeing those patients.\n\nAs evidenced by the embroidery on her lab coat, she is a Fellow of the American Society of Nephrology.\n\n[[de:Alicia Krause]]\n{{DEFAULTSORT:Krause, Alicia}}\n[[Category:Characters]]\n[[Category:GA Characters]]\n[[Category:GA S18 Characters]]\n[[Category:Doctors]]"}]}}}}