{"batchcomplete": "", "warnings": {"main": {"*": "Subscribe to the mediawiki-api-announce mailing list at <https://lists.wikimedia.org/postorius/lists/mediawiki-api-announce.lists.wikimedia.org/> for notice of API deprecations and breaking changes."}, "revisions": {"*": "Because \"rvslots\" was not specified, a legacy format has been used for the output. This format is deprecated, and in the future the new format will always be used."}}, "query": {"pages": {"46418": {"pageid": 46418, "ns": 0, "title": "Alice Franklin", "revisions": [{"contentformat": "text/x-wiki", "contentmodel": "wikitext", "*": "{{Patient Infobox\n|image = 109AliceFranklin.png\n|name = Alice Franklin\n|status = Alive\n|parents = *[[Jordan Franklin]] \u2020\n*[[Rebecca Franklin]]\n|only appearance = [[Who's Zoomin' Who?]]\n|seasons = '''[[Grey's Anatomy|GA]]:''' [[Season 1 (Grey's Anatomy)|1]]\n|portrayed by = [[Lauren Bowles]]\n}}\n\n'''Alice Franklin''' is the daughter of [[Jordan Franklin]].\n\n==History==\nAlice's father, Jordan, came into the hospital with an enlarged abdomen. He was admitted for tests. He had fluid in his abdomen due to his liver disease that was pressing on his lung. The liver disease was caused by his frequent alcohol consumption. Izzie and Cristina did a paracentesis to drain the fluid. They were nervous about the procedure as neither of them had done one before, but they did it anyway. They drained a significant amount of fluid and then noticed that he had no pulse. They called a code, but they were unable to save him.\n\nWorried that they might have done something wrong, they did an autopsy even though they were unable to convince the family to ask for one. Bailey interrupted their autopsy, but by then, they'd discovered that his heart was enlarged. They took a sample of the grainy material inside his heart to run tests. They discovered hemochromatosis, which had caused his death and had made him sick for many years prior to then. They informed the family and mentioned that it was genetic and so his daughter, Alice, might have it. They family then agreed to sign the consent form for the autopsy.\n\n==Relationships==\n===Familial===\nShe is close with her mother, but resented her father heavily because she thought he was always sick because of the drinking. However, after his death, it was revealed that he had hemochromatosis, which caused his sickness.\n\n[[es:Alice Franklin]]\n\n{{DEFAULTSORT:Franklin, Alice}}\n[[Category:Characters]]\n[[Category:GA Characters]]\n[[Category:GA S1 Characters]]"}]}}}}