{"batchcomplete": "", "warnings": {"main": {"*": "Subscribe to the mediawiki-api-announce mailing list at <https://lists.wikimedia.org/postorius/lists/mediawiki-api-announce.lists.wikimedia.org/> for notice of API deprecations and breaking changes."}, "revisions": {"*": "Because \"rvslots\" was not specified, a legacy format has been used for the output. This format is deprecated, and in the future the new format will always be used."}}, "query": {"pages": {"48835": {"pageid": 48835, "ns": 0, "title": "Alice", "revisions": [{"contentformat": "text/x-wiki", "contentmodel": "wikitext", "*": "{{Patient Infobox\n|image = 12x08Alice.png\n|name = Alice\n|status = Alive\n|only appearance = [[Things We Lost in the Fire (Grey's Anatomy)|Things We Lost in the Fire]]\n|seasons = '''[[Grey's Anatomy|GA]]:''' [[Season 12 (Grey's Anatomy)|12]]\n|portrayed by = [[Alisha Soper]]\n}}\n'''Alice''' is the girlfriend of [[Charlotte]].\n\n==History==\nAlice came to the hospital when she learned that her girlfriend, Charlotte, had been burned in a wildfire, despite Charlotte having told her she was okay.\n\n==Relationships==\n===Romantic===\nShe is dating [[Charlotte]].\n[[Category:Characters]]\n[[Category:GA Characters]]\n[[Category:GA S12 Characters]]"}]}}}}