{"batchcomplete": "", "warnings": {"main": {"*": "Subscribe to the mediawiki-api-announce mailing list at <https://lists.wikimedia.org/postorius/lists/mediawiki-api-announce.lists.wikimedia.org/> for notice of API deprecations and breaking changes."}, "revisions": {"*": "Because \"rvslots\" was not specified, a legacy format has been used for the output. This format is deprecated, and in the future the new format will always be used."}}, "query": {"pages": {"73052": {"pageid": 73052, "ns": 0, "title": "Alicia Davis", "revisions": [{"contentformat": "text/x-wiki", "contentmodel": "wikitext", "*": "{{Patient Infobox\n|image = 15x20AliciaDavis.png\n|name = Alicia Davis\n|status = Alive\n|diagnosis = *Appendicitis\n*Menkel's diverticulum\n|doctors = *[[Richard Webber]]\n*[[Andrew DeLuca]]\n|treatment = *Laparascopic appendectomy\n*Ileocecectomy\n|only appearance = [[The Whole Package]]\n|seasons = '''[[Grey's Anatomy|GA]]:''' [[Season 15 (Grey's Anatomy)|15]]\n|portrayed by = [[Giuliana Carullo]]\n}}\n\n'''Alicia Davis''' is a patient who had an appendectomy that turned into an ileocecectomy.\n\n==History==\nAlicia came into the hospital with abdominal pain that became localized on her right lower quadrant. Richard diagnosed appendicitis and handed the case to Andrew. When Andrew went to explain the surgery to her, she flirted with him. He initially shut down her advances, but when reminded that his attitude could help put her at ease, he agreed to look at her instagram. During her surgery, he found dead bowel, so he converted to an open procedure. Once she was open, he saw Menkel's diverticulum, so Andrew did an ileocecectomy. It was successful.\n\n==Notes and Trivia==\n*She was 24 years old at the time of her appendectomy.\n*She does CrossFit.\n*She has nearly 1 million Instagram followers.\n\n{{DEFAULTSORT:Davis, Alicia}}\n[[Category:Characters]]\n[[Category:GA Characters]]\n[[Category:GA S15 Characters]]\n[[Category:Patients]]\n[[Category:Patients (General)]]"}]}}}}