{"batchcomplete": "", "warnings": {"main": {"*": "Subscribe to the mediawiki-api-announce mailing list at <https://lists.wikimedia.org/postorius/lists/mediawiki-api-announce.lists.wikimedia.org/> for notice of API deprecations and breaking changes."}, "revisions": {"*": "Because \"rvslots\" was not specified, a legacy format has been used for the output. This format is deprecated, and in the future the new format will always be used."}}, "query": {"pages": {"6133": {"pageid": 6133, "ns": 0, "title": "Alison Clark", "revisions": [{"contentformat": "text/x-wiki", "contentmodel": "wikitext", "*": "{{Patient Infobox\n|image = 5x23-30.jpg\n|name = Alison Clark\n|status = Deceased\n|diagnosis = Stage 4 Cancer\n|doctors = [[Rebecca Swender]]\n|treatment = IL-2\n|parents = *Mother\n*Father\n|only appearance = [[Here's to Future Days]]\n|seasons = '''[[Grey's Anatomy|GA]]:''' [[Season 5 (Grey's Anatomy)|5]]\n|portrayed by = [[Liza Weil]]\n}}'''Alison Clark''' was a friend of [[Izzie Stevens]].\n\n==History==\nShe was a cancer patient of [[Rebecca Swender|Dr. Swender]]. She was a college student and had been diagnosed with cancer two years prior. She'd had several surgeries and chemotherapy. Swender then started IL-2 and after two treatments, her mets were gone. However, while she was in the hospital, she coded and had to be rushed into surgery. They looked desperately for a bowel perforation, but didn't find anything. They resected a portion of her bowel, but were unable to finish the surgery because she was too unstable. She was unable to come off the ventilator after her surgery and her parents and boyfriend were told she wouldn't wake up.\n\n==Relationships==\n===Romantic===\nShe had a boyfriend who came to see her when she had her final surgery.\n\n===Familial===\nHer parents came to the hospital after her surgery. They were informed that she wouldn't wake up.\n\n===Friendships===\nWhile they were undergoing chemotherapy together, Alison became friends with [[Izzie Stevens]].\n\n==Notes and Trivia==\n*She was 22 at the time of her death.\n*She liked hummingbirds.\n*She hated surgery.\n*She rowed crew.\n*In [[Season 6 (Grey's Anatomy)|season six]], there was another character named [[Alison Clark (Sympathy for the Parents)|Alison Clark]], the wife of [[Gary Clark]].\n\n==Gallery==\n===Episode Stills===\n<gallery orientation=\"landscape\" position=\"center\" spacing=\"small\" bordersize=\"none\" hideaddbutton=\"true\">\n5x23-21.jpg\n5x23-30.jpg\n</gallery>\n\n{{DEFAULTSORT:Clark, Alison}}\n[[Category:Characters]]\n[[Category:GA Characters]]\n[[Category:GA S5 Characters]]\n[[Category:Deceased Characters]]\n[[Category:Patients]]\n[[Category:Patients (Oncology)]]"}]}}}}