{"batchcomplete": "", "warnings": {"main": {"*": "Subscribe to the mediawiki-api-announce mailing list at <https://lists.wikimedia.org/postorius/lists/mediawiki-api-announce.lists.wikimedia.org/> for notice of API deprecations and breaking changes."}, "revisions": {"*": "Because \"rvslots\" was not specified, a legacy format has been used for the output. This format is deprecated, and in the future the new format will always be used."}}, "query": {"pages": {"60932": {"pageid": 60932, "ns": 0, "title": "Alison Goodman", "revisions": [{"contentformat": "text/x-wiki", "contentmodel": "wikitext", "*": "{{Patient Infobox\n|image = 13x23AlisonGoodman.png\n|name = Alison Goodman\n|status = Alive\n|diagnosis = *Broken leg\n*Abdominal bleeding\n*Aortic injury\n|doctors = *[[April Kepner]]\n*[[Miranda Bailey]]\n*[[Maggie Pierce]]\n|treatment = *REBOA\n*Surgery\n|only appearance = [[True Colors (Grey's Anatomy)|True Colors]]\n|seasons = '''[[Grey's Anatomy|GA]]:''' [[Season 13 (Grey's Anatomy)|13]]\n|portrayed by = [[Bianca Collins]]\n}}\n\n'''Alison Goodman''' is a woman who came into the ER after driving her car over a cliff.\n\n==History==\nAlison was in her car when [[Keith]] got in and held her a knifepoint and forced her to drive into the woods. When he started to rape her, she hit the accelerator, sending them off the cliff, wanting to stop the assault even if it meant killing herself.\n\nAlison was taken to the ER, where she and Keith were both unconscious and mistaken for lovers. Alison's leg was broken and blood flow to her foot was cut off. When she woke up, she started coughing up blood, so they did REBOA to buy time and then took her to the OR. After surgery, she was stable and awake. She also asked if she'd killed Keith and told the doctors what had really happened out there. By then, Keith had disappeared with Stephanie and Bailey ordered constant monitoring of Alison for her protection.\n\n{{DEFAULTSORT:Goodman, Alison}}\n[[Category:Characters]]\n[[Category:GA Characters]]\n[[Category:GA S13 Characters]]\n[[Category:Patients]]\n[[Category:Patients (Cardio)]]\n[[Category:Patients (ER)]]\n[[Category:Patients (Trauma)]]"}]}}}}