{"batchcomplete": "", "warnings": {"main": {"*": "Subscribe to the mediawiki-api-announce mailing list at <https://lists.wikimedia.org/postorius/lists/mediawiki-api-announce.lists.wikimedia.org/> for notice of API deprecations and breaking changes."}, "revisions": {"*": "Because \"rvslots\" was not specified, a legacy format has been used for the output. This format is deprecated, and in the future the new format will always be used."}}, "query": {"pages": {"49062": {"pageid": 49062, "ns": 0, "title": "Alison Clark (Sympathy for the Parents)", "revisions": [{"contentformat": "text/x-wiki", "contentmodel": "wikitext", "*": "{{Patient Infobox\n|image = 6x19AllisonClark.png\n|name = Alison Clark\n|status = Deceased\n|diagnosis = *Anemia\n*Internal bleeding\n*Abdominal tumor\n*Acute hemorrhagic stroke\n*Temporal hemorrhage\n*Brain death\n|doctors = *[[Richard Webber]]\n*[[Derek Shepherd]]\n*[[Rebecca Swender]]\n*[[April Kepner]]\n*[[Lexie Grey]]\n|treatment = *Surgery\n*Mechanical ventilation\n|marital = [[Gary Clark]] \u2020 ''(husband)''\n|only appearance = [[Sympathy for the Parents]]\n|seasons = '''[[Grey's Anatomy|GA]]:''' [[Season 6 (Grey's Anatomy)|6]]\n|portrayed by = [[Caroline Williams]]\n}}\n\n'''Alison Clark''' is a woman who had a stroke after surgery to remove her cancer.\n\n==History==\n===Hospitalization and Death===\nWhile at the grocery store with her husband, Alison collapsed. She was anemic and they determined that she had internal bleeding coming from her tumor. [[Rebecca Swender]] had told them that Alison's cancer was back, but that they may be able to remove it. [[Richard Webber]] promised them he'd do everything he could. In surgery, Webber believed he could do a local resection. The surgery went well and her husband was told they got good margins and she'd be okay.\n\nHowever, when [[April Kepner]] went to wean her off the ventilator, she wasn't breathing on her own, so April had to restore previous vent settings. Richard suspected a stroke and had her run a CT and an EEG. She had a stroke and a large bleed. There was nothing they could do as she was already brain dead. Her husband was told that she'd never wake up. He wanted them to leave the ventilators on, but the advanced directive she'd signed three years before when she was first diagnosed with cancer specifically said she wanted no mechanical ventilation. They had a meeting where he tried to get them to keep the machines on, but the ethics committee reviewed the case and determined that her advanced directive stood, so they turned the machines off and Alison died.\n\n===Lawsuit===\nAfter her death, her husband filed a lawsuit against the hospital. ''(\"[[How Insensitive]]\")''\n\n==Relationships==\n===Romantic===\nShe and [[Gary Clark]] were married for 32 years before her death.\n\n[[de:Alison Clark]]\n\n{{DISPLAYTITLE:Alison Clark}}\n{{DEFAULTSORT:Clark, Alison}}\n[[Category:Characters]]\n[[Category:GA Characters]]\n[[Category:GA S6 Characters]]\n[[Category:Deceased Characters]]\n[[Category:Patients]]\n[[Category:Patients (Oncology)]]\n[[Category:Patients (General)]]\n[[Category:Patients (Neuro)]]"}]}}}}