{"batchcomplete": "", "warnings": {"main": {"*": "Subscribe to the mediawiki-api-announce mailing list at <https://lists.wikimedia.org/postorius/lists/mediawiki-api-announce.lists.wikimedia.org/> for notice of API deprecations and breaking changes."}, "revisions": {"*": "Because \"rvslots\" was not specified, a legacy format has been used for the output. This format is deprecated, and in the future the new format will always be used."}}, "query": {"pages": {"46739": {"pageid": 46739, "ns": 0, "title": "Aliyah Hamed", "revisions": [{"contentformat": "text/x-wiki", "contentmodel": "wikitext", "*": "{{Patient Infobox\n|image = 12x01AliyahHamed.png\n|name = Aliyah Hamed\n|status = Alive\n|diagnosis = *Wishbone tear\n*Broken pelvis\n*Internal bleeding\n|doctors = *[[Callie Torres]]\n*[[Meredith Grey]]\n*[[Owen Hunt]]\n*[[Amelia Shepherd]]\n*[[Tracy McConnell]]\n*[[Mitchell Spencer]]\n*[[Isaac Cross]]\n|treatment = *Exploratory laparotomy\n*Thoracotomy\n*Sternotomy \n|parents = *Mother \u2020\n*[[Dakhir Hamed]]\n|only appearance = [[Sledgehammer]]\n|seasons = '''[[Grey's Anatomy|GA]]:''' [[Season 12 (Grey's Anatomy)|12]]\n|portrayed by = [[Sade Benyaminov]]\n}}\n\n'''Aliyah Hamed''' is a patient who came in after being hit by a train in an attempted suicide.\n\n==History==\nAfter learning that her girlfriend, [[Jessica Tanner]], was going to be sent to a gay conversion camp after her mother learned about their relationship, Aliyah and Jessica attempted suicide by train together, wanting to be together dead or alive. They both survived the impact and were taken to [[Grey Sloan Memorial Hospital]]. Aliyah was disoriented and unable to give the doctors her name when she arrived. She was taken into a trauma room, where she asked for her mom before being intubated. Callie then noticed the heart drawn on her arm that matched the one on Jessica's and asked Jessica for her name, at which point Jessica confessed that they love each other.\n\nOne of Aliyah's legs was completely turned around as the impact had caused a wishbone tear. Callie turned her leg back around and said she'd stabilize the pelvis after they fixed her other injuries. They took her into surgery for an exploratory laparotomy. While they were working, the uncovered a pulmonary artery bleed. They paged cardio, but no one was available to respond quickly enough, so [[Tracy McConnell]], who was in the gallery on a tour, talked them through clamping the bleed. Aliyah survived the surgery and her father was informed that even though it was complicated, she'd be okay. He was later able to visit her and read her a letter from Jessica after she woke up.\n\n==Relationships==\n===Romantic===\nShe is dating [[Jessica Tanner]]. The two of them often passed elaborately folded notes. When Jessica's mother found out, she planned to send Jessica to a gay conversion camp and so Jessica and Aliyah planned a joint suicide. The attempt failed and they were both awake and stable after surgery.\n\n===Familial===\nAliyah was raised solely by her father from the age of 10, following the death of her mother, two years after they moved to Seattle. She didn't talk to him about dating Jessica and he was completely unaware that they were together. When he found out, he was accepting and after reading Jessica's letter to Aliyah, said he likes her already.\n\n==Notes and Trivia==\n*She and her family moved to the US when she was 8.\n*Her mother died when she was 10.\n\n[[de:Aliyah Hamed]]\n\n{{DEFAULTSORT:Hamed, Aliyah}}\n[[Category:Characters]]\n[[Category:GA Characters]]\n[[Category:GA S12 Characters]]\n[[Category:Patients]]\n[[Category:Patients (ER)]]\n[[Category:Patients (Cardio)]]\n[[Category:Patients (Trauma)]]\n[[Category:Patients (Ortho)]]\n[[Category:Patients (Peds)]]\n[[Category:Patients (General)]]"}]}}}}