{"batchcomplete": "", "warnings": {"main": {"*": "Subscribe to the mediawiki-api-announce mailing list at <https://lists.wikimedia.org/postorius/lists/mediawiki-api-announce.lists.wikimedia.org/> for notice of API deprecations and breaking changes."}, "revisions": {"*": "Because \"rvslots\" was not specified, a legacy format has been used for the output. This format is deprecated, and in the future the new format will always be used."}}, "query": {"pages": {"42885": {"pageid": 42885, "ns": 0, "title": "Allan", "revisions": [{"contentformat": "text/x-wiki", "contentmodel": "wikitext", "*": "{{Other Characters Infobox\n|image = PP105Allan.png\n|name = Allan\n|status = Alive\n|marital = [[Cami Davis]] ''(wife)''\n|parents = *Mother\n*Father\n|first appearance = '''[[Private Practice|PP]]:''' [[In Which We Meet Addison, a Nice Girl From Somewhere Else]] ''(voice)''\n|last appearance = '''[[Private Practice|PP]]:''' [[In Which Addison Finds a Showerhead]]\n|only appearance = '''[[Grey's Anatomy|GA]]:''' [[The Other Side of This Life, Part 1]]\n|seasons = *'''[[Grey's Anatomy|GA]]:''' [[Season 3 (Grey's Anatomy)|3]]\n*'''[[Private Practice|PP]]:''' [[Season 1 (Private Practice)|1]]\n|portrayed by = *[[D.W. Moffett]] ''([[Grey's Anatomy|GA]])''\n*[[Brett Cullen]] ''([[Private Practice|PP]])''\n}}\n\n'''Allan''' is the ex-boyfriend of [[Violet Turner]].\n\n==History==\n===Grocery Store===\nWhile grocery shopping at the same time as Violet, they noticed each other and spoke briefly. Allan then introduced Violet to [[Cami Davis]], his new wife. They'd been married for a few weeks. ''(\"[[The Other Side of This Life, Part 1]]\")''\n\n===Violet's Call===\nViolet called Allan but didn't say anything. Despite that, he knew it was her and told her to stop calling because he's married. ''(\"[[In Which We Meet Addison, a Nice Girl From Somewhere Else]]\")''\n\n===Visiting Violet===\nAllan visited Violet at the practice, claiming that he wanted to be friends because he missed their chats. They spent an evening in together that went well, but when they had coffee the next day, Violet learned that he and Cami were trying to have a baby. Upset, she left, saying he didn't get to walk away this time. ''(\"[[In Which Addison Finds a Showerhead]]\")''\n\n==Relationships==\n===Romantic===\n====[[Violet Turner]]====\nViolet and Allan were a couple for a while and then he left her. While they were together, he told Violet that marriage wasn't for him, but within five months of him leaving her, he had met and married Cami. ''(\"[[The Other Side of This Life, Part 2]]\")''\n\nThey went to Italy for their third anniversary and he took her to a village where they make custom bikes. He'd wanted once since he was a kid and saved for one, but had to spend his money to help his mom after his dad left. While they were together, Violet ordered him one of the bikes, which cost $6,000. After trying to figure out what to do with the bike, she took it to Allan, only to find out Cami had already bought him one after he told her the bike story. ''(\"[[In Which Sam Receives an Unexpected Visitor]]\")''\n\n====[[Cami Davis]]====\nHe is currently married to Cami Davis.\n\nDuring a visit with Violet, he told her they were trying to get pregnant. ''(\"[[In Which Addison Finds a Showerhead]]\")''\n\n===Familial===\nHis father left his mother, forcing him to use his savings to help his mom. ''(\"[[In Which Sam Receives an Unexpected Visitor]]\")''\n\n==Notes and Trivia==\n*He pees little bit every time he coughs.<ref>[[The Other Side of This Life, Part 2]], 3x23</ref>\n*He had a file of old emails from Violet.<ref>[[In Which Addison Finds a Showerhead]], 1x05 (PP)</ref>\n*He wears yellow ties.<ref>[[In Which Charlotte Goes Down the Rabbit Hole]], 1x06 (PP)</ref>\n\n==Gallery==\n===Appearances===\n<gallery type=\"slideshow\" position=\"center\" crop=\"true\" hideaddbutton=\"true\">\n322Allan.png|[[The Other Side of This Life, Part 1]]\nPP105Allan.png|[[In Which Addison Finds a Showerhead]]\n</gallery>\n\n===Episode Stills===\n<gallery orientation=\"landscape\" position=\"center\" spacing=\"small\" bordersize=\"none\" hideaddbutton=\"true\">\nPP1x05-5.jpg\nPP1x05-6.jpg\n</gallery>\n\n==Appearances==\n{{Allan Appearances}}\n\n{{Scrollbox}}\n\n[[Category:Characters]]\n[[Category:GA Characters]]\n[[Category:GA S3 Characters]]\n[[Category:PP Characters]]\n[[Category:PP S1 Characters]]"}]}}}}