{"batchcomplete": "", "warnings": {"main": {"*": "Subscribe to the mediawiki-api-announce mailing list at <https://lists.wikimedia.org/postorius/lists/mediawiki-api-announce.lists.wikimedia.org/> for notice of API deprecations and breaking changes."}, "revisions": {"*": "Because \"rvslots\" was not specified, a legacy format has been used for the output. This format is deprecated, and in the future the new format will always be used."}}, "query": {"pages": {"34316": {"pageid": 34316, "ns": 0, "title": "Allan (Grey's Anatomy)", "revisions": [{"contentformat": "text/x-wiki", "contentmodel": "wikitext", "*": "{{Patient Infobox\n|image = 8x20-20.jpg\n|name = Allan\n|status = Alive\n|diagnosis = Alzheimer's Disease\n|treatment = Residential care\n|only appearance = [[The Girl with No Name]]\n|seasons = '''[[Grey's Anatomy|GA]]:''' [[Season 8 (Grey's Anatomy)|8]]\n|portrayed by = [[Vincent Angelo]]\n}}\n'''Allan''' is a resident of [[Roseridge Home for Extended Care]] who developed a relationship with Adele Webber.\n\n==History==\nAllan and Adele began a relationship while they were both in a residential home after being diagnosed with Alzheimer's Disease. Allan's case was stated to be even more advanced than Adele's.\n\n[[Richard Webber|Richard]] was upset at learned that Adele and Allan were having sex and demanded that Adele be moved to a different room, away from Allan. However, Adele became confused and sad and asked where Allan was, leading Richard to conclude that it was better for her to be allowed to enjoy her relationship with Allan.\n\n==Relationships==\n===Romantic===\nWhile they were both residents at [[Roseridge Home for Extended Care]], he developed a romantic and sexual relationship with [[Adele Webber]].\n\n==Notes and Trivia==\n*Allan is the only known resident of Roseridge not to be related to a main character.\n\n{{DISPLAYTITLE:Allan}}\n[[Category:Characters]]\n[[Category:GA Characters]]\n[[Category:GA S8 Characters]]\n[[Category:Patients]]"}]}}}}