{"batchcomplete": "", "warnings": {"main": {"*": "Subscribe to the mediawiki-api-announce mailing list at <https://lists.wikimedia.org/postorius/lists/mediawiki-api-announce.lists.wikimedia.org/> for notice of API deprecations and breaking changes."}, "revisions": {"*": "Because \"rvslots\" was not specified, a legacy format has been used for the output. This format is deprecated, and in the future the new format will always be used."}}, "query": {"pages": {"34154": {"pageid": 34154, "ns": 0, "title": "Allegra Hunt", "revisions": [{"contentformat": "text/x-wiki", "contentmodel": "wikitext", "*": "{{If/Then Character}}\n{{Character Family Infobox\n|image = 813Allegra.png\n|name = Allegra Hunt\n|status = Alive\n|siblings = *Angus Hunt\n*Gavin Hunt\n|parents = *[[Callie Torres]]\n*[[Owen Hunt]]\n|grandparents = *[[Evelyn Hunt]]\n*Grandfather \u2020\n*[[Carlos Torres]]\n*[[Lucia Torres]]\n|other family = *[[Megan Hunt]] ''(aunt)''\n*[[Aria Torres]] ''(aunt)''\n|only appearance = [[If/Then]]\n|seasons = '''[[Grey's Anatomy|GA]]:''' [[Season 8 (Grey's Anatomy)|8]]\n|portrayed by = [[Kayla Madison]]\n}}\n'''Allegra Hunt''' is the daughter of [[Callie Torres]] and [[Owen Hunt]].\n\n==History==\nDue to a staff meeting scheduled before the opening of the day care, Callie was forced to bring Allegra, plus her two brothers, to the meeting with her. She waited outside playing a video game while the meeting was going on and then Owen took all three of them to day care.\n\nAt the end of the day, she went home with her parents and her brothers.\n\n==Relationships==\n===Familial===\nAllegra's parents are both surgeons. She has two younger brothers, Gavin and Angus.\n\n==Gallery==\n===Episode Stills===\n<gallery orientation=\"landscape\" position=\"center\" spacing=\"small\" bordersize=\"none\" hideaddbutton=\"true\">\n8x13-9.png\n8x13-30.jpg\n</gallery>\n\n{{DEFAULTSORT:Hunt, Allegra}}\n[[Category:Characters]]\n[[Category:GA Characters]]\n[[Category:GA S8 Characters]]"}]}}}}