{"batchcomplete": "", "warnings": {"main": {"*": "Subscribe to the mediawiki-api-announce mailing list at <https://lists.wikimedia.org/postorius/lists/mediawiki-api-announce.lists.wikimedia.org/> for notice of API deprecations and breaking changes."}, "revisions": {"*": "Because \"rvslots\" was not specified, a legacy format has been used for the output. This format is deprecated, and in the future the new format will always be used."}}, "query": {"pages": {"73599": {"pageid": 73599, "ns": 0, "title": "Allison Hunt", "revisions": [{"contentformat": "text/x-wiki", "contentmodel": "wikitext", "*": "{{Character Family Infobox\n|image = 17x09-39.jpg\n|name = Allison Hunt\n|born = \n|status = Alive\n|siblings = [[Leo Hunt]]\n|parents = *[[Teddy Altman]]\n*[[Owen Hunt]]\n|grandparents = *[[Evelyn Hunt]]\n*Grandmother \u2020\n*Grandfather \u2020\n*Grandfather \u2020\n|other family = *[[Megan Hunt]] ''(aunt)''\n*[[Farouk Shami Hunt]] ''(cousin)''\n|first appearance = [[Jump Into the Fog]]\n|count = 15\n|seasons = '''[[Grey's Anatomy|GA]]:''' [[Season 15 (Grey's Anatomy)|15]], [[Season 16 (Grey's Anatomy)|16]], [[Season 17 (Grey's Anatomy)|17]], [[Season 18 (Grey's Anatomy)|18]], and [[Season 19 (Grey's Anatomy)|19]]\n|portrayed by = [[River Davidson]]\n}}\n\n'''Allison Hunt''' is the daughter of [[Owen Hunt]] and [[Teddy Altman]].\n\n==History==\n===Conception===\nAllison was conceived when her father came to Germany to be with her mother. However, after they slept together, her parents fought and her father returned to the United States. ''(\"[[One Day Like This]]\")'' When Teddy found out she was pregnant, she came to the United States to tell Owen. ''(\"[[All of Me]]\")''\n\n===Birth===\nTeddy went to Owen's place to profess her love for him, but found [[Amelia Shepherd]] and Leo there alone instead. While she was there, her water broke. ''(\"[[Drawn to the Blood]]\")'' Shortly afterward, her labor started. Amelia timed her contractions and then started to drive Teddy to the hospital in her car. When they were stopped because the freeway was closed due to a crash, Amelia found a police officer to take them to the hospital. At the hospital, Teddy was joined by Owen as she labored and gave birth. When the baby was born, both Teddy and Owen decided to name her Allison. ''(\"[[Jump Into the Fog]]\")''\n\n===Teddy's PTSD===\nWhen Teddy struggled in the aftermath of Andrew's death, Owen brought her home, along with Allison. Allison struggled with this, asking for her mom and not understanding why Teddy wasn't coming. At the end of the day, when Allison cried, Teddy got out of bed and held her. ''(\"[[In My Life]]\")''\n\n===Play Date===\nZola, Bailey, Ellis, Leo, Allison, and Scout all had a play date together with Teddy and Amelia supervising. They spent most of the day outside, playing on their play set. At the end of the day, Owen came over and told Zola that they'd taken Meredith off the ventilator and she was breathing on her own. Zola happily spread the information to the other kids. ''(\"[[Breathe]]\")''\n\n===Christmas===\nMeredith, Amelia, Link, Owen, and Teddy spent Christmas together with all their children. At this celebration, Owen proposed to Teddy for the second time and she accepted. ''(\"[[Someone Saved My Life Tonight]]\")''\n\n===Teddy and Owen's Wedding===\nAllison came to the park with Teddy and Owen on the day they were meant to get married. The wedding was interrupted by a bicycle accident, but they later got married at [[Emerald City Bar]]. ''(\"[[Here Comes the Sun]]\")''\n\n===Leaving Seattle===\nWhen [[John (Out for Blood)|John]] reported Owen for stealing drugs from the hospital to euthanize terminally ill soldiers, the whole family was force to flee Seattle suddenly. ''(\"[[You Are the Blood]]\")''\n\n==Relationships==\n===Familial===\nAllison has a brother named Leo Hunt and a cousin named Farouk Shami Hunt.\n\n==Notes and Trivia==\n*She is named after [[Allison Robin Brown]], her mother's girlfriend, who died on 9/11.\n*Her mother dressed her up as a zombie for Halloween.<ref>[[Whistlin' Past the Graveyard]], 15x06</ref>\n\n==Gallery==\n===Episodic===\n<gallery type=\"slideshow\" crop=\"true\" position=\"center\" hideaddbutton=\"true\">\n15x25AllisonHunt.png|[[Jump Into the Fog]]\n16x01AllisonHunt.png|[[Nothing Left to Cling To]]\n16x03AllisonHunt.png|[[Reunited]]\n16x06AllisonHunt.png|[[Whistlin' Past the Graveyard]]\n16x07AllisonHunt.png|[[Papa Don't Preach]]\n17x09AllisonHunt.png|[[In My Life]]\n17x10AllisonHunt.png|[[Breathe]]\n17x17AllisonHunt.png|[[Someone Saved My Life Tonight]]\n18x01AllisonHunt.png|[[Here Comes the Sun]]\n18x02AllisonHunt.png|[[Some Kind of Tomorrow]]\n18x20AllisonHunt.png|[[You Are the Blood]]\n19x06AllisonHunt.png|[[Thunderstruck]]\n</gallery>\n\n===Episode Stills===\n<gallery orientation=\"landscape\" position=\"center\" spacing=\"small\" bordersize=\"none\" hideaddbutton=\"true\">\n15x25-38.jpg\n15x25-40.jpg\n15x25-42.jpg\n15x25-43.jpg\n15x25-44.jpg\n16x01-9.jpg\n16x01-15.jpg\n16x01-25.jpg\n16x01-26.jpg\n16x01-27.jpg\n16x01-28.jpg\n16x01-29.jpg\n16x01-30.jpg\n17x09-37.jpg\n17x09-38.jpg\n17x09-39.jpg\n17x10-38.jpg\n17x10-39.jpg\n18x01-4.jpg\n18x02-19.jpg\n</gallery>\n\n==Appearances==\n{{Allison Hunt Appearances}}\n\n[[de:Allison Hunt]]\n\n{{Scrollbox}}\n\n{{DEFAULTSORT:Hunt, Allison}}\n[[Category:Characters]]\n[[Category:GA Characters]]\n[[Category:GA S15 Characters]]\n[[Category:GA S16 Characters]]\n[[Category:GA S17 Characters]]\n[[Category:GA S18 Characters]]\n[[Category:GA S19 Characters]]"}]}}}}