{"batchcomplete": "", "warnings": {"main": {"*": "Subscribe to the mediawiki-api-announce mailing list at <https://lists.wikimedia.org/postorius/lists/mediawiki-api-announce.lists.wikimedia.org/> for notice of API deprecations and breaking changes."}, "revisions": {"*": "Because \"rvslots\" was not specified, a legacy format has been used for the output. This format is deprecated, and in the future the new format will always be used."}}, "query": {"pages": {"78007": {"pageid": 78007, "ns": 0, "title": "Allison Robin Brown", "revisions": [{"contentformat": "text/x-wiki", "contentmodel": "wikitext", "*": "{{Other Characters Infobox\n|image = 16x19AllisonRobinBrown.png\n|name = Allison Robin Brown\n|died = September 11, 2001; New York City, New York\n|status = Deceased\n|workplace = World Trade Center\n|first appearance = [[Love of My Life]]\n|last appearance = [[In My Life]]\n|count = 2\n|seasons = '''[[Grey's Anatomy|GA]]:''' [[Season 16 (Grey's Anatomy)|16]] and [[Season 17 (Grey's Anatomy)|17]]\n|portrayed by = [[Sherri Saum]]\n}}\n\n'''Allison Robin Brown''' was [[Teddy Altman|Teddy Altman's]] best friend and girlfriend who died on 9/11.\n\n==History==\n===Life with Teddy and Death===\nWhen Teddy's mother died suddenly less than a year after her father had died, Allison encouraged her to go through her mom's things to keep some stuff before it was all thrown away or sold. When Teddy struggled to do this, Allison asked Teddy for the key to do it herself, because she knew someday Teddy would want the memories that she was too numb to process at the time. It was during this conversation that Teddy kissed Allison for the first time. ''(\"[[In My Life]]\")''\n\nAllison continued living together in an apartment in New York with Teddy and her girlfriend, [[Claire (Love of My Life)|Claire]], while they had an affair. This affair continued until September 11, 2001, when Allison was killed in the South Tower of the World Trade Center. On that day, the last person she tried to call was Teddy, at 8:57 AM. ''(\"[[Love of My Life]]\")''\n\n===Teddy's Dream===\nIn the aftermath of [[Andrew DeLuca|Andrew DeLuca's]] death, Teddy spent a day in bed, dreaming of many things, including how the day could have gone if she'd chosen to call in sick and have pancakes with Allison on September 11, 2001. In the dream, she was still unable to prevent Allison from dying. ''(\"[[In My Life]]\")''\n\n==Relationships==\n===Romantic===\n====[[Claire (Love of My Life)|Claire]]====\nShe dated Claire until her death. After she died, Claire learned that Allison had been cheating on her with Teddy, something she'd suspected for months. ''(\"[[Love of My Life]]\")''\n\n====[[Teddy Altman]]====\nDespite being in a relationship with Claire, Allison started seeing Teddy after they met when Allison nearly hit her with her bike. This affair continued until Allison's death. ''(\"[[Love of My Life]]\")''\n\n==Career==\nShe worked in the South Tower of the World Trade Center. ''(\"[[Love of My Life]]\")''\n\n==Notes and Trivia==\n*She loved birds.<ref>[[New History]], 6x09</ref>\n*She liked having breakfast at Windows on the World, a restaurant on the 106<sup>th</sup> and 107<sup>th</sup> floors of the North Tower of the original World Trade Center complex.<ref>[[Love of My Life]], 16x19</ref>\n*[[Allison Hunt]] is named after her.\n*Her name is similar to [[Allison Liddi-Brown|Allison Liddi-Brown's]], the director of the episode in which she first appears.\n\n==Gallery==\n===Episodic===\n<gallery type=\"slideshow\" crop=\"true\" position=\"center\" hideaddbutton=\"true\">\n16x19AllisonRobinBrown.png|[[Love of My Life]]\n17x09AllisonRobinBrown.png|[[In My Life]]\n</gallery>\n\n===Episode Stills===\n<gallery orientation=\"landscape\" position=\"center\" spacing=\"small\" bordersize=\"none\" hideaddbutton=\"true\">\n16x19-40.jpg\n16x19-41.jpg\n16x19-42.jpg\n16x19-45.jpg\n16x19-46.jpg\n16x19-47.jpg\n16x19-48.jpg\n17x09-36.jpg\n</gallery>\n\n==Appearances==\n{{Template:Allison Robin Brown Appearances}}\n\n{{Scrollbox}}\n\n{{DEFAULTSORT:Brown, Allison Robin}}\n[[Category:Characters]]\n[[Category:GA Characters]]\n[[Category:GA S16 Characters]]\n[[Category:GA S17 Characters]]\n[[Category:Deceased Characters]]"}]}}}}