{"batchcomplete": "", "warnings": {"main": {"*": "Subscribe to the mediawiki-api-announce mailing list at <https://lists.wikimedia.org/postorius/lists/mediawiki-api-announce.lists.wikimedia.org/> for notice of API deprecations and breaking changes."}, "revisions": {"*": "Because \"rvslots\" was not specified, a legacy format has been used for the output. This format is deprecated, and in the future the new format will always be used."}}, "query": {"pages": {"49402": {"pageid": 49402, "ns": 0, "title": "Allison Cobb", "revisions": [{"contentformat": "text/x-wiki", "contentmodel": "wikitext", "*": "{{Patient Infobox\n|image = 7x13-12.jpg\n|name = Allison Cobb\n|status = Alive\n|marital = [[Daniel Cobb]] ''(husband)''\n|only appearance = [[Don't Deceive Me (Please Don't Go)]]\n|seasons = '''[[Grey's Anatomy|GA]]:''' [[Season 7 (Grey's Anatomy)|7]]\n|portrayed by = [[L. Scott Caldwell]]\n}}'''Allison Cobb''' is the wife of [[Daniel Cobb]].\n\n==History==\nAllison came to the hospital with her husband, Daniel, was in Derek's NGF surgical trial. She was hopeful that the drug would reverse his condition entirely, as she'd read that there had been reversal when the drug was used in rats and monkeys.\n\nWhile waiting for his surgery, Daniel became confused and kept asking for his wife, [[Victoria]]. [[Meredith Grey|Meredith]] asked Allison who Victoria was and she told her that Victoria was a woman who lived in the same nursing home as Daniel. They'd met the previous year there and despite both of them being married, they fell in love.\n\nBefore Daniel's surgery, Allison begged Alex just to give Daniel the drug because she needed her husband. Alex said he couldn't because even he didn't know ahead of time. Daniel was designated to receive the placebo, which was injected in his surgery.\n\nAfter surgery, he was awake and asked again for Victoria. His wife was upset, so Alex told her just to be patient, to be whatever he needed, even if that didn't mean being his wife. She then told Daniel she'd go get Victoria for him.\n\n==Relationships==\n===Romantic===\nShe is married to [[Daniel Cobb]]. They met when they were at college together when he saw her in the student union and followed her to her French poetry class in a snowstorm. He sat through her class for five months, trying to get up the nerve to talk to her. Forty years later, they were still together despite Daniel falling in love with another woman after he was diagnosed with Alzheimer's.\n\n==Notes and Trivia==\n*She and [[Ben]] bonded over being the left-behind spouses.\n\n{{DEFAULTSORT:Cobb, Allison}}\n[[Category:Characters]]\n[[Category:GA Characters]]\n[[Category:GA S7 Characters]]"}]}}}}