{"batchcomplete": "", "warnings": {"main": {"*": "Subscribe to the mediawiki-api-announce mailing list at <https://lists.wikimedia.org/postorius/lists/mediawiki-api-announce.lists.wikimedia.org/> for notice of API deprecations and breaking changes."}, "revisions": {"*": "Because \"rvslots\" was not specified, a legacy format has been used for the output. This format is deprecated, and in the future the new format will always be used."}}, "query": {"pages": {"68558": {"pageid": 68558, "ns": 0, "title": "Allison (Let It Burn)", "revisions": [{"contentformat": "text/x-wiki", "contentmodel": "wikitext", "*": "{{Rescuee Infobox\n|image = S191x07Allison.png\n|name = Allison\n|status = Alive\n|children = Jacob\n|job =\n|workplace = \n|only appearance = [[Let It Burn]]\n|seasons = '''[[Station 19|S19]]:''' [[Season 1 (Station 19)|1]]\n|portrayed by = [[Nicole Hayden]]\n}}\n\n'''Allison''' is a woman who was caught in a fire with her baby.\n\n==History==\nAllison was at Crossroads Strip Mall when it caught fire. She ended up trapped on a balcony with her baby, Jacob. With the building no longer sound, Jack used the ladder to reach Allison, but in the meantime, Ryan had Allison toss her baby, Jacob, down to him so he'd be safe. Then Jack got the ladder close enough that Allison was able to jump to safety.\n\n==Relationships==\n===Familial===\nShe has a son named Jacob whom she had to drop down to [[Ryan Tanner]] when she was caught in a fire.\n\n{{DISPLAYTITLE:Allison}}\n[[Category:Characters]]\n[[Category:S19 Characters]]\n[[Category:S19 S1 Characters]]\n[[Category:S19 Rescuees]]"}]}}}}