{"batchcomplete": "", "warnings": {"main": {"*": "Subscribe to the mediawiki-api-announce mailing list at <https://lists.wikimedia.org/postorius/lists/mediawiki-api-announce.lists.wikimedia.org/> for notice of API deprecations and breaking changes."}, "revisions": {"*": "Because \"rvslots\" was not specified, a legacy format has been used for the output. This format is deprecated, and in the future the new format will always be used."}}, "query": {"pages": {"49439": {"pageid": 49439, "ns": 0, "title": "Allison Baker", "revisions": [{"contentformat": "text/x-wiki", "contentmodel": "wikitext", "*": "{{Patient Infobox\n|image = 716AllisonBaker.png\n|name = Allison Baker\n|status = Alive\n|diagnosis = Alzheimer's disease\n|doctors = *[[Derek Shepherd]]\n*[[Meredith Grey]]\n*Dr. Kesten\n|treatment = *NGF surgical trial\n*Medications\n|marital = [[Mr. Baker]] ''(husband)''\n|children = [[Kyle Baker]]\n|only appearance = [[Not Responsible]]\n|seasons = '''[[Grey's Anatomy|GA]]:''' [[Season 7 (Grey's Anatomy)|7]]\n|portrayed by = [[Nancy Travis]]\n}}\n'''Allison Baker''' was a participant in Derek's NGF surgical trial.\n\n==History==\nAllison had been diagnosed with Alzheimer's. She was accepted into Derek's surgical trial. She had trouble answering the questions about her eating, which her son, Kyle, helped with. He also remembered that his mom got dry mouth from one of her medications.\n\nBefore her surgery, Meredith noticed that her son had a bump on his neck, which they hadn't had a chance to get checked out. Meredith said she'd send a doctor to check it out for them. [[Arizona Robbins]] diagnosed a cystic hygroma that had grown to the point where his airway had started to close off. When [[Robert Stark]] wanted to call CPS on the family, Allison and her husband started to panic and wanted to drop out of the trial because they didn't want to lose their son. Kyle sang Johnny Cash to her to calm her down.\n\nAllison then went in for her surgery and was selected to receive the active agent.\n\n==Relationships==\n===Romantic===\nShe is married to [[Mr. Baker]].\n\n===Familial===\nHer son, Kyle, did a large part of taking care of her after her diagnosis.\n\n==Notes and Trivia==\n*She loves Johnny Cash and listening to him calms her down.\n\n{{DEFAULTSORT:Baker, Allison}}\n[[Category:Characters]]\n[[Category:GA Characters]]\n[[Category:GA S7 Characters]]\n[[Category:Patients]]\n[[Category:Patients (Neuro)]]"}]}}}}