{"batchcomplete": "", "warnings": {"main": {"*": "Subscribe to the mediawiki-api-announce mailing list at <https://lists.wikimedia.org/postorius/lists/mediawiki-api-announce.lists.wikimedia.org/> for notice of API deprecations and breaking changes."}, "revisions": {"*": "Because \"rvslots\" was not specified, a legacy format has been used for the output. This format is deprecated, and in the future the new format will always be used."}}, "query": {"pages": {"53620": {"pageid": 53620, "ns": 0, "title": "Ally Diaz", "revisions": [{"contentformat": "text/x-wiki", "contentmodel": "wikitext", "*": "{{Patient Infobox\n|image = 12x23-30.jpg\n|name = Ally Diaz\n|status = Alive\n|siblings = [[Kyle Diaz]] \u2020\n|parents = [[Socorro Diaz]]\n|only appearance = [[At Last]]\n|seasons = '''[[Grey's Anatomy|GA]]:''' [[Season 12 (Grey's Anatomy)|12]]\n|portrayed by = [[Erica Mu\u00f1oz]]\n}}\n\n'''Ally Diaz''' is the sister of [[Kyle Diaz]].\n\n==History==\nAlly came to the hospital when her brother, Kyle, was hospitalized for an infection. Before his surgery, she stayed by his bedside. When Stephanie came in and they found out who she was, Ally and her mother both dismissed her from the room.\n\nWhen they learned Kyle had died is surgery, both she and her mom were devastated.\n\n==Relationships==\n===Familial===\nShe's very protective of her brother. She said she'd seen him break a lot of hearts, but he hadn't had his broken until Stephanie. She blamed Stephanie for him delaying care.\n\n==Gallery==\n===Episode Stills===\n<gallery orientation=\"landscape\" position=\"center\" spacing=\"small\" bordersize=\"none\" hideaddbutton=\"true\">\n12x23-18.jpg\n12x23-19.jpg\n12x23-20.jpg\n12x23-21.jpg\n12x23-30.jpg\n12x23-31.jpg\n12x23-32.jpg\n</gallery>\n\n{{DEFAULTSORT:Diaz, Ally}}\n[[Category:Characters]]\n[[Category:GA Characters]]\n[[Category:GA S12 Characters]]"}]}}}}