{"batchcomplete": "", "warnings": {"main": {"*": "Subscribe to the mediawiki-api-announce mailing list at <https://lists.wikimedia.org/postorius/lists/mediawiki-api-announce.lists.wikimedia.org/> for notice of API deprecations and breaking changes."}, "revisions": {"*": "Because \"rvslots\" was not specified, a legacy format has been used for the output. This format is deprecated, and in the future the new format will always be used."}}, "query": {"pages": {"58424": {"pageid": 58424, "ns": 0, "title": "Amanda Joseph", "revisions": [{"contentformat": "text/x-wiki", "contentmodel": "wikitext", "*": "{{Other Characters Infobox\n|image = 13x10-16.jpg\n|name = Amanda Joseph\n|title = J.D.\n|status = Alive\n|job = Defense Lawyer\n|only appearance = [[You Can Look (But You'd Better Not Touch)]]\n|seasons = '''[[Grey's Anatomy|GA]]:''' [[Season 13 (Grey's Anatomy)|13]]\n|portrayed by = [[Jasmin Savoy Brown]]\n}}\n\n'''Amanda Joseph''' is [[Kristen Rochester|Kristen Rochester's]] lawyer.\n\n==History==\nAmanda represented [[Kristen Rochester]] in her fight to have her rights respected during her prison sentence. When an ultrasound in the prison hospital showed TRAP syndrome, they went to court to get [[Arizona Robbins]], [[Miranda Bailey]], and [[Jo Wilson]] to come to the hospital to treat her. Their request was granted and the doctors came to the hospital. Amanda met them at security and fast-tracked their entry into the hospital prison. Once there, they met up with [[Dominique Eldredge]] and Amanda pressured Eldredge to take them directly to Kristen.\n\nAmanda asked for continuous confirmation that Kristen's rights were being respected, from being fed properly to what level of force and restraint the guards were allowed to use with her. She was able to calm Kristen down after she attacked Eldredge and was restrained for that. However, she was called away to handle an issue with another client, leaving the doctors alone with Kristen.\n\n==Relationships==\n===Professional===\nShe had a good professional relationship with her client Kristen. She said Kristen always behaved for her and she was able to calm Kristen down after she became agitated with Eldredge for refusing to give her more food.\n\n==Career==\nShe is a defense lawyer. Her clients consist at least partially of incarcerated individuals.\n\n==Gallery==\n===Episode Stills===\n<gallery orientation=\"landscape\" position=\"center\" spacing=\"small\" bordersize=\"none\" hideaddbutton=\"true\">\n13x10-2.jpg\n13x10-3.jpg\n13x10-4.jpg\n13x10-5.jpg\n13x10-15.jpg\n13x10-16.jpg\n</gallery>\n\n{{DEFAULTSORT:Joseph, Amanda}}\n[[Category:Characters]]\n[[Category:GA Characters]]\n[[Category:GA S13 Characters]]"}]}}}}