{"batchcomplete": "", "warnings": {"main": {"*": "Subscribe to the mediawiki-api-announce mailing list at <https://lists.wikimedia.org/postorius/lists/mediawiki-api-announce.lists.wikimedia.org/> for notice of API deprecations and breaking changes."}, "revisions": {"*": "Because \"rvslots\" was not specified, a legacy format has been used for the output. This format is deprecated, and in the future the new format will always be used."}}, "query": {"pages": {"32445": {"pageid": 32445, "ns": 0, "title": "Amelie Ward", "revisions": [{"contentformat": "text/x-wiki", "contentmodel": "wikitext", "*": "{{Patient Infobox\n|image = 9x21AmelieWard.png\n|name = Amelie Ward\n|status = Alive\n|diagnosis = Pregnancy\n|doctors = [[Jason Myers]]\n|treatment = C-section delivery\n|marital = [[Chris Ward]] ''(husband)''\n|children = Son\n|only appearance = [[Sleeping Monster]]\n|seasons = '''[[Grey's Anatomy|GA]]:''' [[Season 9 (Grey's Anatomy)|9]]\n|portrayed by = [[Idara Victor]]\n}}\n'''Amelie Ward''' is the mother of a baby who was diagnosed in utero with hypoplastic left heart syndrome and an intact septum.\n\n==History==\nDuring a pre-natal visit, Amelie and Chris's son was diagnosed with hypoplastic left heart syndrome and an intact atrial septum. They were advised that he would need surgery immediately after birth or he would die. Amelie had a scheduled c-section in the cath lab and their son was immediately taken into surgery. After surgery, the baby was doing well.\n\n==Relationships==\n===Romantic===\nShe is married to [[Chris Ward]]. Together, they have a son.\n\n===Familial===\nHer son was born with hypoplastic left heart syndrome and an intact septum. As such, he had to be delivered by c-section and immediately taken into surgery, without her even having a chance to hold him before his surgery.\n\n{{DEFAULTSORT:Ward, Amelie}}\n[[Category:Characters]]\n[[Category:GA Characters]]\n[[Category:GA S9 Characters]]\n[[Category:Patients]]\n[[Category:Patients (OB/GYN)]]"}]}}}}