{"batchcomplete": "", "warnings": {"main": {"*": "Subscribe to the mediawiki-api-announce mailing list at <https://lists.wikimedia.org/postorius/lists/mediawiki-api-announce.lists.wikimedia.org/> for notice of API deprecations and breaking changes."}, "revisions": {"*": "Because \"rvslots\" was not specified, a legacy format has been used for the output. This format is deprecated, and in the future the new format will always be used."}}, "query": {"pages": {"47868": {"pageid": 47868, "ns": 0, "title": "Amelia Carver", "revisions": [{"contentformat": "text/x-wiki", "contentmodel": "wikitext", "*": "{{Patient Infobox\n|image = 222AmeliaCarver.png\n|name = Amelia Carver\n|status = Alive\n|parents = [[Beatrice Carver]]\n|other family = Sue ''(aunt)''\n|only appearance = [[The Name of the Game]]\n|seasons = '''[[Grey's Anatomy|GA]]:''' [[Season 2 (Grey's Anatomy)|2]]\n|portrayed by = [[Emilee Wallace]]\n}}\n'''Amelia Carver''' is the daughter of [[Beatrice Carver]].\n\n==History==\nAmelia's mother had cancer, but she was unaware of this. She came to the hospital with her mother and complained about the hospital food.\n\nLater, her mother decided to give her all the advice she would have given her over the years all at once. Then she told her daughter that she was dying.\n\n==Relationships==\n===Familial===\n====[[Beatrice Carver]]====\nHer mother was dying of cancer, but she didn't know this. She was upset at having her mother be in the hospital and unable to celebrate her birthday with her.\n\n====Aunt Sue====\nWhile her mother was hospitalized, she stayed with Aunt Sue, which she didn't like. According to Beatrice, Aunt Sue is lazy about personal hygiene, so she told Amelia she'd have to take the lead there.\n\n==Gallery==\n===Episode Stills===\n<gallery orientation=\"landscape\" position=\"center\" spacing=\"small\" bordersize=\"none\" hideaddbutton=\"true\">\n2x22-10.jpg\n</gallery>\n\n{{DEFAULTSORT:Carver, Amelia}}\n[[Category:Characters]]\n[[Category:GA Characters]]\n[[Category:GA S2 Characters]]"}]}}}}