{"batchcomplete": "", "warnings": {"main": {"*": "Subscribe to the mediawiki-api-announce mailing list at <https://lists.wikimedia.org/postorius/lists/mediawiki-api-announce.lists.wikimedia.org/> for notice of API deprecations and breaking changes."}, "revisions": {"*": "Because \"rvslots\" was not specified, a legacy format has been used for the output. This format is deprecated, and in the future the new format will always be used."}}, "query": {"pages": {"64489": {"pageid": 64489, "ns": 0, "title": "Amethyst Vasquez", "revisions": [{"contentformat": "text/x-wiki", "contentmodel": "wikitext", "*": "{{Patient Infobox\n|image = 14x06AmethystVasquez.png\n|name = Amethyst Vasquez\n|status = Alive\n|siblings = Two siblings\n|parents = *[[Harmony Vasquez]]\n*[[Chris Vasquez]]\n|only appearance = [[Come on Down to My Boat, Baby]]\n|seasons = '''[[Grey's Anatomy|GA]]:''' [[Season 14 (Grey's Anatomy)|14]]\n|portrayed by = [[Akira Akbar]]\n}}\n\n'''Amethyst Vasquez''' is the daughter of [[Harmony Vasquez]].\n\n==History==\nAmethyst's mother, Harmony, had a skull-base schwannoma, so she was in the hospital to have it removed. She was concerned about her personality changing after the surgery, but Amelia reassured her. She was taken into surgery, which went well. After surgery, her family was told she was recovering in the ICU, but she'd be okay.\n\n==Relationships==\n===Familial===\nShe was extremely worried about her mother when she had to have surgery.\n\n{{DEFAULTSORT:Vasquez, Amethyst}}\n[[Category:Characters]]\n[[Category:GA Characters]]\n[[Category:GA S14 Characters]]"}]}}}}