{"batchcomplete": "", "warnings": {"main": {"*": "Subscribe to the mediawiki-api-announce mailing list at <https://lists.wikimedia.org/postorius/lists/mediawiki-api-announce.lists.wikimedia.org/> for notice of API deprecations and breaking changes."}, "revisions": {"*": "Because \"rvslots\" was not specified, a legacy format has been used for the output. This format is deprecated, and in the future the new format will always be used."}}, "query": {"pages": {"48144": {"pageid": 48144, "ns": 0, "title": "Amir", "revisions": [{"contentformat": "text/x-wiki", "contentmodel": "wikitext", "*": "{{Intern and Resident Infobox\n|image = 214IDResidentAmir.png\n|name = Amir\n|status = Alive\n|title = M.D.\n|job = [[Infectious Disease]] [[Resident]]\n|workplace = [[Seattle Grace Hospital]]\n|only appearance = [[Tell Me Sweet Little Lies]]\n|seasons = '''[[Grey's Anatomy|GA]]:''' [[Season 2 (Grey's Anatomy)|2]]\n|portrayed by = [[Ricardo Molina]]\n}}\n\n'''Amir''' is an [[Infectious Disease|ID]] [[Resident|resident]] working at [[Seattle Grace Hospital]].\n\n==History==\nWhen [[Sophie Larson]] was trying to avoid being sent to her nursing home, she convinced George to say he believed she had West Nile Virus. She then used her charm to convince Amir to do a spinal tap to test her for the virus. The test was negative.\n\n==Career==\nAmir is a [[Resident|resident physician]] [[Specialties|specializing]] in [[Infectious Disease|infectious disease]]. He works at [[Seattle Grace Hospital]].\n\n==Notes and Trivia==\n*Amir is the only [[Infectious Disease|ID]] [[Resident|resident]] shown on-screen.\n\n{{DEFAULTSORT:Amir}}\n[[Category:Characters]]\n[[Category:GA Characters]]\n[[Category:GA S2 Characters]]\n[[Category:Doctors]]"}]}}}}