{"batchcomplete": "", "warnings": {"main": {"*": "Subscribe to the mediawiki-api-announce mailing list at <https://lists.wikimedia.org/postorius/lists/mediawiki-api-announce.lists.wikimedia.org/> for notice of API deprecations and breaking changes."}, "revisions": {"*": "Because \"rvslots\" was not specified, a legacy format has been used for the output. This format is deprecated, and in the future the new format will always be used."}}, "query": {"pages": {"32017": {"pageid": 32017, "ns": 0, "title": "Amrita", "revisions": [{"contentformat": "text/x-wiki", "contentmodel": "wikitext", "*": "{{Other Characters Infobox\n|image = 9x14LarryAndAmrita.png\n|name = Amrita\n|status = Alive\n|job = Public Image Assessment\n|workplace = Pegasus Horizons\n|only appearance = [[The Face of Change]]\n|seasons = '''[[Grey's Anatomy|GA]]:''' [[Season 9 (Grey's Anatomy)|9]]\n|portrayed by = [[Nazanin Boniadi]]\n}}\n'''Amrita''' followed [[Alex Karev]] around to evaluate his potential as brand ambassador for [[Seattle Grace Mercy West Hospital]]\n\n==History==\nAmrita was assigned to evaluate [[Alex Karev|Alex's]] potential as brand ambassador for [[Seattle Grace Mercy West Hospital]].\n\n==Career==\nAmrita does public image assessment for Pegasus Horizons. She was assigned to follow [[Alex Karev]] around to evaluate his potential as brand ambassador.\n\n==Gallery==\n===Episode Stills===\n<gallery orientation=\"landscape\" position=\"center\" spacing=\"small\" bordersize=\"none\" hideaddbutton=\"true\">\n9x14-17.jpg\n</gallery>\n[[Category:Characters]]\n[[Category:GA Characters]]\n[[Category:GA S9 Characters]]"}]}}}}