{"batchcomplete": "", "warnings": {"main": {"*": "Subscribe to the mediawiki-api-announce mailing list at <https://lists.wikimedia.org/postorius/lists/mediawiki-api-announce.lists.wikimedia.org/> for notice of API deprecations and breaking changes."}, "revisions": {"*": "Because \"rvslots\" was not specified, a legacy format has been used for the output. This format is deprecated, and in the future the new format will always be used."}}, "query": {"pages": {"68332": {"pageid": 68332, "ns": 0, "title": "Amy Gustav", "revisions": [{"contentformat": "text/x-wiki", "contentmodel": "wikitext", "*": "{{Patient Infobox\n|image = 14x20AmyGustav.png\n|name = Amy Gustav\n|status = Alive\n|marital = Karl Gustav ''(husband)''\n|children = *[[Katie Gustav]]\n*[[Mike Gustav]]\n|only appearance = [[Judgment Day]]\n|seasons = '''[[Grey's Anatomy|GA]]:''' [[Season 14 (Grey's Anatomy)|14]]\n|portrayed by = [[Carly Nykanen]]\n}}\n'''Amy Gustav''' is the wife of a patient who was having surgery.\n\n==History==\nWhen her husband had to have a gastrectomy, Amy and her children waited in the waiting room. When they saw one of his doctors, [[Levi Schmitt]], walking by, she stopped him and asked him how her husband was doing. He reassured her that he was fine, but they needed equipment to finish his surgery, which he was bringing to the OR.\n\n==Relationships==\n===Romantic===\nShe is married to Mr. Gustav.\n\n===Familial===\nShe and her husband have two children.\n\n{{DEFAULTSORT:Gustav, Amy}}\n[[Category:Characters]]\n[[Category:GA Characters]]\n[[Category:GA S14 Characters]]"}]}}}}