{"batchcomplete": "", "warnings": {"main": {"*": "Subscribe to the mediawiki-api-announce mailing list at <https://lists.wikimedia.org/postorius/lists/mediawiki-api-announce.lists.wikimedia.org/> for notice of API deprecations and breaking changes."}, "revisions": {"*": "Because \"rvslots\" was not specified, a legacy format has been used for the output. This format is deprecated, and in the future the new format will always be used."}}, "query": {"pages": {"47816": {"pageid": 47816, "ns": 0, "title": "Amy (Season 2)", "revisions": [{"contentformat": "text/x-wiki", "contentmodel": "wikitext", "*": "{{Patient Infobox\n|image = 219Amy.png\n|name = Amy\n|status = Alive\n|hidem = hide\n|marital = [[Keith Polace]] ''(ex-fianc\u00e9)''\n|parents = Mother\n|only appearance = [[What Have I Done to Deserve This?]]\n|seasons = '''[[Grey's Anatomy|GA]]:''' [[Season 2 (Grey's Anatomy)|2]]\n|portrayed by = [[Ann Cusack]]\n}}\n\n'''Amy''' was [[Keith Polace|Keith Polace's]] fianc\u00e9e until she left him before his surgery.\n\n==History==\nAmy came to the hospital when her fianc\u00e9, Keith, had a heart attack. She was concerned because he'd been in good health until then and they'd waited a long time to find each other. When they found out that Keith needed a risky surgery, she became even more concerned. She ultimately made the decision to leave him.\n\n==Relationships==\n===Romantic===\nShe was engaged to [[Keith Polace]]. She came to the hospital with him and stayed by his side as they figured out what was wrong. However, when faced with the reality that he had a good chance of dying, she left him.\n\n===Familial===\nHer mother advised her not to keep the wedding receipts as it was bad luck, but she kept them anyway.\n\n==Notes and Trivia==\n*She suggested gardenias for the wedding, but Keith mentioned the bees, which turned her off the idea.\n*She talks when she's nervous.\n*She kept all the receipts for their wedding planning.\n\n{{DISPLAYTITLE:Amy}}\n[[Category:Characters]]\n[[Category:GA Characters]]\n[[Category:GA S2 Characters]]"}]}}}}