{"batchcomplete": "", "warnings": {"main": {"*": "Subscribe to the mediawiki-api-announce mailing list at <https://lists.wikimedia.org/postorius/lists/mediawiki-api-announce.lists.wikimedia.org/> for notice of API deprecations and breaking changes."}, "revisions": {"*": "Because \"rvslots\" was not specified, a legacy format has been used for the output. This format is deprecated, and in the future the new format will always be used."}}, "query": {"pages": {"51712": {"pageid": 51712, "ns": 0, "title": "Anderson", "revisions": [{"contentformat": "text/x-wiki", "contentmodel": "wikitext", "*": "{{Attending Infobox\n|image = PP5x06Anderson.png\n|name = Anderson\n|status = Alive\n|title = M.D.\n|job = [[Emergency Medicine|ER Physician]]\n|only appearance = [[If I Hadn't Forgotten...]]\n|seasons = '''[[Private Practice|PP]]:''' [[Season 5 (Private Practice)|5]]\n|portrayed by = [[David Lengel]]\n}}\n'''Anderson''' is an ER physician.\n\n==History==\nAnderson treated Charlotte when she came into the ER with a concussion and a scalp laceration. He gave her a prescription for pain medication.\n\nHe became concerned when Charlotte was still coming to him months later for pills because she'd become addicted. However, she insisted she was fine and he agreed to write the prescription.\n\nCharlotte later came back into the hospital after causing a car accident while using drugs. Anderson pronounced the patient dead and then asked if he could check Charlotte out. Charlotte refused and left the hospital, saying she was fine.\n\n==Career==\nHe worked in the ER of the hospital Charlotte worked at prior to her work at St. Ambrose.\n\n==Notes and Trivia==\n*It's unknown if Anderson is his first name or his last name.\n[[Category:Characters]]\n[[Category:PP Characters]]\n[[Category:PP S5 Characters]]\n[[Category:Doctors]]"}]}}}}