{"batchcomplete": "", "warnings": {"main": {"*": "Subscribe to the mediawiki-api-announce mailing list at <https://lists.wikimedia.org/postorius/lists/mediawiki-api-announce.lists.wikimedia.org/> for notice of API deprecations and breaking changes."}, "revisions": {"*": "Because \"rvslots\" was not specified, a legacy format has been used for the output. This format is deprecated, and in the future the new format will always be used."}}, "query": {"pages": {"34103": {"pageid": 34103, "ns": 0, "title": "Andi Edwards", "revisions": [{"contentformat": "text/x-wiki", "contentmodel": "wikitext", "*": "{{Patient Infobox\n|image = 811AndiEvans.png\n|name = Andi Edwards\n|status = Alive\n|diagnosis = Conjoined twinship\n|doctors = *[[Arizona Robbins]]\n*[[Derek Shepherd]]\n*[[Richard Webber]]\n*[[Callie Torres]]\n*[[Mark Sloan]]\n*[[Owen Hunt]]\n*[[Alex Karev]]\n*[[Cristina Yang]]\n*[[Jackson Avery]]\n*[[Lexie Grey]]\n|treatment = *Separation surgery\n*Ileoproctostomy\n|siblings = [[Brandi Edwards]]\n|parents = *[[Charley Edwards]]\n*[[Gretchen Shaw]]\n|only appearance = [[This Magic Moment]]\n|seasons = '''[[Grey's Anatomy|GA]]:''' [[Season 8 (Grey's Anatomy)|8]]\n}}\n'''Andi Edwards''' was born conjoined to her sister, [[Brandi Edwards]].\n\n==History==\n===Separation Surgery===\nBrandi and Andi were born conjoined, facing opposite directions. [[Arizona Robbins|Arizona]] had been treating them since birth. When their parents decided to allow the doctors to separate them, they were offered every pro bono dollar that the hospital could give them. The two teams of surgeons, one for each baby, practiced their parts many times before the time came for them to operate.\n\nLexie continuously updated the parents throughout the surgery, talking to them about each step.\n\nWhen the time came to separate the colon, they discovered that Andi had the bulk of the blood supply, so Arizona performed an ileoproctostomy. Then the babies were flipped so the surgery could continue and it went well.\n\nWhile they were separating their spines, they struggled to decide how to proceed without paralyzing Brandi. They made a decision and after the separation was complete, they stimulated each girl to test nerve function. Andi responded immediately, but Brandi needed much more stimulation for her feet to move.\n\nBrandi was then moved to a separate gurney and taken to a separate OR while Andi stayed in the original OR for her surgery to be finished.\n\n===Kidney Transplant===\nGretchen and Charley were briefly allowed to see Andi before she had to be taken back into the OR to retrieve one of the kidneys left in her body to transplant into Brandi, whose kidney had failed unexpectedly. The transplant went well and both girls were stable in the PICU after their surgeries.\n\n==Relationships==\n===Familial===\nAndi was born conjoined to her identical twin sister, Brandi. They were separated in a day-long surgery. While they were in surgery, the parents were very concerned for their safety. When the surgery went well and they were both stable post-op, their parents were relieved that everything had gone well.\n\n==Notes and Trivia==\n*She and her surgical team were labelled with green bands and led by Derek.\n\n{{DEFAULTSORT:Edwards, Andi}}\n[[Category:Characters]]\n[[Category:GA Characters]]\n[[Category:GA S8 Characters]]\n[[Category:Patients]]\n[[Category:Patients (Peds)]]\n[[Category:Patients (Neuro)]]\n[[Category:Patients (Ortho)]]\n[[Category:Patients (Plastics)]]\n[[Category:Patients (General)]]\n[[Category:Patients (Transplant)]]\n[[Category:Patients (Renal)]]"}]}}}}