{"batchcomplete": "", "warnings": {"main": {"*": "Subscribe to the mediawiki-api-announce mailing list at <https://lists.wikimedia.org/postorius/lists/mediawiki-api-announce.lists.wikimedia.org/> for notice of API deprecations and breaking changes."}, "revisions": {"*": "Because \"rvslots\" was not specified, a legacy format has been used for the output. This format is deprecated, and in the future the new format will always be used."}}, "query": {"pages": {"42314": {"pageid": 42314, "ns": 0, "title": "Andrea (With or Without You)", "revisions": [{"contentformat": "text/x-wiki", "contentmodel": "wikitext", "*": "{{Patient Infobox\n|image = 11x17Andrea.png\n|name = Andrea\n|status = Alive\n|diagnosis = Foreign body in sinus cavity\n|doctors = *[[April Kepner]]\n*[[Jo Wilson]]\n|treatment = Manual extraction\n|only appearance = [[With or Without You]]\n|seasons = '''[[Grey's Anatomy|GA]]:''' [[Season 11 (Grey's Anatomy)|11]]\n|portrayed by = [[Crista Flanagan]]\n}}\n'''Andrea''' came into the ER with a headache that had lasted for a month and nosebleeds and was discovered to have a leech living in her sinus cavity.\n\n==History==\nAndrea came into the ER with a headache that persisted for a month and moved around her head. She also said she had a nosebleed, but when she went to wipe the blood, it went back into her nose. [[Jo Wilson]] observed that in the ER and when it slithered back up, she told Andrea that it was not a nosebleed.\n\nJo then used a scope to look up into Andrea's sinus cavity. She jumped back in horror when she saw a critter slithering around in there.\n\nWhile Andrea told a story of jumping into water, which she suspected is when the critter might have crawled in, Jo used steam to draw out the critter so she could use tweezers to extract it. It worked and she grabbed onto it, but Andrea complained that it was clawing as Jo pulled and eventually slapped Jo to stop her.\n\nAndrea needed to be convinced to try again. [[April Kepner]] explained to her that the critter would get hungry and start feeding on her, eventually eating her brain. That got her to agree to try again. They had her sniff to close her nasal passages and Jo used tweezers to pull out the critter, which April then identified as a leech. She asked Andrea if she wanted to keep the leech. She didn't, but Jo did.\n\n==Notes and Trivia==\n*Jo named the leech Herbie.\n*She had gone to China the month prior, leading her to ask Jo if she had bird flu or SARS.\n\n==Gallery==\n===Episode Stills===\n<gallery orientation=\"landscape\" position=\"center\" spacing=\"small\" bordersize=\"none\" hideaddbutton=\"true\">\n11x17-11.jpg\n11x17-12.jpg\n</gallery>\n\n{{DISPLAYTITLE:Andrea}}\n[[Category:Characters]]\n[[Category:GA Characters]]\n[[Category:GA S11 Characters]]\n[[Category:Patients]]\n[[Category:Patients (ER)]]"}]}}}}