{"batchcomplete": "", "warnings": {"main": {"*": "Subscribe to the mediawiki-api-announce mailing list at <https://lists.wikimedia.org/postorius/lists/mediawiki-api-announce.lists.wikimedia.org/> for notice of API deprecations and breaking changes."}, "revisions": {"*": "Because \"rvslots\" was not specified, a legacy format has been used for the output. This format is deprecated, and in the future the new format will always be used."}}, "query": {"pages": {"32097": {"pageid": 32097, "ns": 0, "title": "Andrew Carmichael", "revisions": [{"contentformat": "text/x-wiki", "contentmodel": "wikitext", "*": "{{Patient Infobox\n|image = 9x16AndyCarmichael.png\n|name = Andrew Carmichael\n|status = Alive\n|alias = Andy\n|diagnosis = *Adhesions\n*Blockages caused by scar tissue\n|doctors = *[[Owen Hunt]]\n*[[April Kepner]]\n*[[Shane Ross]]\n|treatment = Adhesion barriers\n|only appearance = [[This is Why We Fight]]\n|seasons = '''[[Grey's Anatomy|GA]]:''' [[Season 9 (Grey's Anatomy)|9]]\n|portrayed by = [[Steve Kehela]]\n}}\n'''Andrew Carmichael''' was a patient at [[Seattle Grace Mercy West Hospital]].\n\n==History==\nAndrew was in the hospital due to adhesions that formed after a prior surgery. Due to his status as a high-risk patient, they developed a new plan, which involved placing adhesion barriers to keep new adhesions from forming. When he was advised that not having the surgery would kill him, he agreed to it.\n\n==Notes and Trivia==\n*He was 42 at the time of his hospitalization.\n*He had had four surgeries in two years.\n\n{{DEFAULTSORT:Carmichael, Andrew}}\n[[Category:Characters]]\n[[Category:GA Characters]]\n[[Category:GA S9 Characters]]\n[[Category:Patients]]\n[[Category:Patients (General)]]"}]}}}}