{"batchcomplete": "", "warnings": {"main": {"*": "Subscribe to the mediawiki-api-announce mailing list at <https://lists.wikimedia.org/postorius/lists/mediawiki-api-announce.lists.wikimedia.org/> for notice of API deprecations and breaking changes."}, "revisions": {"*": "Because \"rvslots\" was not specified, a legacy format has been used for the output. This format is deprecated, and in the future the new format will always be used."}}, "query": {"pages": {"56888": {"pageid": 56888, "ns": 0, "title": "Andrew Billings", "revisions": [{"contentformat": "text/x-wiki", "contentmodel": "wikitext", "*": "{{Patient Infobox\n|image = 13x05AndrewBillings.png\n|name = Andrew Billings\n|died = October 29, 2016; [[Seattle]], Washington\n|status = Deceased\n|alias = Andy\n|diagnosis = *Cardiac myxoma\n*Brain death\n|doctors = *[[Maggie Pierce]]\n*[[Amelia Shepherd]]\n*[[Stephanie Edwards]]\n|treatment = Tumor resection\n|job = Shuttle Commander\n|only appearance = [[Both Sides Now]]\n|seasons = '''[[Grey's Anatomy|GA]]:''' [[Season 13 (Grey's Anatomy)|13]]\n|portrayed by = [[Don R. Williams]]\n}}\n\n'''Andrew Billings''' is a patient who had a very dangerous cardiac tumor.\n\n==History==\nAndy had been diagnosed with a cardiac myxoma. He was told that surgery to resect it was very risky, but without the surgery, he'd be dead within a month. He decided to take the chance. Before his surgery, he asked Stephanie to tell him a joke because he thought he'd like to go out with a laugh if he didn't make it, but she was unable to come up with one in time. The resection went well, but after the tumor was removed, he threw a clot and coded. They were able to resuscitate, but the time without oxygen left Andy brain dead. Knowing that it was important to Andy, Maggie saw to it that his organs were donated. His liver was donated to [[Chelsea Keen]].\n\n==Career==\nHe was a shuttle commander.\n\n==Notes and Trivia==\n*He was 59 at the time of his death.\n*He weighed 180 pounds.\n*He didn't drink or smoke.\n\n{{DEFAULTSORT:Billings, Andrew}}\n[[Category:Characters]]\n[[Category:GA Characters]]\n[[Category:GA S13 Characters]]\n[[Category:Deceased Characters]]\n[[Category:Patients]]\n[[Category:Patients (Cardio)]]\n[[Category:Patients (Oncology)]]\n[[Category:Patients (Transplant)]]"}]}}}}