{"batchcomplete": "", "warnings": {"main": {"*": "Subscribe to the mediawiki-api-announce mailing list at <https://lists.wikimedia.org/postorius/lists/mediawiki-api-announce.lists.wikimedia.org/> for notice of API deprecations and breaking changes."}, "revisions": {"*": "Because \"rvslots\" was not specified, a legacy format has been used for the output. This format is deprecated, and in the future the new format will always be used."}}, "query": {"pages": {"20929": {"pageid": 20929, "ns": 0, "title": "Andrea Dibella", "revisions": [{"contentformat": "text/x-wiki", "contentmodel": "wikitext", "*": "{{Nurse Infobox\n|image = 10x02NurseAndrea.png\n|name = Andrea Dibella\n|status = Alive\n|job = Nurse\n|workplace = [[Grey Sloan Memorial Hospital]]\n|first appearance = [[I Want You With Me]]\n|last appearance = [[One Flight Down]]\n|count = 3\n|seasons = '''[[Grey's Anatomy|GA]]:''' [[Season 10 (Grey's Anatomy)|10]] and [[Season 11 (Grey's Anatomy)|11]]\n|portrayed by = [[Jennifer Lauren DiBella]]\n}}\n'''Andrea Dibella''' is a nurse at\u00a0[[Grey Sloan Memorial Hospital]].\n\n==History==\n===Paging Callie===\nAndrea was told by Arizona to page Callie a 911. She refused to, as there wasn't any emergent patient. As Arizona kept on yelling louder and louder, Alex interfered and Arizona then convinced him to page Callie.\u00a0''(\"[[I Want You With Me]]\")''\n\n===Gene Seers===\nAndrea came to Bailey to tell her radiology had [[Gene Seers|Gene Seers']] PET scans and wanted to see her about them. ''(\"[[Puttin' on the Ritz]]\")''\n\n===Plane Crash===\nWhen a small plane crashed in Seattle, Owen told Andrea to tell April he'd be down soon to help her triage the stragglers. ''(\"[[One Flight Down]]\")''\n\n==Personality==\nAndrea is strict and follows the rules of the hospital, evidenced by the fact that she refused to page Callie 911 without there being an emergent patient.\n\n==Career==\nShe is a nurse at [[Grey Sloan Memorial Hospital]].\n\n==Notes and Trivia==\n*Though she was credited \"Nurse Andrea\" in the episode, her last name was revealed on the actress's website.\n\n==Gallery==\n===Appearances===\n<gallery type=\"slideshow\" position=\"center\" crop=\"true\" hideaddbutton=\"true\">\n10x02NurseAndrea.png|[[I Want You With Me]]\n10x04AndreaDibella.png|[[Puttin' on the Ritz]] (right)\n11x20NurseAndrea.png|[[One Flight Down]]\n</gallery>\n\n===Episode Stills===\n<gallery orientation=\"landscape\" position=\"center\" spacing=\"small\" bordersize=\"none\" hideaddbutton=\"true\">\n11x20-13.jpg\n11x20-24.jpg\n</gallery>\n\n==Appearances==\n{{Andrea Dibella Appearances}}\n\n{{DEFAULTSORT:Dibella, Andra}}\n[[Category:Characters]]\n[[Category:GA Characters]]\n[[Category:GA S10 Characters]]\n[[Category:GA S11 Characters]]\n[[Category:Nurses]]"}]}}}}