{"batchcomplete": "", "warnings": {"main": {"*": "Subscribe to the mediawiki-api-announce mailing list at <https://lists.wikimedia.org/postorius/lists/mediawiki-api-announce.lists.wikimedia.org/> for notice of API deprecations and breaking changes."}, "revisions": {"*": "Because \"rvslots\" was not specified, a legacy format has been used for the output. This format is deprecated, and in the future the new format will always be used."}}, "query": {"pages": {"7399": {"pageid": 7399, "ns": 0, "title": "Andrew Perkins", "revisions": [{"contentformat": "text/x-wiki", "contentmodel": "wikitext", "*": "{{Attending Infobox\n|image = 7x22AndrewPerkins.png\n|name = Andrew Perkins\n|status = Alive\n|title = M.D.\n|job = *[[Psychiatry|Trauma Counselor]]\n*[[Attending]] [[Psychiatry|Psychiatrist]]\n|workplace = '''Current'''<br>\nLandstuhl Regional Medical Center<br>\n'''Temporary'''<br>\n[[Seattle Grace Mercy West Hospital]]\n|first appearance = [[With You I'm Born Again]]\n|last appearance = [[Unaccompanied Minor]]\n|count = 7\n|seasons = '''[[Grey's Anatomy|GA]]:''' [[Season 7 (Grey's Anatomy)|7]]\n|portrayed by = [[James Tupper]]\n}}\n'''Andrew Perkins''' is a [[Psychiatry|trauma counselor]] who was brought to [[Seattle Grace Mercy West Hospital]] following the [[Death and All His Friends|hospital shooting]].\n\n==History==\n===Counseling===\nAfter the shooting at the hospital, Andrew was called to the hospital to provide trauma counseling to all the doctors. They had to get cleared by him before they could operate. He did individual sessions with the doctors as well as group sessions with the residents.\n\nMeredith insisted that she was fine and that he should be worried about Cristina, who was getting married suddenly. However, Andrew believed she wasn't being honest and refused to clear her for surgery.\n\nEveryone else except for Cristina was easily cleared. Cristina skipped some sessions and showed up late to others. Andrew told her the hospital was willing to work with her, to get her whatever she needed. She told him she just wanted to be the kind of girl who got excited over finding the right dress for her wedding. ''(\"[[With You I'm Born Again]]\")''\n\nTired over not being allowed to scrub in, Meredith faked crying and told an emotional tale. However, Andrew still believed she was hiding something, so he just said they'd talk more about it the next day. At a later session, after telling Derek about it, Meredith told Andrew that she'd had a miscarriage. She also told him to clear her or not because she had no control over any of it. He then signed the form to clear her for surgery.\n\nTeddy and Owen spoke to Webber and convinced him to allow Cristina to operate, going behind Andrew's back and insisting that that's what Cristina needed. ''(\"[[Shock to the System]]\")''\n\nWhen his time at Seattle Grace came to a close, he referred the remaining cases to [[Katharine Wyatt]]. He recommended that Cristina be put on light duty in order to continue her recovery. ''(\"[[Superfreak]]\")''\n\n===Return to Seattle===\nWhen Andrew came back to Seattle later, Teddy started seeing him again. ''(\"[[It's a Long Way Back]]\")''\n\n===Callie and Arizona's Wedding===\nHe attended [[Callie Torres|Callie]] and [[Arizona Robbins|Arizona's]] wedding with Teddy. At the reception, he told her that he'd been offered a permanent position at Landstuhl Medical Center and accepted on the condition that they find a job for Teddy as well. He asked her to go with him. ''(\"[[White Wedding]]\")''\n\n===Plane Crash===\nHe and Teddy planned to leave, but when day they were meant to fly, a plane crashed into the sound, so they stayed behind to help. He offered his services as a trauma counselor. At the end of the day, he wanted to spend the night in a fancy hotel. ''(\"[[Unaccompanied Minor]]\")''\n\n===Move to Germany===\nAfter accepting a job at Landstuhl Medical Center, he moved to Germany. Teddy was supposed to go with him, but she decided not to and instead stayed with Henry. ''(\"[[Unaccompanied Minor]]\")''\n\n==Relationships==\n===Romantic===\n====[[Teddy Altman]]====\nWhile he was at [[Seattle Grace Mercy West Hospital]], he had a brief relationship with [[Teddy Altman]]. They met in the cafeteria, which meant it wasn't a conflict of interest for him as she was never his patient.\n\nWhen [[Arizona Robbins]] asked Teddy what Andrew was like, she realized that she did most of the talking and Andrew listened, which made her worry that she was treating him like a therapist. She went to him with her concerns and he said that listening to her is not work. ''(\"[[Shock to the System]]\")''\n\nWhen he knew she'd be leaving, she started to avoid him because she'd gotten attached to him. However, before he left, he found her and said she chose men who weren't available for whatever reason. He told her she deserved more. ''(\"[[Superfreak]]\")''\n\nWhen he returned to Seattle, they resumed their relationship and he eventually asked her to come with him to Germany when he was offered a position at Landstuhl Regional Medical Center. ''(\"[[White Wedding]]\")''\n\nShe accepted and prepared for the move to Germany. ''(\"[[I Will Survive]]\")''\n\nThey were supposed to fly out one day, but stayed when a plane crashed. They offered their services. At the end of the day, Andrew suggested they go get a hotel room and spend the night in the bath, saying that when something like that happens, you want to spend time with your loved ones. Their relationship ended when she chose to remain in Seattle with [[Henry Burton]]. ''(\"[[Unaccompanied Minor]]\")''\n\n===Professional===\n====[[Meredith Grey]]====\nMeredith initially had a contentious relationship with him as he would not clear Meredith for surgery upon her return to [[Seattle Grace Mercy West Hospital]]. Meredith believed that he was negligent in clearing other staff, especially Meredith's husband, [[Derek Shepherd|Dr. Derek Shepherd]]. Despite Meredith's feigned attempts at remorse or distress, he continue to deny Meredith's return to surgery as he believed that Meredith was not being honest with him. It wasn't until Meredith revealed her miscarriage that he cleared her, and Meredith no longer begrudged him.\n\n====[[Mark Sloan]]====\nWhen he cleared [[Lexie Grey|Dr. Lexie Grey]] for surgery, Mark vehemently disagreed as he interrupted a session with [[Alex Karev|Dr. Alex Karev]]. Mark yelled at him due the circumstances that led to Lexie's psychiatric-hold and that clearing Lexie was a mistake. Calmly, he responded that Lexie's psychotic-break was due to sleep deprivation and she no longer posed a danger to herself or anyone else around her. Mark accepted this explanation and backed off without further incident.\n\n====[[Richard Webber]]====\nRichard held him up in high regard, given his reputation for [[Psychiatry|trauma counseling]]. Despite requests from Meredith, Richard did not override his decision to clear Meredith for surgery and advised Meredith to continue working him until he has assessed that Meredith was fit to return to surgery.\n\n==Career==\nDr. Perkins is a renowned [[Attending|attending]] [[Psychiatry|psychiatrist]], specializing in trauma counseling, a form of psychotherapy. Dr. Perkins usually offered his services on-site and would remain until his patients were cleared.\n\nDr. Perkins consulted at [[Seattle Grace Mercy West Hospital]] to clear the [[Specialties#Surgical Specialty|surgical staff]] involved in the hospital shooting. Once they were cleared, he referred [[Katharine Wyatt|Dr. Wyatt]] to oversee the cases upon his departure, should any issues arise.\n\nEventually, Dr. Perkins was offered a permanent position at Landstuhl Regional Medical Center, located in Germany. After considering the offer, he accepted.\n\n==Notes and Trivia==\n*[[Henry Burton|Henry]] referred to him as a professional white knight on a horse.\n*He is left handed.\n\n==Gallery==\n===Episodic===\n<gallery type=\"slideshow\" position=\"center\" crop=\"true\" hideaddbutton=\"true\">\n701AndrewPerkins.png|[[With You I'm Born Again]]\n702AndrewPerkins.png|[[Shock to the System]]\n7x03AndrewPerkins.png|[[Superfreak]]\n7x19AndrewPerkins.png|[[It's a Long Way Back]]\n720AndrewPerkins.png|[[White Wedding]]\n7x21AndrewPerkins.png|[[I Will Survive]]\n7x22AndrewPerkins.png|[[Unaccompanied Minor]]\n</gallery>\n\n=== Episode Stills ===\n<gallery orientation=\"landscape\" position=\"center\" spacing=\"small\" bordersize=\"none\" hideaddbutton=\"true\">\n7x20-2.png\n7x20-7.png\n</gallery>\n\n==Appearances==\n{{Andrew Perkins Appearances}}\n[[de:Andrew Perkins]]\n[[fr:Andrew Perkins]]\n\n{{DEFAULTSORT:Perkins, Andrew}}\n[[Category:Characters]]\n[[Category:GA Characters]]\n[[Category:GA S7 Characters]]\n[[Category:Doctors]]"}]}}}}