{"batchcomplete": "", "warnings": {"main": {"*": "Subscribe to the mediawiki-api-announce mailing list at <https://lists.wikimedia.org/postorius/lists/mediawiki-api-announce.lists.wikimedia.org/> for notice of API deprecations and breaking changes."}, "revisions": {"*": "Because \"rvslots\" was not specified, a legacy format has been used for the output. This format is deprecated, and in the future the new format will always be used."}}, "query": {"pages": {"4110": {"pageid": 4110, "ns": 0, "title": "Andre Barrett", "revisions": [{"contentformat": "text/x-wiki", "contentmodel": "wikitext", "*": "{{Patient Infobox\n|image = 415Andre.png\n|name = Andre Barrett\n|status = Alive\n|alias = Prince Charming\n|only appearance = [[Losing My Mind]]\n|seasons = '''[[Grey's Anatomy|GA]]:''' [[Season 4 (Grey's Anatomy)|4]]\n|portrayed by = [[Jeffrey D. Sams]]\n}}\n\n'''Andre Barrett''' was the boyfriend of a clinical trial patient named [[Greta]].\n\n==History==\nWhen Greta called and told him she was having an operation, he asked her to wait three hours until he could come down and talk to [[Derek Shepherd|Dr. Shepherd]] and ask him some questions.\n\nHowever, he arrived too late and Greta was in a coma, from which she never awoke, after the surgery.\n\n==Relationships==\n===Romantic===\n====[[Greta]]====\nAndre met his girlfriend, Greta, on a cruise, they didn't take any pictures and nobody who knew Greta had seen them together so people assumed he wasn't real, that he was merely a creation of her tumor.\n\nAndre was on a cruise around the Greek islands, they made a stop at Santorini\u00a0and when the ship was about to leave again, Greta ran, but left her shoe behind. Andre found the shoe and returned it to her at dinner. The story is quite similar to the fairytale Cinderella.\n\n{{DEFAULTSORT:Barrett, Andre}}\n[[Category:Characters]]\n[[Category:GA Characters]]\n[[Category:GA S4 Characters]]"}]}}}}