{"batchcomplete": "", "warnings": {"main": {"*": "Subscribe to the mediawiki-api-announce mailing list at <https://lists.wikimedia.org/postorius/lists/mediawiki-api-announce.lists.wikimedia.org/> for notice of API deprecations and breaking changes."}, "revisions": {"*": "Because \"rvslots\" was not specified, a legacy format has been used for the output. This format is deprecated, and in the future the new format will always be used."}}, "query": {"pages": {"50015": {"pageid": 50015, "ns": 0, "title": "Andrew", "revisions": [{"contentformat": "text/x-wiki", "contentmodel": "wikitext", "*": "{{Patient Infobox\n|image = PP213Andrew.png\n|name = Andrew\n|status = Alive\n|marital = [[Tina (Private Practice)|Tina]] ''(wife)''\n|other family = *[[Nora (Nothing to Fear)|Nora]] ''(mother-in-law)''\n*Father-in-law\n|only appearance = [[Nothing to Fear]]\n|seasons = '''[[Private Practice|PP]]:''' [[Season 2 (Private Practice)|2]]\n|portrayed by = [[David Haley]]\n}}\n'''Andrew''' is the son-in-law of [[Nora (Nothing to Fear)|Nora]].\n\n==History==\nAndrew came into the practice with his fianc\u00e9e, [[Tina (Private Practice)|Tina]], and her mother, Nora. He had helped Tina get Nora, who had severe agoraphobia, out of the house to go to her therapy session. Tina wanted Nora to be able to attend their wedding the next day.\n\nThe next day, he and Tina got married and Nora was present, with Violet beside her for support.\n\n==Relationships==\n===Romantic===\nHe is married to [[Tina (Private Practice)|Tina]].\n[[Category:Characters]]\n[[Category:PP Characters]]\n[[Category:PP S2 Characters]]"}]}}}}