{"batchcomplete": "", "warnings": {"main": {"*": "Subscribe to the mediawiki-api-announce mailing list at <https://lists.wikimedia.org/postorius/lists/mediawiki-api-announce.lists.wikimedia.org/> for notice of API deprecations and breaking changes."}, "revisions": {"*": "Because \"rvslots\" was not specified, a legacy format has been used for the output. This format is deprecated, and in the future the new format will always be used."}}, "query": {"pages": {"48565": {"pageid": 48565, "ns": 0, "title": "Andrew Langston", "revisions": [{"contentformat": "text/x-wiki", "contentmodel": "wikitext", "*": "{{Patient Infobox\n|image = 417AndrewLangston.png\n|name = Andrew Langston\n|status = Alive\n|alias = Andy\n|diagnosis = *Crush injuries\n*Third-degree burns\n*Chest injuries\n*Limb injuries\n*Broken bones\n*Pulmonary embolus\n*Anxiety\n|doctors = *[[Richard Webber]]\n*[[Erica Hahn]]\n*[[Mark Sloan]]\n*[[Callie Torres]]\n*[[Miranda Bailey]]\n*[[Cristina Yang]]\n*[[George O'Malley]]\n|treatment = *Vinegar\n*Fasciotomy\n*Fluids\n*Catheter\n*Intubation\n*Surgery\n*Embolectomy\n*Diphendydramine\n|parents = Parents\n|first appearance = [[Freedom, Part 1]]\n|last appearance = [[Freedom, Part 2]]\n|count = 2\n|seasons = '''[[Grey's Anatomy|GA]]:''' [[Season 4 (Grey's Anatomy)|4]]\n|portrayed by = [[James Immekus]]\n}}\n\n'''Andrew Langston''' came into the hospital after jumping in a vat of cement.\n\n==History==\nAndrew was dared to jump into a vat of cement at a construction site, which he did. The firefighters chipped around him, but had to bring him in with a large amount of cement still around him. The doctors carefully evaluated his condition in order to figure out where to start first. They then each argued that the injuries related to their specialty should be treated first.\n\nThey eventually started work. Mark put vinegar on his skin to minimize the burning. While they were working, Bailey assured him that more than just this one piece defines him. Callie had to do a fasciotomy to relive the pressure in his leg. They then started to remove the larger pieces of cement to get him out. Bailey figured out that they were missing something, but she couldn't figure it out. She thought about it and remembered that they'd hydrated him, but hadn't given him a way to release the urine, so they needed to place a catheter before his bladder exploded. ''(\"[[Freedom, Part 1]]\")''\n\nThey finished breaking up the cement and Andrew was warned that there was a chance that when they removed the last chunk, he'd crash. But he was assured that he'd be okay because they'd rush him to the OR. They removed the final piece and he crashed. They intubated and then rushed him into surgery to fix his injuries. He had a pulmonary embolus, so Richard said to page Hahn, but Cristina said she could take care of it and he allowed her to do it. They finished his surgery successful and he was stable post-op.\n\nAndrew woke up from surgery and Lola came to his room to visit him and kissed him. ''(\"[[Freedom, Part 2]]\")''\n\n==Relationships==\n===Romantic===\nHe had a crush on [[Lola (Freedom)|Lola]]. He lay in the vat of cement because she was watching. He wanted to impress her. After his surgery, she came to sit by his bedside and kissed him.\n\n==Notes and Trivia==\n*He was 19 at the time of his accident.\n*He tutors and is on the Dean's list.\n\n==Gallery==\n===Episodic===\n<gallery type=\"slideshow\" position=\"center\" crop=\"true\" hideaddbutton=\"true\">\n416AndrewLangston.png|[[Freedom, Part 1]]\n417AndrewLangston.png|[[Freedom, Part 2]]\n</gallery>\n\n===Episode Stills===\n<gallery orientation=\"landscape\" position=\"center\" spacing=\"small\" bordersize=\"none\" hideaddbutton=\"true\">\n4x16-8.jpg\n4x16-9.jpg\n4x16-11.jpg\n4x16-13.jpg\n4x16-14.jpg\n</gallery>\n\n==Appearances==\n{{Andrew Langston Appearances}}\n\n{{DEFAULTSORT:Langston, Andrew}}\n[[Category:Characters]]\n[[Category:GA Characters]]\n[[Category:GA S4 Characters]]\n[[Category:Patients]]\n[[Category:Patients (ER)]]\n[[Category:Patients (Plastics)]]\n[[Category:Patients (Ortho)]]\n[[Category:Patients (General)]]\n[[Category:Patients (Trauma)]]\n[[Category:Patients (Cardio)]]"}]}}}}