{"batchcomplete": "", "warnings": {"main": {"*": "Subscribe to the mediawiki-api-announce mailing list at <https://lists.wikimedia.org/postorius/lists/mediawiki-api-announce.lists.wikimedia.org/> for notice of API deprecations and breaking changes."}, "revisions": {"*": "Because \"rvslots\" was not specified, a legacy format has been used for the output. This format is deprecated, and in the future the new format will always be used."}}, "query": {"pages": {"49781": {"pageid": 49781, "ns": 0, "title": "Andrea", "revisions": [{"contentformat": "text/x-wiki", "contentmodel": "wikitext", "*": "{{Patient Infobox\n|image = PP105Andrea.png\n|name = Andrea\n|status = Alive\n|doctors = *[[Dell Parker]]\n*[[Naomi Bennett]]\n|treatment = Pap smear\n|only appearance = [[In Which Addison Finds a Showerhead]]\n|seasons = '''[[Private Practice|PP]]:''' [[Season 1 (Private Practice)|1]]\n|portrayed by = [[Amy Rosoff]]\n}}\n'''Andrea''' is a woman who got a pap smear at the practice.\n\n==History==\nAndrea came to the practice for a pap smear. It was supposed to be performed by Dell, with Naomi observing, but Andrea observed that Dell was cute and said that he was too cute to do her exam. She asked Naomi to take over.\n[[Category:Characters]]\n[[Category:PP Characters]]\n[[Category:PP S1 Characters]]\n[[Category:Patients]]\n[[Category:Patients (OB/GYN)]]"}]}}}}