{"batchcomplete": "", "warnings": {"main": {"*": "Subscribe to the mediawiki-api-announce mailing list at <https://lists.wikimedia.org/postorius/lists/mediawiki-api-announce.lists.wikimedia.org/> for notice of API deprecations and breaking changes."}, "revisions": {"*": "Because \"rvslots\" was not specified, a legacy format has been used for the output. This format is deprecated, and in the future the new format will always be used."}}, "query": {"pages": {"31538": {"pageid": 31538, "ns": 0, "title": "Andy (Second Opinion)", "revisions": [{"contentformat": "text/x-wiki", "contentmodel": "wikitext", "*": "{{Other Characters Infobox\n|image = 9x06Andy.png\n|name = Andy\n|title = J.D.\n|status = Alive\n|job = Lawyer\n|only appearance = [[Second Opinion]]\n|seasons = '''[[Grey's Anatomy|GA]]:''' [[Season 9 (Grey's Anatomy)|9]]\n|portrayed by = [[Andrew Leeds]]\n}}\n'''Andy''' was one of the lawyers who worked with the crash survivors after the plane crash.\n\n==History==\n===Emotional Damages===\nAndy worked with the doctors to determine the emotional damages they would be seeking during the lawsuit. In particular, he wanted to talk to Cristina, who was reluctant to relive the experience and told him she had no lasting damage aside from her shoulder hurting sometimes and some PTSD.\n\n==Career==\nAndy is a lawyer.\n\n==Gallery==\n===Episode Stills===\n<gallery orientation=\"landscape\" position=\"center\" spacing=\"small\" bordersize=\"none\" hideaddbutton=\"true\">\n9x06-8.jpg\n9x06-15.jpg\n9x06-16.jpg\n</gallery>\n\n{{DISPLAYTITLE:Andy}}\n[[Category:Characters]]\n[[Category:GA Characters]]\n[[Category:GA S9 Characters]]"}]}}}}