{"batchcomplete": "", "warnings": {"main": {"*": "Subscribe to the mediawiki-api-announce mailing list at <https://lists.wikimedia.org/postorius/lists/mediawiki-api-announce.lists.wikimedia.org/> for notice of API deprecations and breaking changes."}, "revisions": {"*": "Because \"rvslots\" was not specified, a legacy format has been used for the output. This format is deprecated, and in the future the new format will always be used."}}, "query": {"pages": {"48262": {"pageid": 48262, "ns": 0, "title": "Andy Meltzer", "revisions": [{"contentformat": "text/x-wiki", "contentmodel": "wikitext", "*": "{{Patient Infobox\n|image = 325Andy.png\n|name = Andy Meltzer\n|status = Alive\n|diagnosis = *Broken ribs\n*Antero-lateral flail chest\n*Frostbite\n|doctors = *[[Preston Burke]]\n*[[Derek Shepherd]]\n*[[Callie Torres]]\n*[[Miranda Bailey]]\n*[[Cristina Yang]] \n|treatment = *Surgical stabilization\n*Osteosyntheses\n|first appearance = [[Testing 1-2-3]]\n|last appearance = [[Didn't We Almost Have It All?]]\n|count = 2\n|seasons = '''[[Grey's Anatomy|GA]]:''' [[Season 3 (Grey's Anatomy)|3]]\n|portrayed by = [[Brian Tee]]\n}}\n\n'''Andy Meltzer''' is a patient who came in after being stranded while hiking.\n\n==History==\n[[Dale Winick]], Andy Meltzer, [[Jack Vaughan]], and Lonnie were out hiking on Mount Rainier when a sudden storm hit and they were stranded. When Dale, Andy, and Jack were found, they were brought to [[Seattle Grace Hospital]] to be treated. However, Lonnie remained missing. At the hospital, when they told the story, they said that Lonnie was dead and they had to leave him behind so they could get to a place where they could be rescued.\n\nAndy had several broken ribs and a flail chest. He needed surgery to stabilize his ribs. ''(\"[[Testing 1-2-3]]\")''\n\nWhen Derek discovered that that story was a lie as the ax was imbedded deeply and cleanly into Lonnie's skull, he confronted the other hikers. Andy started to confess, but was silenced. Andy quickly hired a lawyer to counsel him. However, despite his lawyer's advice, he told what really happened. Lonnie was dying and Andy tried to put him out of his misery.\n\nDerek examined him and said his post-op x-rays looked good and he would be discharged. ''(\"[[Didn't We Almost Have It All?]]\")''\n\n==Relationships==\n===Friendships===\nDale, Jack, Andy, and Lonnie are friends. They go hiking together.\n\n==Gallery==\n===Episodic===\n<gallery type=\"slideshow\" position=\"center\" crop=\"true\" hideaddbutton=\"true\">\n324Andy.png|[[Testing 1-2-3]]\n325Andy.png|[[Didn't We Almost Have It All?]]\n</gallery>\n\n==Appearances==\n{{Andy Meltzer Appearances}}\n\n{{DEFAULTSORT:Meltzer, Andy}}\n[[Category:Characters]]\n[[Category:GA Characters]]\n[[Category:GA S3 Characters]]\n[[Category:Patients]]\n[[Category:Patients (ER)]]\n[[Category:Patients (Cardio)]]\n[[Category:Patients (Ortho)]]\n[[Category:Patients (Trauma)]]"}]}}}}