{"batchcomplete": "", "warnings": {"main": {"*": "Subscribe to the mediawiki-api-announce mailing list at <https://lists.wikimedia.org/postorius/lists/mediawiki-api-announce.lists.wikimedia.org/> for notice of API deprecations and breaking changes."}, "revisions": {"*": "Because \"rvslots\" was not specified, a legacy format has been used for the output. This format is deprecated, and in the future the new format will always be used."}}, "query": {"pages": {"70890": {"pageid": 70890, "ns": 0, "title": "Angela", "revisions": [{"contentformat": "text/x-wiki", "contentmodel": "wikitext", "*": "{{Other Characters Infobox\n|image = 15x06Angela.png\n|name = Angela\n|status = Alive\n|only appearance = [[Flowers Grow Out of My Grave]]\n|seasons = '''[[Grey's Anatomy|GA]]:''' [[Season 15 (Grey's Anatomy)|15]]\n|portrayed by = [[Isla Farris]]\n}}\n\n'''Angela''' is a friend of [[Zola Grey Shepherd]].\n\n==History==\nAngela came over to Zola's house on Dia de los Muertos. They had their faces painted in preparation for a parade their school was doing. Meredith then took them both to school.\n\n==Relationships==\n===Friendships===\nShe is friends with [[Zola Grey Shepherd]].\n[[Category:Characters]]\n[[Category:GA Characters]]\n[[Category:GA S15 Characters]]"}]}}}}