{"batchcomplete": "", "warnings": {"main": {"*": "Subscribe to the mediawiki-api-announce mailing list at <https://lists.wikimedia.org/postorius/lists/mediawiki-api-announce.lists.wikimedia.org/> for notice of API deprecations and breaking changes."}, "revisions": {"*": "Because \"rvslots\" was not specified, a legacy format has been used for the output. This format is deprecated, and in the future the new format will always be used."}}, "query": {"pages": {"53208": {"pageid": 53208, "ns": 0, "title": "Angelica Paulson", "revisions": [{"contentformat": "text/x-wiki", "contentmodel": "wikitext", "*": "{{Patient Infobox\n|image = 12x21AngelicaPaulson.png\n|name = Angelica Paulson\n|status = Alive\n|marital = [[Leo Paulson]] ''(husband)''\n|children = Three children\n|grandchildren = Seven grandchildren\n|only appearance = [[You're Gonna Need Someone on Your Side]]\n|seasons = '''[[Grey's Anatomy|GA]]:''' [[Season 12 (Grey's Anatomy)|12]]\n|portrayed by = [[Judyann Elder]]\n}}\n\n'''Angelica Paulson''' is the wife of [[Leo Paulson]].\n\n==History==\nAngelica came to the hospital when she received a message from [[Vincent (Season 12)|Vincent]], the doorman, saying that her husband, Leo, was in the hospital after falling down a flight of stairs. She came to the hospital, where she was told her husband was stable.\n\nScans revealed that Leo's spine was fractured, so a spinal fusion was scheduled. While Leo waited for surgery, Angelica called their children and grandchildren and updated them on his condition.\n\nAfter Leo's surgery, he was told he had cancer and had only six months to a year to live. When Angelica came into his room, he started to tell her that, but then Vincent came in. Leo said they'd kept Vincent long enough and he could leave. Angelica tipped him and sent him away.\n\n==Relationships==\n===Romantic===\nShe's been married to [[Leo Paulson]] for 51 years. Unbeknownst to her, for the last 15 years of their marriage, he had an affectionate, but not physical, relationship with their doorman, Vincent.\n\n===Familial===\nShe and her husband have three kids and seven grandchildren. They are also expecting another grandchild.\n\n==Gallery==\n===Episode Stills===\n<gallery orientation=\"landscape\" position=\"center\" spacing=\"small\" bordersize=\"none\" hideaddbutton=\"true\">\n12x21-19.jpg\n12x21-21.jpg\n</gallery>\n\n{{DEFAULTSORT:Paulson, Angelica}}\n[[Category:Characters]]\n[[Category:GA Characters]]\n[[Category:GA S12 Characters]]"}]}}}}