{"batchcomplete": "", "warnings": {"main": {"*": "Subscribe to the mediawiki-api-announce mailing list at <https://lists.wikimedia.org/postorius/lists/mediawiki-api-announce.lists.wikimedia.org/> for notice of API deprecations and breaking changes."}, "revisions": {"*": "Because \"rvslots\" was not specified, a legacy format has been used for the output. This format is deprecated, and in the future the new format will always be used."}}, "query": {"pages": {"48422": {"pageid": 48422, "ns": 0, "title": "Angela James", "revisions": [{"contentformat": "text/x-wiki", "contentmodel": "wikitext", "*": "{{Patient Infobox\n|image = 12x06AngelaJames.png\n|name = Angela James\n|status = Alive\n|diagnosis = *Displaced clavicular fracture\n*Torn subclavian artery\n|doctors = [[Maggie Pierce]]\n|treatment = Surgery\n|parents = *[[Paul James (Character)|Paul James]]\n*Lois James \u2020\n|only appearance = [[The Me Nobody Knows]]\n|seasons = '''[[Grey's Anatomy|GA]]:''' [[Season 12 (Grey's Anatomy)|12]]\n|portrayed by = [[Dana Hunt]]\n}}\n\n'''Angela James''' is a patient who came into the hospital after she and her father were in a car accident.\n\n==History==\nAngela was in a car with her father, [[Paul James (Character)|Paul]], when Paul says he hit the brake, but the car kept going and they hit a tree. They were both taken to the ER, where Angela was found to have a displaced clavicular fracture and weak pulse in her right arm. [[Maggie Pierce|Maggie]] ran a CTA, which showed a torn subclavian artery, so Angela was taken into surgery to repair the damage. The surgery went well and Angela was expected to make a full recovery.\n\nWhen her father found out that his diabetic nerve pain had likely caused the accident, he felt guilty. He hadn't told Angela about having diabetes, however, he eventually told her the truth.\n\n==Relationships==\n===Familial===\nHer mother is dead. She and her father were in a car accident together. When he was diagnosed with diabetes, he hid it from her because he didn't want to upset her.\n\n===Friendships===\nHer parents were close with [[Adele Webber|Adele]] and [[Richard Webber]]. She even calls Richard \"Uncle Richard.\"\n\n{{DEFAULTSORT:James, Angela}}\n[[Category:Characters]]\n[[Category:GA Characters]]\n[[Category:GA S12 Characters]]\n[[Category:Patients]]\n[[Category:Patients (Cardio)]]\n[[Category:Patients (ER)]]\n[[Category:Patients (Trauma)]]"}]}}}}