{"batchcomplete": "", "warnings": {"main": {"*": "Subscribe to the mediawiki-api-announce mailing list at <https://lists.wikimedia.org/postorius/lists/mediawiki-api-announce.lists.wikimedia.org/> for notice of API deprecations and breaking changes."}, "revisions": {"*": "Because \"rvslots\" was not specified, a legacy format has been used for the output. This format is deprecated, and in the future the new format will always be used."}}, "query": {"pages": {"34284": {"pageid": 34284, "ns": 0, "title": "Angie (Grey's Anatomy)", "revisions": [{"contentformat": "text/x-wiki", "contentmodel": "wikitext", "*": "{{Patient Infobox\n|image = 816Angie.png\n|name = Angie\n|status = Alive\n|diagnosis = Second-degree burns\n|doctors = *[[Mark Sloan]]\n*[[Jackson Avery]]\n|treatment = Burn cream\n|job = Barista\n|only appearance = [[If Only You Were Lonely]]\n|seasons = '''[[Grey's Anatomy|GA]]:''' [[Season 8 (Grey's Anatomy)|8]]\n|portrayed by = [[Scout Taylor-Compton]]\n}}\n'''Angie''' is a barista who was burned when an espresso machine exploded at her work.\n\n==History==\nWhile working at a coffee shop, Angie sustained second-degree burns on her chest, neck, and face when an espresso machine exploded. She was brought into the hospital so that her burns could be treated.\n\n==Relationships==\n===Professional===\nWhen she was informed that [[Devin]] had asked about her, she asked who Devin was. She was completely unaware that he had a crush on her and believed his feelings were reciprocated.\n\n==Career==\nAngie is a barista. She was working when an espresso machine exploded, burning her chest, neck, and face. In the emergency room, she was worried that she had burned her own face, struggling to remember if she had checked the over-pressure valve that day or if it had been the day before. She said her job was not enough pay and too much pressure.\n\n==Notes and Trivia==\n*She was 24 at the time of her hospitalization.\n\n{{DISPLAYTITLE:Angie}}\n[[Category:Characters]]\n[[Category:GA Characters]]\n[[Category:GA S8 Characters]]\n[[Category:Patients]]\n[[Category:Patients (ER)]]\n[[Category:Patients (Plastics)]]\n[[Category:Patients (Trauma)]]"}]}}}}