{"batchcomplete": "", "warnings": {"main": {"*": "Subscribe to the mediawiki-api-announce mailing list at <https://lists.wikimedia.org/postorius/lists/mediawiki-api-announce.lists.wikimedia.org/> for notice of API deprecations and breaking changes."}, "revisions": {"*": "Because \"rvslots\" was not specified, a legacy format has been used for the output. This format is deprecated, and in the future the new format will always be used."}}, "query": {"pages": {"74598": {"pageid": 74598, "ns": 0, "title": "Angie", "revisions": [{"contentformat": "text/x-wiki", "contentmodel": "wikitext", "*": "{{Other Characters Infobox\n|image = 16x01Angie.png\n|name = Angie\n|status = Alive\n|first appearance = [[Nothing Left to Cling To]]\n|last appearance = [[Back in the Saddle]]\n|count = 2\n|seasons = '''[[Grey's Anatomy|GA]]:''' [[Season 16 (Grey's Anatomy)|16]]\n|portrayed by = [[Shannon Chappell]]\n}}\n\n'''Angie''' is a woman who did community service with Meredith.\n\n==History==\nAngie was doing community service for keying her ex-boyfriend's car. When she learned Meredith was a doctor, she went to talk to her and asked her to look at a mole she had. ''(\"[[Nothing Left to Cling To]]\")''\n\nLater, while Meredith was checking out people's illnesses and injuries, Angie joined the line. ''(\"[[Back in the Saddle]]\")''\n\n==Relationships==\n===Romantic===\nShe has an ex-boyfriend, whose car she keyed. She said he deserved it.\n\n==Gallery==\n===Episodic===\n<gallery type=\"slideshow\" position=\"center\" hideaddbutton=\"true\" crop=\"true\">\n16x01Angie.png|[[Nothing Left to Cling To]]\n16x02Angie.png|[[Back in the Saddle]]\n</gallery>\n\n==Appearances==\n{{Angie Appearances}}\n[[Category:Characters]]\n[[Category:GA Characters]]\n[[Category:GA S16 Characters]]"}]}}}}