{"batchcomplete": "", "warnings": {"main": {"*": "Subscribe to the mediawiki-api-announce mailing list at <https://lists.wikimedia.org/postorius/lists/mediawiki-api-announce.lists.wikimedia.org/> for notice of API deprecations and breaking changes."}, "revisions": {"*": "Because \"rvslots\" was not specified, a legacy format has been used for the output. This format is deprecated, and in the future the new format will always be used."}}, "query": {"pages": {"50477": {"pageid": 50477, "ns": 0, "title": "Angie (Private Practice)", "revisions": [{"contentformat": "text/x-wiki", "contentmodel": "wikitext", "*": "{{Patient Infobox\n|image = PP314Angie.png\n|name = Angie\n|status = Alive\n|children = [[Paige]]\n|only appearance = [[Love Bites]]\n|seasons = '''[[Private Practice|PP]]:''' [[Season 3 (Private Practice)|3]]\n|portrayed by = [[Erica Shaffer]]\n}}\n\n'''Angie''' is the mother of [[Paige]].\n\n==History==\nAngie was shocked to learn that her daughter, Paige, had gotten hepatitis B from letting a boy bite her.\n\n==Relationships==\n===Familial===\nHer daughter, Paige, got hepatitis B from a bite from her boyfriend. Angie was shocked and questioned Paige about it. Paige refused to tell her the name of the boy who bit her.\n\n{{DISPLAYTITLE:Angie}}\n[[Category:Characters]]\n[[Category:PP Characters]]\n[[Category:PP S3 Characters]]"}]}}}}