{"batchcomplete": "", "warnings": {"main": {"*": "Subscribe to the mediawiki-api-announce mailing list at <https://lists.wikimedia.org/postorius/lists/mediawiki-api-announce.lists.wikimedia.org/> for notice of API deprecations and breaking changes."}, "revisions": {"*": "Because \"rvslots\" was not specified, a legacy format has been used for the output. This format is deprecated, and in the future the new format will always be used."}}, "query": {"pages": {"48112": {"pageid": 48112, "ns": 0, "title": "Anna", "revisions": [{"contentformat": "text/x-wiki", "contentmodel": "wikitext", "*": "{{Patient Infobox\n|image = 308Anna.png\n|name = Anna\n|status = Alive\n|job = Nanny\n|only appearance = [[Staring at the Sun]]\n|seasons = '''[[Grey's Anatomy|GA]]:''' [[Season 3 (Grey's Anatomy)|3]]\n|portrayed by = [[Annie Campbell]]\n}}\n\n'''Anna''' is the nanny of [[Mia Hanson]].\n\n==History==\nAnna is the nanny of [[Mia Hanson]]. One day, Mia's mom instructed Anna to go get milk and Anna accidentally ran over Mia, who was playing in the driveway. Anna came to the hospital with Mia, worried about her. In the ER, Anna was dismissed by Mia's mom, who was upset at Anna for running her over. Despite being fired, Anna waited out in the waiting room. Mia asked for Anna multiple times. However her mother, Diane wouldn\u2019t get her. When Diane eventually relented and went to get Anna to see Mia, she and Mia sang their good-night song together.\n\n==Relationships==\n===Professional===\nAnna is the nanny of and primary caregiver for [[Mia Hanson]]. She and Mia are very close and when Mia was in the hospital, she asked for Anna several times.\n\n==Career==\nAnna is a nanny. She is the primary caregiver of [[Mia Hanson]]. She was briefly fired when she accidentally ran over Mia with a car, but when her parents saw how much Mia loved her, they hired Anna back.\n[[Category:Characters]]\n[[Category:GA Characters]]\n[[Category:GA S3 Characters]]"}]}}}}