{"batchcomplete": "", "warnings": {"main": {"*": "Subscribe to the mediawiki-api-announce mailing list at <https://lists.wikimedia.org/postorius/lists/mediawiki-api-announce.lists.wikimedia.org/> for notice of API deprecations and breaking changes."}, "revisions": {"*": "Because \"rvslots\" was not specified, a legacy format has been used for the output. This format is deprecated, and in the future the new format will always be used."}}, "query": {"pages": {"84555": {"pageid": 84555, "ns": 0, "title": "Anna (Season 5)", "revisions": [{"contentformat": "text/x-wiki", "contentmodel": "wikitext", "*": "{{Other Characters Infobox\n|image = S195x11Anna.png\n|name = Anna\n|status = Alive\n|job = Nanny\n|first appearance = [[The Little Things You Do Together]]\n|last appearance = [[Cold Blue Steel and Sweet Fire]]\n|count = 2\n|seasons = '''[[Station 19|S19]]:''' [[Season 5 (Station 19)|5]]\n|portrayed by = [[Cynthy Wu]]\n}}\n\n'''Anna''' is Pru's part-time nanny.\n\n==History==\nAnna brought Pru to the station in order to hand her over to Ben. When she arrived, she ended up flirting with Jack while she waited for Ben. When Ben asked who she was, she explained that the Millers had been struggling with Pru, so they asked her to step in part-time. ''(\"[[The Little Things You Do Together]]\")''\n\nAnna later brought Pru to Ben and Bailey's when Ifeya and Bill were delayed by a medical appointment. ''(\"[[Cold Blue Steel and Sweet Fire]]\")''\n\n==Relationships==\n===Romantic===\nWhile dropping off Pru, she flirted with [[Jack Gibson]].\n\n===Friendships===\nShe went to school with [[Yemi Miller]], which is how she knows the Miller family.\n\n==Career==\nShe works part-time as a nanny for [[Pruitt Arike Miller]].\n\n==Notes and Trivia==\n*She's in a band.<ref>[[The Little Things You Do Together]], 5x11 (S19)</ref>\n\n==Gallery==\n===Episode Stills===\n<gallery orientation=\"landscape\" position=\"center\" spacing=\"small\" bordersize=\"none\" hideaddbutton=\"true\">\nS195x11-10.jpg\nS195x11-11.jpg\nS195x11-12.jpg\nS195x11-14.jpg\n</gallery>\n\n==Appearances==\n{{Anna (Season 5) Appearances}}\n\n{{Scrollbox}}\n{{DISPLAYTITLE:Anna}}\n[[Category:Characters]]\n[[Category:S19 Characters]]\n[[Category:S19 S5 Characters]]"}]}}}}