{"batchcomplete": "", "warnings": {"main": {"*": "Subscribe to the mediawiki-api-announce mailing list at <https://lists.wikimedia.org/postorius/lists/mediawiki-api-announce.lists.wikimedia.org/> for notice of API deprecations and breaking changes."}, "revisions": {"*": "Because \"rvslots\" was not specified, a legacy format has been used for the output. This format is deprecated, and in the future the new format will always be used."}}, "query": {"pages": {"3065": {"pageid": 3065, "ns": 0, "title": "Anna Wilder", "revisions": [{"contentformat": "text/x-wiki", "contentmodel": "wikitext", "*": "{{Character Family Infobox\n|image = PP103AnnaWilder.png\n|name = Anna Wilder\n|born = [[Timeline#Pre-Show|1961]]\n|died = [[Timeline#Pre-Show|2001]]; California\n|status = Deceased\n|marital = [[Pete Wilder]] \u2020 ''(husband)''\n|other family = *[[Frances Wilder]] \u2020 ''(mother-in-law)''\n*[[Adam Wilder]] ''(brother-in-law)''\n}}\n\n'''Anna Wilder''' is the now deceased wife of [[Pete Wilder]].\n\n==History==\n===Death===\nAnna went to bed as normal on a Tuesday night and didn't wake up on Wednesday. ''(\"[[In Which Addison Finds the Magic]]\")'' She'd had died of an aneurysm in her sleep. ''(\"[[A Death in the Family]]\")''\n\n===Post-Mortem History===\nAfter Anna died, Pete struggled to reconcile his feelings regarding their marriage.\n\nUnder instruction from Violet, Pete visited her grave on the anniversary of her death. He told her she was a crappy wife and he hated her. He later told her he was sorry he wasn't able to save her. ''(\"[[In Which Addison Finds the Magic]]\")''\n\n==Relationships==\n===Romantic===\nAnna married Pete but died in 2001 at the age of forty. Pete's relationship with his wife is somewhat mysterious and he appears reluctant to discuss their marriage.\n\nPete stayed in an unhappy marriage because his wife was sick and that they were unable to make the marriage work. When he went to bed with his wife on a Tuesday night and when he awoke the following Wednesday morning she was dead. He further stated that no night was perfect during their marriage, not even their wedding night.\n\nDuring a second visit to his wife's grave, Pete unleashed his pent-up anger to his wife's headstone. After stating that Anna was \"a mean, cold bitch\" and that he hated her, Pete softened and apologized for not being able to save her. ''(\"[[In Which Addison Finds the Magic]]\")''\n\nPete later revealed to [[Violet Turner|Violet]] that at the time of Anna's death they had been trying to conceive a child. ''(\"[[In Which Sam Gets Taken for a Ride]]\")''\n\n==Notes and Trivia==\n*Anna smoked.\n*She drank all the orange juice.<ref>[[In Which Addison Finds the Magic]], 1x03 (PP)\n</ref>\n*She hogged the covers.<ref>[[In Which Addison Finds the Magic]], 1x03 (PP)</ref>\n*She and Pete had a dog that she had put to sleep.<ref>[[In Which Addison Finds the Magic]], 1x03 (PP)</ref>\n\n==Gallery==\n===Episode Stills===\n<gallery orientation=\"landscape\" position=\"center\" spacing=\"small\" bordersize=\"none\" hideaddbutton=\"true\">\nPP1x03-1.jpg\nPP1x03-2.jpg\nPP1x03-5.jpg\nPP1x03-6.jpg\nPP1x03-7.jpg\nPP1x03-8.jpg\n</gallery>\n\n{{Scrollbox}}\n\n{{DEFAULTSORT:Wilder, Anna}}\n[[Category:Characters]]\n[[Category:Mentioned Characters]]\n[[Category:PP Characters]]\n[[Category:Deceased Characters]]"}]}}}}