{"batchcomplete": "", "warnings": {"main": {"*": "Subscribe to the mediawiki-api-announce mailing list at <https://lists.wikimedia.org/postorius/lists/mediawiki-api-announce.lists.wikimedia.org/> for notice of API deprecations and breaking changes."}, "revisions": {"*": "Because \"rvslots\" was not specified, a legacy format has been used for the output. This format is deprecated, and in the future the new format will always be used."}}, "query": {"pages": {"2462": {"pageid": 2462, "ns": 0, "title": "Anna Loomis", "revisions": [{"contentformat": "text/x-wiki", "contentmodel": "wikitext", "*": "{{Patient Infobox\n|image = 5x01-17.jpg\n|name = Anna Loomis\n|status = Alive\n|marital = [[Phillip Loomis]] ''(husband)''\n|grandchildren = Grandchildren\n|diagnosis = Arm laceration\n|doctors = [[Meredith Grey]]\n|treatment = Stitches\n|first appearance = [[Dream a Little Dream of Me, Part 1]]\n|last appearance = [[Dream a Little Dream of Me, Part 2]]\n|count = 2\n|seasons = '''[[Grey's Anatomy|GA]]:''' [[Season 5 (Grey's Anatomy)|5]]\n|portrayed by = [[Kathy Baker]]\n}}\n\n'''Anna Loomis''' was a patient at [[Seattle Grace Hospital]]. She sustained no serious injuries from her car accident.\n\n==History==\nWhile on the way to the Fire and Ice Ball, Anna, [[Sarabeth Breyers|Sarabeth]], and [[Betty Kenner|Betty]] were in a car accident. Sarabeth drove them to the hospital in the wrecked limo after the extracted their driver from the window.\n\nAnna had a cut on her arm, but was otherwise okay. Meredith stitched up the cut.\n\nWhen they heard that their husbands were being taken to Mercy West, they insisted they be brought to Seattle Grace instead. Anna's husband, Phillip, was paralyzed due a spinal injury, but she asked them to try everything because he has grandkids. ''(\"[[Dream a Little Dream of Me, Part 1]]\")''\n\nThey used therapeutic hypothermia to treat him and afterward, he was able to move his toes. ''(\"[[Dream a Little Dream of Me, Part 2]]\")''\n\n==Relationships==\n===Romantic===\nThe girls described themselves as the happiest married people alive except when their husbands smoked. Anna married [[Phillip Loomis]], but had an affair with Sarabeth's husband, [[Michael Breyers]]. When Anna came clean, Sarabeth soon forgave Michael and Anna.\n\n===Friendships===\nHer best friends in life were [[Sarabeth Breyers]] and [[Betty Kenner]]. She and Sarabeth had been friends since they were little kids.\n\n==Gallery==\n===Episodic===\n<gallery type=\"slideshow\" position=\"center\" crop=\"true\" hideaddbutton=\"true\">\n501AnnaLoomis.png|[[Dream a Little Dream of Me, Part 1]]\n502AnnaLoomis.png|[[Dream a Little Dream of Me, Part 2]]\n</gallery>\n\n===Episode Stills===\n<gallery orientation=\"landscape\" position=\"center\" spacing=\"small\" bordersize=\"none\" hideaddbutton=\"true\">\n5x01-11.jpg\n5x01-12.jpg\n5x01-13.jpg\n5x01-16.jpg\n5x01-17.jpg\n5x01-18.jpg\n5x01-20.jpg\n5x01-22.jpg\n5x01-26.jpg\n5x01-34.jpg\n5x01-36.jpg\n5x01-38.jpg\n5x01-39.jpg\n5x01-40.jpg\n</gallery>\n\n==Appearances==\n{{Anna Loomis Appearances}}\n\n[[de:Anna Loomis]]\n\n{{DEFAULTSORT:Loomis, Anna}}\n[[Category:Characters]]\n[[Category:GA Characters]]\n[[Category:GA S5 Characters]]\n[[Category:Patients]]\n[[Category:Patients (ER)]]\n[[Category:Patients (Trauma)]]"}]}}}}