{"batchcomplete": "", "warnings": {"main": {"*": "Subscribe to the mediawiki-api-announce mailing list at <https://lists.wikimedia.org/postorius/lists/mediawiki-api-announce.lists.wikimedia.org/> for notice of API deprecations and breaking changes."}, "revisions": {"*": "Because \"rvslots\" was not specified, a legacy format has been used for the output. This format is deprecated, and in the future the new format will always be used."}}, "query": {"pages": {"52786": {"pageid": 52786, "ns": 0, "title": "Anna (Life Support)", "revisions": [{"contentformat": "text/x-wiki", "contentmodel": "wikitext", "*": "{{Other Characters Infobox\n|image = PP6x08Anna.png\n|name = Anna\n|status = Alive\n|marital = Husband\n|children = Expecting\n|only appearance = [[Life Support]]\n|seasons = '''[[Private Practice|PP]]:''' [[Season 6 (Private Practice)|6]]\n|portrayed by = [[Sarah Jane MacKay]]\n}}\n\n'''Anna''' is a woman in Charlotte's birthing class.\n\n==History==\nWhile the birthing class was doing breathing exercises, Charlotte commented on how ridiculous it was. Anna, who was sitting next to her, scolded her for interrupting. Charlotte explained that when she actually is in labor, she won't care that she paid attention in birthing class.\n\nLater, while entertaining themselves by speculating how each couple conceive, Charlotte said Anna and her husband probably conceived in the missionary position with the lights off and the blinds drawn. Anna said she was ruining the experience for everyone and Charlotte and Cooper were asked to leave.\n\nAnna later walked in on Charlotte and Cooper having sex in the bathroom.\n\n==Relationships==\n===Romantic===\nShe is married.\n\n===Familial===\nShe and her husband are expecting a baby.\n\n{{DISPLAYTITLE:Anna}}\n[[Category:Characters]]\n[[Category:PP Characters]]\n[[Category:PP S6 Characters]]"}]}}}}