{"batchcomplete": "", "warnings": {"main": {"*": "Subscribe to the mediawiki-api-announce mailing list at <https://lists.wikimedia.org/postorius/lists/mediawiki-api-announce.lists.wikimedia.org/> for notice of API deprecations and breaking changes."}, "revisions": {"*": "Because \"rvslots\" was not specified, a legacy format has been used for the output. This format is deprecated, and in the future the new format will always be used."}}, "query": {"pages": {"73054": {"pageid": 73054, "ns": 0, "title": "Anna Williams", "revisions": [{"contentformat": "text/x-wiki", "contentmodel": "wikitext", "*": "{{Patient Infobox\n|image = 15x20-16.jpg\n|name = Anna Williams\n|status = Alive\n|marital = [[Caleb Hicks]] ''(fianc\u00e9)''\n|workplace = US Air Force\n|only appearance = [[The Whole Package]]\n|seasons = '''[[Grey's Anatomy|GA]]:''' [[Season 15 (Grey's Anatomy)|15]]\n|portrayed by = [[Enisha Brewster]]\n}}\n\n'''Anna Williams''' is the fianc\u00e9e of [[Caleb Hicks]].\n\n==History==\nAnna's fianc\u00e9, Caleb, had lost his leg, penis, and scrotum in an IED explosion. After seeing [[Megan Hunt]], he learned of the possibility of having an abdominal wall transplant, plus a penile and scrotum transplant. After his accident, he dumped her because he felt he'd lost his manhood, but he didn't tell anyone. When he was preparing to have his transplant, he pretended she was deployed and would be returning soon to help care for him. However, when she arrived at the hospital, he demanded that she leave and told the doctors not to tell her why she was there. Because he didn't have the support system required, his surgery was cancelled. However, Owen spoke to Caleb and convinced him to keep Anna by his side. Caleb then reunited with Anna and his surgery went forward as planned.\n\n==Relationships==\n===Romantic===\nShe is engaged to [[Caleb Hicks]]. After his accident, he broke things off with her, but after speaking with Owen about his experience in war, they got back together.\n\n==Career==\nShe is in the US Air Force.\n\n==Gallery==\n===Episode Stills===\n<gallery orientation=\"landscape\" position=\"center\" spacing=\"small\" bordersize=\"none\" hideaddbutton=\"true\">\n15x20-2.jpg\n15x20-16.jpg\n15x20-17.jpg\n15x20-19.jpg\n15x20-26.jpg\n15x20-29.jpg\n15x20-32.jpg\n15x20-33.jpg\n</gallery>\n\n{{DEFAULTSORT:Williams, Anna}}\n[[Category:Characters]]\n[[Category:GA Characters]]\n[[Category:GA S15 Characters]]"}]}}}}