{"batchcomplete": "", "warnings": {"main": {"*": "Subscribe to the mediawiki-api-announce mailing list at <https://lists.wikimedia.org/postorius/lists/mediawiki-api-announce.lists.wikimedia.org/> for notice of API deprecations and breaking changes."}, "revisions": {"*": "Because \"rvslots\" was not specified, a legacy format has been used for the output. This format is deprecated, and in the future the new format will always be used."}}, "query": {"pages": {"44098": {"pageid": 44098, "ns": 0, "title": "Anna (Time Stops)", "revisions": [{"contentformat": "text/x-wiki", "contentmodel": "wikitext", "*": "{{Patient Infobox\n|image = 11x23Anna.png\n|name = Anna\n|status = Alive\n|only appearance = [[Time Stops]]\n|seasons = '''[[Grey's Anatomy|GA]]:''' [[Season 11 (Grey's Anatomy)|11]]\n|portrayed by = [[Jasmine Jessica Anthony]]\n}}\n'''Anna''' is a friend of [[Scott Henry]], who was injured in the tunnel collapse.\n\n==History==\n===College Visit===\nAnna and her friends, [[Phillip]] and [[Scott Henry|Scott]] got permission from their parents to drive from their home in Missoula, Montana to [[Seattle]] to visit the University of Washington. Their parents let them go alone because they're nerds who never get into trouble.\n\n===Tunnel Collapse===\nWhile on their way to the university, the car they were in was crushed when a tunnel collapsed. Anna and Phillip were uninjured, but Scott had penetrating abdominal trauma, so he was taken to the hospital. Anna and Phillip came into the hospital looking for him and were shocked when the doctors decided to put Scott in suspended animation using cold saline to cool his body from the inside out. They looked up the procedure on their smart phones and became worried because it has never been done in a human being. They also contacted Scott's parents to come to Seattle.\n\n==Relationships==\n===Friendships===\nShe is friends with [[Scott Henry]] and [[Phillip]]. They made a trip to Seattle for a college visit together.\n\n{{DISPLAYTITLE:Anna}}\n[[Category:Characters]]\n[[Category:GA Characters]]\n[[Category:GA S11 Characters]]"}]}}}}