{"batchcomplete": "", "warnings": {"main": {"*": "Subscribe to the mediawiki-api-announce mailing list at <https://lists.wikimedia.org/postorius/lists/mediawiki-api-announce.lists.wikimedia.org/> for notice of API deprecations and breaking changes."}, "revisions": {"*": "Because \"rvslots\" was not specified, a legacy format has been used for the output. This format is deprecated, and in the future the new format will always be used."}}, "query": {"pages": {"46486": {"pageid": 46486, "ns": 0, "title": "Anna Chue", "revisions": [{"contentformat": "text/x-wiki", "contentmodel": "wikitext", "*": "{{Patient Infobox\n|image = 205AnnaChue.png\n|name = Anna Chue\n|status = Alive\n|diagnosis = Myxopapillary ependymoma\n|doctors = *[[Derek Shepherd]]\n*[[Meredith Grey]]\n|treatment = Tumor resection\n|parents = *[[Mr. Chue]]\n*Mother\n|only appearance = [[Bring the Pain]]\n|seasons = '''[[Grey's Anatomy|GA]]:''' [[Season 2 (Grey's Anatomy)|2]]\n|portrayed by = [[Michelle Krusiec]]\n}}\n\n'''Anna Chue''' is a patient who came in with back pain that was caused by a spinal tumor.\n\n==History==\nAnna had had a twinge in her back for a while. She thought it would go away, but then her legs started to go numb, so she came into the hospital. They ran some tests, which revealed a spinal tumor. Her father insisted that she not have surgery and they'd be taking her home. Because she is Hmong and her father is an elder, Anna agreed that she would be discharged, even though she was advised she'd be paralyzed within 24 hours without surgery.\n\nMeredith talked to Anna to make sure she understood her condition and learned that her father's insistence was because he believed her sickness was caused by one of her souls being missing. Before she could have surgery, she needed a Shaman healing ritual. Derek asked her father about doing that, but he said their Shaman is 500 miles away. Derek offered use of a helicopter to get the Shaman so that he could treat Anna.\n\nThey brought their Shaman to Seattle and had the healing ritual. Once it was complete, Anna was taken into surgery. The surgery went well and Derek said she'd be fine.\n\n==Relationships==\n===Familial===\nAnna and her family are Hmong. She respects her father and their beliefs very highly, so she agreed not to have surgery she needed until after a healing ritual.\n\n==Notes and Trivia==\n*She plays in a band.\n*She goes to University of Washington.\n*Her tongue is pierced.\n\n{{DEFAULTSORT:Chue, Anna}}\n[[Category:Characters]]\n[[Category:GA Characters]]\n[[Category:GA S2 Characters]]\n[[Category:Patients]]\n[[Category:Patients (Neuro)]]"}]}}}}