{"batchcomplete": "", "warnings": {"main": {"*": "Subscribe to the mediawiki-api-announce mailing list at <https://lists.wikimedia.org/postorius/lists/mediawiki-api-announce.lists.wikimedia.org/> for notice of API deprecations and breaking changes."}, "revisions": {"*": "Because \"rvslots\" was not specified, a legacy format has been used for the output. This format is deprecated, and in the future the new format will always be used."}}, "query": {"pages": {"47041": {"pageid": 47041, "ns": 0, "title": "Anne (Break on Through)", "revisions": [{"contentformat": "text/x-wiki", "contentmodel": "wikitext", "*": "{{Patient Infobox\n|image = 215AliceBickhamandAnne.png\n|name = Anne\n|status = Alive\n|only appearance = [[Break on Through]]\n|seasons = '''[[Grey's Anatomy|GA]]:''' [[Season 2 (Grey's Anatomy)|2]]\n|portrayed by = [[Teddi Siddall]]\n}}\n\n'''Anne''' is the girlfriend of [[Alice Bickham]].\n\n==History==\nWhen Alice got the call that she needed to come out to [[Seattle]] to confirm DNR on her mother so they could remove the tube and allow her to die, Anne came with her and supported her as she said goodbye to her mother and sat while she took her last breaths.\n\n==Relationships==\n===Romantic===\nShe is dating [[Alice Bickham]]. Their relationship is serious enough that Anne came to Seattle with Alice when her mother was dying.\n\n{{DISPLAYTITLE:Anne}}\n[[Category:Characters]]\n[[Category:GA Characters]]\n[[Category:GA S2 Characters]]"}]}}}}