{"batchcomplete": "", "warnings": {"main": {"*": "Subscribe to the mediawiki-api-announce mailing list at <https://lists.wikimedia.org/postorius/lists/mediawiki-api-announce.lists.wikimedia.org/> for notice of API deprecations and breaking changes."}, "revisions": {"*": "Because \"rvslots\" was not specified, a legacy format has been used for the output. This format is deprecated, and in the future the new format will always be used."}}, "query": {"pages": {"50002": {"pageid": 50002, "ns": 0, "title": "Annette", "revisions": [{"contentformat": "text/x-wiki", "contentmodel": "wikitext", "*": "{{Patient Infobox\n|image = PP212Annette.png\n|name = Annette\n|status = Alive\n|children = At least one child\n|only appearance = [[Homeward Bound]]\n|seasons = '''[[Private Practice|PP]]:''' [[Season 2 (Private Practice)|2]]\n|portrayed by = [[Elaine Kagan]]\n}}\n'''Annette''' is the girlfriend of [[Cynthia]].\n\n==History==\nAnnette came to the hospital when her girlfriend, Cynthia, has a transient ischemic attack. It was during this visit that Cynthia told her son, [[Seth]], that they were together. Seth left in anger and seeing how upset Cynthia was, Annette told Same to get him back, saying that Cynthia would move to Florida with Seth since she needed her son and grandchildren more than she needed Annette. However, Seth returned and said that he realized that she'd spent her life taking care of him and his father and now she needed to do something for herself. He said she could stay and they'd visit each other.\n\n==Relationships==\n===Romantic===\nShe and [[Cynthia]] have been seeing each other secretly since they met when their kids were young.\n\n===Familial===\nShe has a child who is the same age as [[Seth]].\n[[Category:Characters]]\n[[Category:PP Characters]]\n[[Category:PP S2 Characters]]"}]}}}}