{"batchcomplete": "", "warnings": {"main": {"*": "Subscribe to the mediawiki-api-announce mailing list at <https://lists.wikimedia.org/postorius/lists/mediawiki-api-announce.lists.wikimedia.org/> for notice of API deprecations and breaking changes."}, "revisions": {"*": "Because \"rvslots\" was not specified, a legacy format has been used for the output. This format is deprecated, and in the future the new format will always be used."}}, "query": {"pages": {"75172": {"pageid": 75172, "ns": 0, "title": "Anne Hawkins-Garrett", "revisions": [{"contentformat": "text/x-wiki", "contentmodel": "wikitext", "*": "{{Patient Infobox\n|image = 16x06AnneHawkinsGarrett.png\n|name = Anne Hawkins-Garrett\n|status = Alive\n|marital = [[Lily Hawkins-Garrett]] ''(wife)''\n|children = [[Mary Rose Hawkins-Garrett]]\n|only appearance = [[Whistlin' Past the Graveyard]]\n|seasons = '''[[Grey's Anatomy|GA]]:''' [[Season 16 (Grey's Anatomy)|16]]\n|portrayed by = [[Maxine Bahns]]\n}}\n\n'''Anne Hawkins-Garrett''' is one of the mothers of [[Mary Rose Hawkins-Garrett]].\n\n==History==\nAnne's daughter, Mary Rose, was born with xeroderma pigementosum, which left her extremely vulnerable to ultraviolet light. One day, she was admitted to the hospital because she had second degree burns on both her arms. Her mothers said they didn't know how it happened because they were always so careful and Mary Rose also claimed not to know anything about it. The burns were so severe that Mary Rose was taken into surgery for debridement. After her debridement, she admitted that she'd run outside after her cat, who had escaped. She was worried her cat would get hit by a car, so she put on her helmet, but not her jacket, which is how she got the burns. Jackson agreed not to tell her moms, but said that was a one-time offer. Mary Rose said the burns hurt, so she definitely wouldn't go out without her jacket again.\n\n==Relationships==\n===Romantic===\nShe is married to [[Lily Hawkins-Garrett]].\n\n===Familial===\nShe and her wife have a daughter, Mary Rose.\n\n{{DEFAULTSORT:Hawkins-Garrett, Anne}}\n[[Category:Characters]]\n[[Category:GA Characters]]\n[[Category:GA S16 Characters]]"}]}}}}