{"batchcomplete": "", "warnings": {"main": {"*": "Subscribe to the mediawiki-api-announce mailing list at <https://lists.wikimedia.org/postorius/lists/mediawiki-api-announce.lists.wikimedia.org/> for notice of API deprecations and breaking changes."}, "revisions": {"*": "Because \"rvslots\" was not specified, a legacy format has been used for the output. This format is deprecated, and in the future the new format will always be used."}}, "query": {"pages": {"43754": {"pageid": 43754, "ns": 0, "title": "Anne Chambers", "revisions": [{"contentformat": "text/x-wiki", "contentmodel": "wikitext", "*": "{{Patient Infobox\n|image = 11x22AnneChambers.png\n|name = Anne Chambers\n|status = Alive\n|alias = Screamy\n|diagnosis = Severe burns\n|doctors = *[[Jackson Avery]]\n*[[Jo Wilson]]\n|treatment = *Debridement\n*Skin grafts\n|marital = [[Lance Chambers]] ''(ex-husband)''\n|only appearance = [[She's Leaving Home]]\n|seasons = '''[[Grey's Anatomy|GA]]:''' [[Season 11 (Grey's Anatomy)|11]]\n|portrayed by = [[Elizabeth Ann Bennett]]\n}}\n'''Anne Chambers''' is a patient who was admitted to the burn unit after being in a house fire.\n\n==History==\n===House Fire===\nAnne was in a house fire, which left her with burns over 60% of her body. She was taken to [[Grey Sloan Memorial Hospital]] for treatment.\n\n===Burn Treatment===\nSoon after she was admitted, Anne had her first debridement. Knowing it would be painful for her, [[JJ]] yelled from the bed next to her to grab onto something and find something to bite down on. JJ and Anne bonded as they both continued to be treated for their burns. Anne's husband, [[Lance Chambers|Lance]] disliked it when they joked about their situation.\n\nAt Christmas, Lance brought Anne a present and left her. JJ heard it happened and frantically called for a doctor because Anne was upset. Jo gave Anne something to calm her down and JJ said it was good because he wasn't good enough for her and now this is her fresh start and she proclaimed the day their first Christmas. They began to sing Christmas carols together.\n\nOn New Years Eve, JJ and Anne stayed up to watch the ball drop and then even later just to talk, so Anne told her she'd take the first pain session in the morning. However, when Jo went in to check on JJ, she found that she had died. Anne was devastated to hear that JJ had died.\n\nWhen a new patient, Laura, was put in JJ's old bed, Anne gave her the same advice that JJ had given her on her first day.\n\n==Relationships==\n===Romantic===\nShe was married to [[Lance Chambers]] until he left her on Christmas Eve, saying that it wasn't what he signed up for.\n\n===Friendships===\nWhile she was hospitalized, Anne formed a friendship with [[JJ]], who was in the bed next to hers. JJ made jokes, which helped Anne through the pain of her treatment. When Anne's husband left, JJ said they'd start over and this was their first Christmas. Anne and JJ stayed up until midnight on New Years Eve to watch the ball drop and then even later just talking, so Anne told [[Jo Wilson|Jo]] to let JJ sleep in. However, when Jo checked on JJ, she saw that she wasn't breathing. Anne was devastated at her death.\n\nWhen a new patient was put in JJ's old bed, Anne immediately started talking to her, giving her the same advice that JJ had given her when she'd first been admitted.\n\n{{DEFAULTSORT:Chambers, Anne}}\n[[Category:Characters]]\n[[Category:GA Characters]]\n[[Category:GA S11 Characters]]\n[[Category:Patients]]\n[[Category:Patients (ER)]]\n[[Category:Patients (Plastics)]]\n[[Category:Patients (Trauma)]]"}]}}}}