{"batchcomplete": "", "warnings": {"main": {"*": "Subscribe to the mediawiki-api-announce mailing list at <https://lists.wikimedia.org/postorius/lists/mediawiki-api-announce.lists.wikimedia.org/> for notice of API deprecations and breaking changes."}, "revisions": {"*": "Because \"rvslots\" was not specified, a legacy format has been used for the output. This format is deprecated, and in the future the new format will always be used."}}, "query": {"pages": {"51565": {"pageid": 51565, "ns": 0, "title": "Annette (Deal With It)", "revisions": [{"contentformat": "text/x-wiki", "contentmodel": "wikitext", "*": "{{Other Characters Infobox\n|image = PP5x03Annette.png\n|name = Annette\n|status = Alive\n|children = Daisy\n|only appearance = [[Deal With It]]\n|seasons = '''[[Private Practice|PP]]:''' [[Season 5 (Private Practice)|5]]\n|portrayed by = [[Grace Rowe]]\n}}\n\n'''Annette''' is a member of a mommy group Violet briefly joined.\n\n==History==\nAnnette and her daughter Daisy, were part of a mommy group with [[Lynn (Deal With It)|Lynn]] and her son Truman and [[Trish (Deal With It)|Trish]] and her son Leo. Violet joined their group with Lucas. Violet was shocked to learn that Lynn had only recently stopped breastfeeding her three year old and was co-sleeping with him. And pointed out that Trish's son, Leo, biting wasn't a phase because he was over the age of three. After their first meeting, none of the others would return Violet's phone calls.\n\n==Relationships==\n===Familial===\nShe has a daughter named Daisy.\n\n{{DISPLAYTITLE:Annette}}\n[[Category:Characters]]\n[[Category:PP Characters]]\n[[Category:PP S5 Characters]]"}]}}}}