{"batchcomplete": "", "warnings": {"main": {"*": "Subscribe to the mediawiki-api-announce mailing list at <https://lists.wikimedia.org/postorius/lists/mediawiki-api-announce.lists.wikimedia.org/> for notice of API deprecations and breaking changes."}, "revisions": {"*": "Because \"rvslots\" was not specified, a legacy format has been used for the output. This format is deprecated, and in the future the new format will always be used."}}, "query": {"pages": {"31626": {"pageid": 31626, "ns": 0, "title": "Anne (I Was Made for Lovin' You)", "revisions": [{"contentformat": "text/x-wiki", "contentmodel": "wikitext", "*": "{{Other Characters Infobox\n|image = 9x07Anne.png\n|name = Anne\n|title = J.D.\n|status = Alive\n|job = Lawyer\n|only appearance = [[I Was Made for Lovin' You]]\n|seasons = '''[[Grey's Anatomy|GA]]:''' [[Season 9 (Grey's Anatomy)|9]]\n|portrayed by = [[Francesca Ferrara]]\n}}\n'''Anne''' is one of the lawyers who represented the hospital in the plane crash lawsuit.\n\n==History==\nAnne and [[Michael Baker]] questioned Owen about the details surrounding the plane crash. They informed him that he had signed off on making the change between their previous charter company and the new one, which had a history of mechanical failures.\n\n==Career==\nAnne is a lawyer. She and Michael Baker represented the hospital in the plane crash lawsuit.\n\n{{DISPLAYTITLE:Anne}}\n[[Category:Characters]]\n[[Category:GA Characters]]\n[[Category:GA S9 Characters]]"}]}}}}