{"batchcomplete": "", "warnings": {"main": {"*": "Subscribe to the mediawiki-api-announce mailing list at <https://lists.wikimedia.org/postorius/lists/mediawiki-api-announce.lists.wikimedia.org/> for notice of API deprecations and breaking changes."}, "revisions": {"*": "Because \"rvslots\" was not specified, a legacy format has been used for the output. This format is deprecated, and in the future the new format will always be used."}}, "query": {"pages": {"27666": {"pageid": 27666, "ns": 0, "title": "Anne (Throwing it All Away)", "revisions": [{"contentformat": "text/x-wiki", "contentmodel": "wikitext", "*": "{{Other Characters Infobox\n|image = 10x15Anne.png\n|name = Anne\n|status = Alive\n|job = Human Resources Representative\n|workplace = [[Grey Sloan Memorial Hospital]]\n|only appearance = [[Throwing it All Away]]\n|seasons = '''[[Grey's Anatomy|GA]]:''' [[Season 10 (Grey's Anatomy)|10]]\n|portrayed by = [[Alyson Reed]]\n}}\n'''Anne''' works in Human Resources at [[Grey Sloan Memorial Hospital]].\n\n==History==\n===Harassment Allegations===\nWhen [[Leah Murphy]] filed a complaint, HR was legally obligated to investigate the claims. To do so, they brought in Leah herself, plus [[Arizona Robbins]] and [[Callie Torres]] to answer questions about what happened when they operated together. Anne interviewed Arizona herself and informed Arizona that the complaint hadn\u2019t been filed against her, but against Callie.\n\n===Accident Reports===\nAfter being hit by a gurney pushed by [[Stephanie Edwards]], [[Jackson Avery|Jackson]] had to go to HR to fill out workmen's compensation paperwork and an accident report. Stephanie was in there also filling out an accident report, so Anne directed Jackson to that same conference room.\n\n==Career==\nAnne works in the HR department of [[Grey Sloan Memorial Hospital]].\n\n{{DISPLAYTITLE:Anne}}\n[[Category:Characters]]\n[[Category:GA Characters]]\n[[Category:GA S10 Characters]]\n[[Category:Support Staff]]"}]}}}}