{"batchcomplete": "", "warnings": {"main": {"*": "Subscribe to the mediawiki-api-announce mailing list at <https://lists.wikimedia.org/postorius/lists/mediawiki-api-announce.lists.wikimedia.org/> for notice of API deprecations and breaking changes."}, "revisions": {"*": "Because \"rvslots\" was not specified, a legacy format has been used for the output. This format is deprecated, and in the future the new format will always be used."}}, "query": {"pages": {"49493": {"pageid": 49493, "ns": 0, "title": "Annette Aranda", "revisions": [{"contentformat": "text/x-wiki", "contentmodel": "wikitext", "*": "{{Patient Infobox\n|image = 7x21AnnetteAranda.png\n|name = Annette Aranda\n|status = Alive\n|marital = [[Raul Aranda]] ''(husband)''\n|children = [[Miguel Aranda]]\n|other family = Father or father-in-law \u2020\n|only appearance = [[I Will Survive]]\n|seasons = '''[[Grey's Anatomy|GA]]:''' [[Season 7 (Grey's Anatomy)|7]]\n|portrayed by = [[Toni Torres]]\n}}\n'''Annette Aranda''' is the wife of [[Raul Aranda]].\n\n==History==\nAnnette came to the hospital with her husband, who was coughing up blood. After a bronchoscopy found a tree growing in his lung, he had surgery to remove it and was just fine.\n\n==Relationships==\n===Romantic===\nShe is married to [[Raul Aranda]].\n\n===Familial===\nHer father or father-in-law died of cancer, which she and her son were worried would also happen to Raul.\n\n{{DEFAULTSORT:Aranda, Annette}}\n[[Category:Characters]]\n[[Category:GA Characters]]\n[[Category:GA S7 Characters]]"}]}}}}