{"batchcomplete": "", "warnings": {"main": {"*": "Subscribe to the mediawiki-api-announce mailing list at <https://lists.wikimedia.org/postorius/lists/mediawiki-api-announce.lists.wikimedia.org/> for notice of API deprecations and breaking changes."}, "revisions": {"*": "Because \"rvslots\" was not specified, a legacy format has been used for the output. This format is deprecated, and in the future the new format will always be used."}}, "query": {"pages": {"29214": {"pageid": 29214, "ns": 0, "title": "Annie Cooper (We Are Never Ever Getting Back Together)", "revisions": [{"contentformat": "text/x-wiki", "contentmodel": "wikitext", "*": "{{Patient Infobox\n|image = 10x22AnnieLizCooper.png\n|name = Annie Cooper\n|status = Alive\n|diagnosis = High output cardiac failure\n|doctors = *[[Derek Shepherd]]\n*[[Amelia Shepherd]]\n*[[Callie Torres]]\n*[[Jackson Avery]]\n*[[Meredith Grey]]\n*[[Richard Webber]]\n*[[Leah Murphy]]\n*[[Stephanie Edwards]]\n*[[Shane Ross]]\n|treatment = Separation surgery\n|siblings = [[Liz Cooper]] \u2020\n|parents = Mother \u2020\n|only appearance = [[We Are Never Ever Getting Back Together]]\n|seasons = '''[[Grey's Anatomy|GA]]:''' [[Season 10 (Grey's Anatomy)|10]]\n|portrayed by = [[Alexis Stier]]\n}}\n'''Annie Cooper''' was a patient at [[Grey Sloan Memorial Hospital]] who was in to be surgically separated from her identical twin sister, [[Liz Cooper]].\n\n==History==\n===Childhood===\nAs a child, everything she and her sister did was a show, to the point where they wondered what life would be like not to have an audience for everything.\n\n===Separation===\nAnnie and Liz came into the hospital to be separated because Liz's heart was doing more work than Annie's, causing high output cardiac failure. For the surgery, Liz was designated Twin A and Annie Twin B, meaning that Liz was determined to be the stronger of the two. However, during the surgery, Liz developed a clot in her brain, switching their statuses. [[Derek Shepherd]] was unable to fix the damage caused by the clot and Liz was declared brain dead. After the surgery was completed, Annie made the difficult decision to withdraw care for Liz.\n\n==Personality==\nAnnie is shyer and more reserved than her sister. She was more reluctant to be separated.\n\n==Relationships==\n===Familial===\n====Mother====\nAnnie and Liz's mother was opposed to separating them, saying it was too dangerous.\n\n====[[Liz Cooper]]====\nAnnie has an identical twin sister, Liz. They were conjoined until health issues when they were adults forced them to be separated. Unfortunately, Liz didn\u2019t survive the separation surgery.\n\n===Friendships===\n====[[Dr. Kenzie]]====\nAnnie is very close with her childhood pediatrician, Dr. Kenzie, who accompanied her and her sister to the hospital for their surgery.\n\n==Notes and Trivia==\n*She was 25 at the time of her hospitalization.\n\n{{DISPLAYTITLE:Annie Cooper}}\n{{DEFAULTSORT:Cooper, Annie}}\n[[Category:Characters]]\n[[Category:GA Characters]]\n[[Category:GA S10 Characters]]\n[[Category:Patients]]\n[[Category:Patients (Neuro)]]\n[[Category:Patients (Ortho)]]\n[[Category:Patients (General)]]\n[[Category:Patients (Plastics)]]"}]}}}}