{"batchcomplete": "", "warnings": {"main": {"*": "Subscribe to the mediawiki-api-announce mailing list at <https://lists.wikimedia.org/postorius/lists/mediawiki-api-announce.lists.wikimedia.org/> for notice of API deprecations and breaking changes."}, "revisions": {"*": "Because \"rvslots\" was not specified, a legacy format has been used for the output. This format is deprecated, and in the future the new format will always be used."}}, "query": {"pages": {"48873": {"pageid": 48873, "ns": 0, "title": "Anthony Meloy", "revisions": [{"contentformat": "text/x-wiki", "contentmodel": "wikitext", "*": "{{Patient Infobox\n|image = 520AnthonyMeloy.png\n|name = Anthony Meloy\n|status = Alive\n|diagnosis = *Arm injury\n*Broken rib\n*Aortic rupture\n|doctors = *[[Derek Shepherd]]\n*[[Owen Hunt]]\n*[[Alex Karev]]\n*[[George O'Malley]]\n*[[Kevin Fisher]]\n|treatment = *Psych consult\n*Chest tubes\n*Surgery\n|only appearance = [[Sweet Surrender]]\n|seasons = '''[[Grey's Anatomy|GA]]:''' [[Season 5 (Grey's Anatomy)|5]]\n|portrayed by = [[Jos\u00e9 Z\u00fa\u00f1iga]]\n}}\n'''Anthony Meloy''' came into the ER after being injured when he dove in front of a car driven by [[Dan Gates]].\n\n==History==\nAnthony was a pedestrian when he was hit by a car. He had an injured arm and road rash. He insisted that [[Dan Gates]] was driving like a madman, while Dan said that Anthony jumped in front of his car. Suspicious about the circumstances of the accident, [[George O'Malley]] wanted to get a psych consult, but [[Alex Karev]], who was running the ER, said to discharge him. After George put pressure on him, he agreed to get the consult, but when [[Kevin Fisher]] arrived in the ER to consult, Anthony wasn't in his bed anymore. While they were outside looking for him, they saw him jump out one of the upper windows onto a parked car. They rushed him back into the ER, where they put in chest tubes and rushed him into surgery to repair the damage.\n\n==Notes and trivia==\nHe was 32 at the time of his car accident.\n\n{{DEFAULTSORT:Meloy, Anthony}}\n[[Category:Characters]]\n[[Category:GA Characters]]\n[[Category:GA S5 Characters]]\n[[Category:Patients]]\n[[Category:Patients (ER)]]\n[[Category:Patients (Trauma)]]\n[[Category:Patients (Neuro)]]\n[[Category:Patients (Psych)]]"}]}}}}