{"batchcomplete": "", "warnings": {"main": {"*": "Subscribe to the mediawiki-api-announce mailing list at <https://lists.wikimedia.org/postorius/lists/mediawiki-api-announce.lists.wikimedia.org/> for notice of API deprecations and breaking changes."}, "revisions": {"*": "Because \"rvslots\" was not specified, a legacy format has been used for the output. This format is deprecated, and in the future the new format will always be used."}}, "query": {"pages": {"2448": {"pageid": 2448, "ns": 0, "title": "Archer Montgomery", "revisions": [{"contentformat": "text/x-wiki", "contentmodel": "wikitext", "*": "{{Attending Infobox\n|image = PP2x14-23.jpg\n|name = Archer Forbes Montgomery\n|alias = Archie\n|status = Alive\n|title = M.D.\n|parents = *[[Bizzy Forbes]] \u2020\n*[[\"The Captain\" Montgomery]]\n|siblings = [[Addison Forbes Montgomery]]\n|grandparents = Grandfather\n|other family = *[[Jake Reilly]] ''(brother-in-law)''\n*[[Henry Montgomery]] ''(nephew)''\n*[[Susan Grant]] \u2020 ''(stepmother)''\n|job = *[[Attending]] [[Neurology|Neurologist]]\n*Author\n|workplace = '''Former'''<br>\n[[Pacific Wellcare Center]]\n|first appearance = '''[[Private Practice|PP]]:''' [[Tempting Faith]]\n|last appearance = '''[[Private Practice|PP]]:''' [[Home Again]]\n|only appearance = '''[[Grey's Anatomy|GA]]:''' [[Before and After]]\n|count = 8\n|seasons = *'''[[Grey's Anatomy|GA]]:''' [[Season 5 (Grey's Anatomy)|5]]\n*'''[[Private Practice|PP]]:''' [[Season 2 (Private Practice)|2]] and [[Season 4 (Private Practice)|4]]\n|portrayed by = [[Grant Show]]\n}}\n\n'''Archer Forbes Montgomery''' is the brother of [[Addison Forbes Montgomery|Addison Montgomery]]. He is a famous neurologist and author.\n\n==History==\n===Early Life===\nArcher was born in [[Connecticut]] into a wealthy background along with his younger sister, [[Addison Forbes Montgomery|Addie]], and mother, [[Bizzy Forbes]].\n\nWhen Addison was seven, she fell off her bike in the vineyard while going downhill because her tire came off. She flipped over the handlebars and scraped her face, but Archer picked her up, told her it was going to be okay, and carried her the half mile back home. This is how Addison has always seen her brother, as the big brother who carried her home. ''(\"[[Acceptance]]\")''\n\n===Coming to Los Angeles===\nArcher came to Los Angeles without telling his sister he was coming. She discovered him on her kitchen floor, having sex. He told her he was there for a winter launch party for his publisher. After the party, he took Naomi home and had sex with her, upsetting his sister and Sam, who punched Archer when he found out. During the party, Archer told [[Kevin Nelson|Kevin]], Addison's boyfriend, that he wasn't good enough for her, causing him to doubt their relationship. Addison confronted Archer on that and told him he needed to leave. ''(\"[[Tempting Faith]]\")''\n\n===Return to Los Angeles===\nArcher returned to Los Angeles when he was hired to replace [[Wyatt Lockhart]] at [[Pacific Wellcare Center]]. ''(\"[[Nothing to Fear]]\")''\n\nHis first case in Los Angeles was [[Jane Williams]], a pregnant woman who had had a stroke. He and Addison disagreed about her treatment but ultimately worked together to save her life and her baby. After the case was finished, Addison said that she was glad he was there, but he needed to stay out of her personal life. ''(\"[[Second Chances]]\")''\n\n===Neurocysticercosis===\nAfter Archer had a tonic-clonic seizure after having sex with Naomi, she took him to the hospital. He insisted that he was okay and left the hospital against medical advice after telling Naomi not to tell Addison. When Naomi pushed, he admitted he had an inoperable glioma in his brain. Naomi cracked and told Addison, who got Archer's scans. While he was looking at his scans, they noticed upward-gaze palsy, which wasn't consistent with his diagnosis, so they got another CT scan. When they saw multiple lesions, Archer diagnosed himself with neurocysticercosis. Addison wanted to call Derek to see if he could remove them. Archer wanted to try antiparasitics instead. Addison pleaded with him, saying she wanted to fix it because she didn't want to lose him. When he had another seizure, he was admitted to the hospital and given a paralyzing agent in an attempt to stop the seizures. When that didn't work, the neurologist wanted to induce a coma. Once Archer was in the coma, Addison called Derek to see if he could help. ''(\"[[Acceptance]]\")''\n\nArcher was brought to Seattle for Derek to operate on him. He had to be stabilized in the ER before being taken to CT, which revealed that the single cyst from his previous CT had multiplied and he now had eight. They were clogging the left ventricle. Derek said surgery wasn't an option and Archer was going to die. He consulted with two other surgeons who agreed that it was inoperable. However, Addison encouraged him to try harder and Sam suggested that he think about it as if there were only one and work on a plan to extract them one at a time. Archer didn't believe Derek could do it and didn't want to have the surgery, but Derek goaded him into agreeing to the surgery by calling him a coward. He removed the first seven cysts easily, but the eighth cyst ruptured in his brain and released the worm into his brain. Archer's heart stopped, but Derek insisted on finding the worm before starting compressions. He found the worm and Archer stabilized. He was stable in his room after surgery. ''(\"[[Before and After]]\")''\n\nArcher woke up after his surgery. Because his speech was still slurred and his vision was blurry, he was convinced that Derek missed something and demanded that he run a CT. Derek denied his request, saying his exam was normal. However, Archer went around him and the CT showed what looked like persistent cysts. He believed he was going to die, so he confessed to several embarrassing things. When Derek saw the CT, he came into Archer's room and explained the sacs had filled with fluid and would clear in a month. ''(\"[[Ex-Life]]\")''\n\n===Leaving for New York===\nAfter Addison told Naomi that Archer was cheating on her, he decided to go back to New York. He left without saying anything to Naomi about it. ''(\"[[Wait and See]]\")''\n\n===Bizzy's Funeral===\nAfter Bizzy killed herself, the family gathered in Connecticut for a public memorial service and a private internment. The night before the memorial, Archer slept with Naomi. After the memorial, he got drunk. And at the internment, he cried. ''(\"[[Home Again]]\")''\n\n==Relationships==\n===Romantic===\nOn arrival in LA, Addison walked in on Archer having sex with a woman in her kitchen. ''(\"[[Tempting Faith]]\")''\n\n====[[Naomi Bennett]]====\nAfter his publisher's launch party, Archer took Naomi home and they had sex. ''(\"[[Tempting Faith]]\")''\n\nWhen he was hired by Pacific Wellcare and returned, they resumed their sexual relationship. ''(\"[[Nothing to Fear]]\")''\n\nNaomi enjoyed the sex, but she was upset to learn that Archer had a date with another woman. He said that he was the good-time guy and wasn't going to be her boyfriend. However, he showed up at her house instead of going on his date, saying he'd rather be with her. ''(\"[[Second Chances]]\")''\n\nWhen he believed he was dying, he lamented not being able to be a better man for her. ''(\"[[Ex-Life]]\")''\n\nShortly after his recovery, Addison caught him with another woman while Naomi believed they were monogamous. Not long after that, she caught him after sleeping with [[Charlotte King]]. She told Naomi that he was cheating and Naomi went to his office to find that he had left. ''(\"[[Wait and See]]\")''\n\nWhen Naomi came to Connecticut for Bizzy's funeral, she and Archer slept together. ''(\"[[Home Again]]\")''\n\n====[[Charlotte King]]====\nHe had sex once with [[Charlotte King]]. ''(\"[[Wait and See]]\")''\n\n===Familial===\nHe is very close with his sister, Addison.\n\n===Friendships===\nArcher was part of Addison and Derek's group of friends but he always disliked Derek even before the divorce, with Derek referring to him as \"an ass\". ''(\"[[Before and After]]\")''\n\n==Career==\nHe is a world class neurologist and a famous author, writing up interesting medical cases he has had. ''(\"[[Tempting Faith]]\")''\n\n==Notes and Trivia==\n*He slept with Amy Garrison, Mark's sophomore year girlfriend.<ref>[[Ex-Life]], 2x16 (PP)</ref>\n*He once wrecked Sam's car and let someone else take the blame.<ref>[[Ex-Life]], 2x16 (PP)</ref>\n*He and Addison are both terrible sailors, to The Captain's disappointment.<ref>[[Losing Battles]], 5x12 (PP)</ref>\n\n==Gallery==\n===Episodic===\n<gallery type=\"slideshow\" position=\"center\" crop=\"true\" hideaddbutton=\"true\">\nPP207ArcherMontgomery.png|[[Tempting Faith]]\nPP213ArcherMontgomery.png|[[Nothing to Fear]]\nPP214ArcherMontgomery.png|[[Second Chances]]\nPP215ArcherMontgomery.png|[[Acceptance]]\n515ArcherMontgomery.png|[[Before and After]]\nPP216ArcherMontgomery.png|[[Ex-Life]]\nPP217ArcherMontgomery.png|[[Wait and See]]\nPP4x14ArcherMontgomery.png|[[Home Again]]\n</gallery>\n\n===Episode Stills===\n<gallery orientation=\"landscape\" position=\"center\" spacing=\"small\" bordersize=\"none\" hideaddbutton=\"true\">\nPP2x07-1.jpg\nPP2x07-4.jpg\nPP2x07-11.jpg\nPP2x07-13.jpg\nPP2x07-16.jpg\nPP2x07-17.jpg\nPP2x07-18.jpg\nPP2x07-19.jpg\nPP2x07-21.jpg\nPP2x14-1.jpg\nPP2x14-2.jpg\nPP2x14-4.jpg\nPP2x14-9.jpg\nPP2x14-23.jpg\n5x15-3.jpg\n5x15-5.jpg\n5x15-6.jpg\n5x15-16.jpg\n5x15-20.jpg\nPP2x16-4.jpg\nPP2x16-5.jpg\nPP2x16-18.jpg\nPP2x16-24.jpg\nPP4x14-10.jpg\nPP4x14-11.jpg\nPP4x14-21.jpg\nPP4x14-23.jpg\n</gallery>\n\n==Appearances==\n{{Archer Montgomery Appearances}}\n\n[[de:Archer Montgomery]]\n\n{{Scrollbox}}\n\n{{DEFAULTSORT:Montgomery, Archer}}\n[[Category:Characters]]\n[[Category:GA Characters]]\n[[Category:GA S5 Characters]]\n[[Category:PP Characters]]\n[[Category:PP S2 Characters]]\n[[Category:PP S4 Characters|Archer Montgomery]]\n[[Category:Doctors]]\n[[Category:Patients]]\n[[Category:Patients (Neuro)]]"}]}}}}