{"batchcomplete": "", "warnings": {"main": {"*": "Subscribe to the mediawiki-api-announce mailing list at <https://lists.wikimedia.org/postorius/lists/mediawiki-api-announce.lists.wikimedia.org/> for notice of API deprecations and breaking changes."}, "revisions": {"*": "Because \"rvslots\" was not specified, a legacy format has been used for the output. This format is deprecated, and in the future the new format will always be used."}}, "query": {"pages": {"48305": {"pageid": 48305, "ns": 0, "title": "Archie Roche", "revisions": [{"contentformat": "text/x-wiki", "contentmodel": "wikitext", "*": "{{Patient Infobox\n|image = 4x02-26.jpg\n|name = Archie Roche\n|status = Alive\n|diagnosis = *Second and third-degree burns\n*Facial contusions\n*3-part proximal humerus fracture\n*High blood pressure\n|doctors = *[[Mark Sloan]]\n*[[Callie Torres]]\n*[[Izzie Stevens]]\n|treatment = *Burn debridement\n*Percutaneous reduction\n*Internal fixation\n*Blood pressure medicine\n|only appearance = [[Love/Addiction]]\n|seasons = '''[[Grey's Anatomy|GA]]:''' [[Season 4 (Grey's Anatomy)|4]]\n|portrayed by = [[Ben Vereen]]\n}}\n\n'''Archie Roche''' came into the ER with burns when a meth lab in his building exploded.\n\n==History==\nArchie came into the ER with burns after being an explosion in his building. He also had a broken arm. His burns were debrided in the the ER.\n\nWhen they found out that the explosion was caused by a meth lab, the doctors asked Archie if he'd been using meth, which he said he wasn't. He was then taken into surgery to reduce his arm. He was stable and awake after his surgery.\n\n==Relationships==\n===Friendships===\n[[Dave Kristler|Dave]] and [[Marla Kristler]] live upstairs from him. They're very close and he sometimes babysat their son, [[Brian Kristler|Brian]]. He was concerned when they were all hospitalized and disappointed when he learned that Marla and Dave had been cooking meth in their apartment.\n\n==Notes and Trivia==\n*He was 60 at the time of the explosion.\n\n==Gallery==\n===Episode Stills===\n<gallery orientation=\"landscape\" position=\"center\" spacing=\"small\" bordersize=\"none\" hideaddbutton=\"true\">\n4x02-2.jpg\n4x02-11.jpg\n4x02-13.jpg\n4x02-14.jpg\n4x02-22.jpg\n4x02-23.jpg\n4x02-26.jpg\n</gallery>\n\n{{DEFAULTSORT:Roche, Archie}}\n[[Category:Characters]]\n[[Category:GA Characters]]\n[[Category:GA S4 Characters]]\n[[Category:Patients]]\n[[Category:Patients (ER)]]\n[[Category:Patients (Plastics)]]\n[[Category:Patients (Ortho)]]\n[[Category:Patients (Trauma)]]"}]}}}}