{"batchcomplete": "", "warnings": {"main": {"*": "Subscribe to the mediawiki-api-announce mailing list at <https://lists.wikimedia.org/postorius/lists/mediawiki-api-announce.lists.wikimedia.org/> for notice of API deprecations and breaking changes."}, "revisions": {"*": "Because \"rvslots\" was not specified, a legacy format has been used for the output. This format is deprecated, and in the future the new format will always be used."}}, "query": {"pages": {"24566": {"pageid": 24566, "ns": 0, "title": "Ari Rocchi", "revisions": [{"contentformat": "text/x-wiki", "contentmodel": "wikitext", "*": "{{Patient Infobox\n|image = 10x04AriRocchi.png\n|name = Ari Rocchi\n|status = Alive\n|alias = Big Bird\n|diagnosis = Gastric rupture\n|doctors = *[[Meredith Grey]]\n*[[Derek Shepherd]]\n*[[Cristina Yang]]\n|treatment = Surgery\n|job = Party planner\n|only appearance = [[Puttin' on the Ritz]]\n|seasons = '''[[Grey's Anatomy|GA]]:''' [[Season 10 (Grey's Anatomy)|10]]\n|portrayed by = [[Donielle Artese]]\n}}\n'''Ari Rocchi''' is a party planner who planned the fundraising gala for [[Grey Sloan Memorial Hospital]].\n\n==History==\n===Fundraising Gala===\nWhen [[Jackson Avery|Jackson]] saw how flashy the gala was, he confronted Ari, who said that it was good to have pizazz and spectacles because when people think of hospitals, they think of death, disease, and old people, so the gala needs to be fun, because people are more likely to open their wallets if they\u2019re having fun.\n\n===Injuries and Surgery===\nWhen Ari saw the aerialist start to fall, she ran to catch her, but instead was only able to break her fall, which injured her. She was taken to the hospital where [[Meredith Grey]] operated on her gastric rupture.\n\n==Career==\nAri is a party planner. At one point in her career, she was hired by\u00a0[[Jackson Avery]]\u00a0to plan a fundraising gala for\u00a0[[Grey Sloan Memorial Hospital]].\n\n{{DEFAULTSORT:Rocchi, Ari}}\n[[Category:Characters]]\n[[Category:GA Characters]]\n[[Category:GA S10 Characters]]\n[[Category:Patients]]\n[[Category:Patients (Trauma)]]\n[[Category:Patients (General)]]"}]}}}}