{"batchcomplete": "", "warnings": {"main": {"*": "Subscribe to the mediawiki-api-announce mailing list at <https://lists.wikimedia.org/postorius/lists/mediawiki-api-announce.lists.wikimedia.org/> for notice of API deprecations and breaking changes."}, "revisions": {"*": "Because \"rvslots\" was not specified, a legacy format has been used for the output. This format is deprecated, and in the future the new format will always be used."}}, "query": {"pages": {"3948": {"pageid": 3948, "ns": 0, "title": "Aria Torres", "revisions": [{"contentformat": "text/x-wiki", "contentmodel": "wikitext", "*": "{{Character Family Infobox\n|image = Noimage.png\n|name = Aria Torres\n|status = Alive\n|parents = *[[Lucia Torres]]\n*[[Carlos Torres]] ''(step-father)''\n|siblings = [[Callie Torres]] ''(half-sister)''\n|other family = *[[Sofia Robbin Sloan Torres]] ''(niece)''\n*Aunts\n}}\n\n'''Aria Torres''' is the half-sister of [[Callie Torres]].\n\n==History==\n===Early Life===\nAria may have grown up in Miami with her half-sister, Callie.\n\n==Relationships==\n===[[Callie Torres]]===\nAfter her father returned from Seattle with the news that Callie now had a girlfriend; Aria, her mother, her aunt, her father, and more of their family started to ignore Callie and disowned her. ''((\"[[No Good at Saying Sorry (One More Chance)]]\")''\n\nIt is not known whether she eventually renewed her relationship with Callie or if she continues to ignore her.\n\n==Notes and Trivia==\n*Creator [[Shonda Rhimes]] stated on Twitter that Aria and Callie perhaps don't have the same father, as [[Carlos Torres]]\u00a0mentioned Callie was his only little girl.\n*In the episode\u00a0[[White Wedding]], it\u00a0is suggested that Callie's mother has never been divorced and would not have a baby out of wedlock. However, it is possible that Callie's mother was married to someone else before she met Carlos.\n\n{{DEFAULTSORT: Torres, Aria}}\n[[Category:Characters]]\n[[Category:GA Characters]]\n[[Category:Mentioned Characters]]"}]}}}}