{"batchcomplete": "", "warnings": {"main": {"*": "Subscribe to the mediawiki-api-announce mailing list at <https://lists.wikimedia.org/postorius/lists/mediawiki-api-announce.lists.wikimedia.org/> for notice of API deprecations and breaking changes."}, "revisions": {"*": "Because \"rvslots\" was not specified, a legacy format has been used for the output. This format is deprecated, and in the future the new format will always be used."}}, "query": {"pages": {"48491": {"pageid": 48491, "ns": 0, "title": "Ariana", "revisions": [{"contentformat": "text/x-wiki", "contentmodel": "wikitext", "*": "{{Patient Infobox\n|image = 408Ariana.png\n|name = Ariana\n|status = Alive\n|only appearance = [[Forever Young]]\n|seasons = '''[[Grey's Anatomy|GA]]:''' [[Season 4 (Grey's Anatomy)|4]]\n|portrayed by = [[Courtney Hope]]\n}}\n'''Ariana''' is a friend of [[Tricia Hale]].\n\n==History==\nAriana came to visit Tricia in her hospital room after she was injured. She told Tricia that she prayed about it and she'd be taken over as Cheer Captain while Tricia recovered. She also said that she called Randy and said she thinks she convinced him still to take Tricia to Homecoming even though she was injured.\n\n==Relationships==\n===Friendships===\nShe, [[Tricia Hale]], [[Courtney (Forever Young)|Courtney]], and [[Molly (Forever Young)|Molly]] are friends.\n[[Category:Characters]]\n[[Category:GA Characters]]\n[[Category:GA S4 Characters]]"}]}}}}