{"batchcomplete": "", "warnings": {"main": {"*": "Subscribe to the mediawiki-api-announce mailing list at <https://lists.wikimedia.org/postorius/lists/mediawiki-api-announce.lists.wikimedia.org/> for notice of API deprecations and breaking changes."}, "revisions": {"*": "Because \"rvslots\" was not specified, a legacy format has been used for the output. This format is deprecated, and in the future the new format will always be used."}}, "query": {"pages": {"27379": {"pageid": 27379, "ns": 0, "title": "Ariel Williams", "revisions": [{"contentformat": "text/x-wiki", "contentmodel": "wikitext", "*": "{{Patient Infobox\n|image = 10x14ArielWilliams.png\n|name = Ariel Williams\n|status = Alive\n|diagnosis = Li-Fraumeni Syndrome\n|doctors = [[Miranda Bailey]]\n|siblings = *[[Rory Williams]] \u2020\n|parents = *[[Patricia Williams]]\n*[[Brian Williams]]\n|other family = *Billy ''(unknown)''\n|only appearance = [[You've Got to Hide Your Love Away]]\n|seasons = '''[[Grey's Anatomy|GA]]:''' [[Season 10 (Grey's Anatomy)|10]]\n|portrayed by = [[Abigail Mavity]]\n}}\n'''Ariel Williams''' is the sister of [[Rory Williams]].\n\n==History==\n===Cancer===\nHer mom's family has a history of repeated cancer, which manifested in her sister, [[Rory Williams|Rory]].\n\n===Rory's Cancer===\nRory had brain cancer at age ten which was fully cured. However, when Rory was sixteen, she was diagnosed with osteosarcoma and was also discovered to have a tumor in her chest.\n\n===Li-Fraumeni===\nRory having three cancers by age sixteen and the family history of prominent cancer diagnoses prompted [[Miranda Bailey]] to look for a genetic reason. She discovered a mutation of the P53 gene and concluded that the family carried Li-Fraumeni Syndrome, which affects their bodies' ability to regulate cell growth.\n\n===Rory's Death===\nRory became unresponsive and wasn\u2019t breathing properly, so she was rushed into surgery. Despite the doctors' best efforts, Rory bled out into her chest and died. When the doctors came to tell the Williams family, they were distraught and it prompted Ariel to ask the doctors if she also had Li-Fraumeni, which she did.\n\n==Relationships==\n===Familial===\n====Parents====\nAriel gets along well with her parents, though she was exasperated at their desire to set up a foundation for Li-Fraumeni in their family's name.\n\n====[[Rory Williams]]====\nAriel got along well with her sister and even joked with her that her cancer was getting them both out of finals and had previously gotten them a puppy. When Rory died, it gave Ariel the push she needed to know whether or not she had the same syndrome Rory had. When it turned out that she did, she said it was good because she'd always wanted to be just like Rory.\n\n{{DEFAULTSORT:Williams, Ariel}}\n[[Category:Characters]]\n[[Category:GA Characters]]\n[[Category:GA S10 Characters]]\n[[Category:Patients]]\n[[Category:Patients (Genetics)]]\n[[Category:Patients (Peds)]]"}]}}}}