{"batchcomplete": "", "warnings": {"main": {"*": "Subscribe to the mediawiki-api-announce mailing list at <https://lists.wikimedia.org/postorius/lists/mediawiki-api-announce.lists.wikimedia.org/> for notice of API deprecations and breaking changes."}, "revisions": {"*": "Because \"rvslots\" was not specified, a legacy format has been used for the output. This format is deprecated, and in the future the new format will always be used."}}, "query": {"pages": {"48321": {"pageid": 48321, "ns": 0, "title": "Arlene Travis", "revisions": [{"contentformat": "text/x-wiki", "contentmodel": "wikitext", "*": "{{Character Family Infobox\n|image = 4x04-8.jpg\n|name = Arlene Travis\n|status = Alive\n|children = [[Camille Travis]]\n|siblings = [[Adele Webber]] \u2020\n|other family = [[Richard Webber]] ''(brother-in-law)''\n|only appearance = [[The Heart of the Matter]]\n|seasons = '''[[Grey's Anatomy|GA]]:''' [[Season 4 (Grey's Anatomy)|4]]\n|portrayed by = [[Shelley Robertson]]\n}}\n\n'''Arlene Travis''' is [[Adele Webber|Adele Webber's]] sister.\n\n==History==\nArlene came into the ER with her daughter when Camille wasn't breathing. She was panicked and upset.\n\nWhen they found out that Camille's cancer had spread to her chest, lungs, and throat, Camille decided that she wanted to die. However, Adele and Arlene asked Richard to convince her to have some more treatment. He developed a plan and went in to talk to her, but decided against it, realizing that it wouldn't do anything good and it would just torture her.\n\n==Relationships==\n===Familial===\nHer daughter, Camille, was diagnosed with cancer when she was 14. When the cancer came back when Camille was 18, Arlene was devastated.\n\nShe gets along well with her sister, but is said to hate her sister's husband, Richard.\n\n==Gallery==\n===Episode Stills===\n<gallery orientation=\"landscape\" position=\"center\" spacing=\"small\" bordersize=\"none\" hideaddbutton=\"true\">\n4x04-1.jpg\n4x04-8.jpg\n</gallery>\n\n[[de:Arlene Travis]]\n\n{{DEFAULTSORT:Travis, Arlene}}\n[[Category:Characters]]\n[[Category:GA Characters]]\n[[Category:GA S4 Characters]]"}]}}}}