{"batchcomplete": "", "warnings": {"main": {"*": "Subscribe to the mediawiki-api-announce mailing list at <https://lists.wikimedia.org/postorius/lists/mediawiki-api-announce.lists.wikimedia.org/> for notice of API deprecations and breaking changes."}, "revisions": {"*": "Because \"rvslots\" was not specified, a legacy format has been used for the output. This format is deprecated, and in the future the new format will always be used."}}, "query": {"pages": {"48586": {"pageid": 48586, "ns": 0, "title": "Arnie Grandy", "revisions": [{"contentformat": "text/x-wiki", "contentmodel": "wikitext", "*": "{{Patient Infobox\n|image = 504ArnieGrandy.png\n|name = Arnie Grandy\n|status = Alive\n|diagnosis = *Scalp laceration\n*Brain tumor\n|doctors = *[[Derek Shepherd]]\n*[[Mark Sloan]]\n*[[Izzie Stevens]]\n*[[Alex Karev]]\n*[[Graciella Guzman]]\n|treatment = *Stitches\n*Tumor resection\n|marital = [[Marianne Grandy]] ''(wife)''\n|only appearance = [[Brave New World]]\n|seasons = '''[[Grey's Anatomy|GA]]:''' [[Season 5 (Grey's Anatomy)|5]]\n|portrayed by = [[Larry Brandenburg]]\n}}\n'''Arnie Grandy''' is a patient who came in with a cut on his head and was found to have a brain tumor.\n\n==History==\nArnie came into the ER with a cut on his forehead that he sustained when his wife threw a television remote at him. She was mad at him for being tired all the time.\n\nWhile stitching his face, Izzie noticed that one side of his face drooped, so she ordered a CT. The CT showed a brain tumor larger than a baseball, which was causing his lethargy. They planned surgery to remove it that involved pulling his face down and opening his skull.\n\nAfter his surgery, his wife was told he'd be okay.\n\n==Relationships==\n===Romantic===\nHe is married to [[Marianne Grandy]]. When he slept through their entire vacation, she was upset. She stated her intent to divorce him while he was in the hospital, but later recanted when she found out he had a brain tumor.\n\n{{DEFAULTSORT:Grandy, Arnie}}\n[[Category:Characters]]\n[[Category:GA Characters]]\n[[Category:GA S5 Characters]]\n[[Category:Patients]]\n[[Category:Patients (ER)]]\n[[Category:Patients (Neuro)]]"}]}}}}