{"batchcomplete": "", "warnings": {"main": {"*": "Subscribe to the mediawiki-api-announce mailing list at <https://lists.wikimedia.org/postorius/lists/mediawiki-api-announce.lists.wikimedia.org/> for notice of API deprecations and breaking changes."}, "revisions": {"*": "Because \"rvslots\" was not specified, a legacy format has been used for the output. This format is deprecated, and in the future the new format will always be used."}}, "query": {"pages": {"81673": {"pageid": 81673, "ns": 0, "title": "Arthur Beaton", "revisions": [{"contentformat": "text/x-wiki", "contentmodel": "wikitext", "*": "{{Patient Infobox\n|image = 17x11ArthurBeaton.png\n|name = Arthur Beaton\n|status = Alive\n|diagnosis = *Ventricular septal defects\n*Cardiomyopathy\n*Heart failure\n|doctors = *[[Cormac Hayes]]\n*[[Reza Khan]]\n|treatment = *ECMO\n*Double-pump EXCOR\n|parents = *[[Chris Beaton]]\n*[[Hollie Beaton]]\n|only appearance = [[Sorry Doesn't Always Make It Right]]\n|seasons = '''[[Grey's Anatomy|GA]]:''' [[Season 17 (Grey's Anatomy)|17]]\n}}\n\n'''Arthur Beaton''' is a toddler who was born with multiple VSDs.\n\n==History==\nArthur was born with multiple ventricular septal defects. During the [[COVID-19 Pandemic|pandemic]], his parents took extra precautions because of his heart, but he still ended up in the hospital in heart failure. He'd been put on ECMO, but after 12 days, he still hadn't had a heart transplant. Desperate to do something to extend his time, Cormac suggested an artificial heart. Maggie rejected the suggestion, saying his chest cavity wasn't large enough to accommodate the cannulas and they'd have to leave his chest open to avoid compressing his other internal organs. Cormac then suggested removing both his ventricles, giving them the extra space they needed. His father, Chris, consented to the surgery, so they proceeded. After surgery, Arthur was stable and waiting for his new heart.\n\n==Relationships==\n===Familial===\nHis mother suffered severe depression while he was hospitalized. She was unable to log into work for several weeks.\n\n==Notes and Trivia==\n*He was 14 months old at the time of his surgery.\n\n==Gallery==\n===Episode Stills===\n<gallery orientation=\"landscape\" position=\"center\" spacing=\"small\" bordersize=\"none\" hideaddbutton=\"true\">\n17x11-10.jpg\n17x11-17.jpg\n</gallery>\n\n{{DEFAULTSORT:Beaton, Arthur}}\n[[Category:Characters]]\n[[Category:GA Characters]]\n[[Category:GA S17 Characters]]\n[[Category:Patients]]\n[[Category:Patients (Cardio)]]\n[[Category:Patients (Peds)]]"}]}}}}