{"batchcomplete": "", "warnings": {"main": {"*": "Subscribe to the mediawiki-api-announce mailing list at <https://lists.wikimedia.org/postorius/lists/mediawiki-api-announce.lists.wikimedia.org/> for notice of API deprecations and breaking changes."}, "revisions": {"*": "Because \"rvslots\" was not specified, a legacy format has been used for the output. This format is deprecated, and in the future the new format will always be used."}}, "query": {"pages": {"70283": {"pageid": 70283, "ns": 0, "title": "Arthur Krug", "revisions": [{"contentformat": "text/x-wiki", "contentmodel": "wikitext", "*": "{{Patient Infobox\n|image = 15x03ArthurKrug.png\n|name = Arthur Krug\n|status = Alive\n|diagnosis = Facial contusions\n|doctors = *[[Richard Webber]]\n*[[Nico Kim]]\n|parents = *[[Ava Krug]]\n*Father\n|grandparents = Grandfather\n|only appearance = [[Gut Feeling]]\n|seasons = '''[[Grey's Anatomy|GA]]:''' [[Season 15 (Grey's Anatomy)|15]]\n|portrayed by = [[Terrell Ransom Jr.]]\n}}\n'''Arthur Krug''' is a patient who came into the ER with bruises to his face from a wooden block.\n\n==History==\nArthur came into the ER after being hit with wood blocks that went flying when his teacher, [[Dave Buckley]], passed out, pushing Kevin Gailis into a table saw. An x-ray showed that none of the bones in his face were broken, so he was quickly discharged. After being released, he and his mother waited at the hospital to hear how Dave Buckley was doing. When Arthur and his mom learned that Buckley had been drunk at the time, they didn't believe it. His mother even spoke directly with Richard about him getting drunk after two sips of champagne at a wedding, which prompted Richard to diagnose him with auto-brewery syndrome. After Kevin was out of surgery, Arthur and Buckley visited him in his recovery room.\n\n==Relationships==\n===Familial===\nHis mother says his father was an alcoholic, as was his grandfather.\n\n{{DEFAULTSORT:Krug, Arthur}}\n[[Category:Characters]]\n[[Category:GA Characters]]\n[[Category:GA S15 Characters]]\n[[Category:Patients]]\n[[Category:Patients (ER)]]\n[[Category:Patients (Ortho)]]\n[[Category:Patients (Trauma)]]"}]}}}}