{"batchcomplete": "", "warnings": {"main": {"*": "Subscribe to the mediawiki-api-announce mailing list at <https://lists.wikimedia.org/postorius/lists/mediawiki-api-announce.lists.wikimedia.org/> for notice of API deprecations and breaking changes."}, "revisions": {"*": "Because \"rvslots\" was not specified, a legacy format has been used for the output. This format is deprecated, and in the future the new format will always be used."}}, "query": {"pages": {"53624": {"pageid": 53624, "ns": 0, "title": "Arvin", "revisions": [{"contentformat": "text/x-wiki", "contentmodel": "wikitext", "*": "{{Patient Infobox\n|image = 12x23Arvin.png\n|name = Arvin\n|status = Alive\n|doctors = [[Alex Karev]]\n|parents = Father\n|only appearance = [[At Last]]\n|seasons = '''[[Grey's Anatomy|GA]]:''' [[Season 12 (Grey's Anatomy)|12]]\n|portrayed by = [[Matthew Glen Johnson]]\n}}\n\n'''Arvin''' came into the ER after crashing the car he was driving into a wall outside the hospital.\n\n==History==\nArvin was learning to drive from [[Noah (At Last)|Noah]], along with [[Rhys]]. When Rhys passed out in the car, Noah had Arvin drive them to the hospital. While trying to park, Arvin ran the car into a wall. Because of the crash, Alex brought him into the ER and checked him out. Alex proclaimed that he had no sign of any injuries.\n\nHe called his dad from the ER and assured him that while he'd run into a wall, he was okay.\n\n==Relationships==\n===Familial===\nHis father was worried about him. Arvin tried to downplay the damage he'd done to the car he was driving when talking to him.\n[[Category:Characters]]\n[[Category:GA Characters]]\n[[Category:GA S12 Characters]]\n[[Category:Patients]]\n[[Category:Patients (ER)]]\n[[Category:Patients (Peds)]]\n[[Category:Patients (Trauma)]]"}]}}}}