{"batchcomplete": "", "warnings": {"main": {"*": "Subscribe to the mediawiki-api-announce mailing list at <https://lists.wikimedia.org/postorius/lists/mediawiki-api-announce.lists.wikimedia.org/> for notice of API deprecations and breaking changes."}, "revisions": {"*": "Because \"rvslots\" was not specified, a legacy format has been used for the output. This format is deprecated, and in the future the new format will always be used."}}, "query": {"pages": {"22353": {"pageid": 22353, "ns": 0, "title": "Ashley Glazier", "revisions": [{"contentformat": "text/x-wiki", "contentmodel": "wikitext", "*": "{{Patient Infobox\n|image = 10x08AshleyGlazier.png\n|name = Ashley Glazier\n|status = Alive\n|marital = [[Don Glazier]] ''(husband)''\n|children = [[Nathan Glazier]]\n|first appearance = [[Two Against One]]\n|last appearance = [[Man on the Moon]]\n|count = 3\n|seasons = '''[[Grey's Anatomy|GA]]:''' [[Season 10 (Grey's Anatomy)|10]]\n|portrayed by = [[Melissa Center]]\n}}\n'''Ashley Glazier''' is the mother of [[Nathan Glazier]].\n\n==History==\n===Nathan's Synthetic Graft===\nAshley's son, Nathan, was born with hypoplastic left heart syndrome. As an infant, he had surgery to place a synthetic conduit in his heart to divert the blood flow. However, his body rejected the conduit. While they fought the rejection, the doctors looked for other options.\n\n===Nathan's Printed Conduit===\nShane found research from Japan where they were 3D printing conduits and seeding them with the patients' own cells to prevent rejection. He suggested it for Nathan. Cristina initially rejected it, but agreed to try it when Nathan went into heart failure. ''(\"[[Two Against One]]\")''\n\nBecause of the interest in Nathan's surgery, the doctors asked for his parents' consent to live-stream his surgery so interested doctors could watch. They were reluctant because they wanted the focus to be on Nathan, but Cristina assured them Nathan would be her only focus, so they agreed.\n\nAfter his surgery was completed, they were upset because they weren't able to hold him right away, but they were later told the conduit appeared to be working and Nathan was able to come off the oscillator. ''(\"[[Man on the Moon]]\")''\n\nAshley later sent Cristina a picture of Nathan, home from the hospital and healthy. ''(\"[[Take It Back]]\")''\n\n==Relationships==\n===Romantic===\nShe is married to [[Don Glazier]].\n\n===Familial===\nHer son, Nathan, was born with hypoplastic left heart syndrome. He received a 3D printed conduit seeded with his own cells to treat it, the first surgery of its kind in the US.\n\n==Gallery==\n===Appearances===\n<gallery type=\"slideshow\" position=\"center\" crop=\"true\" hideaddbutton=\"true\">\n10x08AshleyGlazier.png|[[Two Against One]]\n10x10AshleyGlazier.png|[[Somebody That I Used to Know]]\n10x11AshleyDonGlazier.png|[[Man on the Moon]]\n</gallery>\n\n==Appearances==\n{{Ashley Glazier Appearances}}\n\n{{DEFAULTSORT:Glazier, Ashley}}\n[[Category:Characters]]\n[[Category:GA Characters]]\n[[Category:GA S10 Characters]]"}]}}}}