{"batchcomplete": "", "warnings": {"main": {"*": "Subscribe to the mediawiki-api-announce mailing list at <https://lists.wikimedia.org/postorius/lists/mediawiki-api-announce.lists.wikimedia.org/> for notice of API deprecations and breaking changes."}, "revisions": {"*": "Because \"rvslots\" was not specified, a legacy format has been used for the output. This format is deprecated, and in the future the new format will always be used."}}, "query": {"pages": {"52143": {"pageid": 52143, "ns": 0, "title": "Ashley Hughes", "revisions": [{"contentformat": "text/x-wiki", "contentmodel": "wikitext", "*": "{{Patient Infobox\n|image = 12x16AshleyHughes.png\n|name = Ashley Hughes\n|status = Alive\n|alias = Ash\n|diagnosis = *Crush injuries\n*Bilateral hip dislocations\n*Broken femur\n*Pulmonary embolism\n|doctors = *[[Callie Torres]]\n*[[Owen Hunt]]\n*[[Ben Warren]]\n*[[Stephanie Edwards]]\n|treatment = *Closed reduction\n*Surgery\n*Embolectomy\n|only appearance = [[When It Hurts So Bad]]\n|seasons = '''[[Grey's Anatomy|GA]]:''' [[Season 12 (Grey's Anatomy)|12]]\n|portrayed by = [[Irene Choi]]\n}}\n'''Ashley Hughes''' is a patient who came into the ER after dislocating both hips while having sex with [[Christopher]].\n\n==History==\nAshley came into the ER with [[Christopher]] after he fell on her while they were having sex. She had crush injuries and both her hips were dislocated, while he had only a head laceration. She said her legs were on his shoulders and her feet were in the air when he slipped and fell on her, crushing her due to his much larger size.\n\nIn the ER, she was maxed out on pain meds, but still in extreme pain. Callie offered her the option to have her hips reduced in the ER to reduce her pain instead of putting her under anesthesia to do it. She went for it and they reduced her hips.\n\nThey took her for a CT, which revealed a break in her femur that the first set of films hadn't shown. Her right leg was also cold and pale from lack of blood flow. They rushed her into surgery, where they restored blood flow and fixed her femur.\n\nAfter surgery, she had a pulmonary embolism which required an embolectomy. After that procedure, she was told she'd be fine.\n\nWhen Christopher came to visit her in her room, she said she didn't need to climb Everest a second time, ending things with him.\n\n==Relationships==\n===Romantic===\nShe described [[Christopher]] as funny, cute, and sweet. Despite his large size, she decided she was up for the challenge. However, when they had sex, she was seriously injured when he fell on her. She then told him she didn't need to climb Everest a second time, ending things with him.\n\n==Notes and Trivia==\n*She ran the New York State Marathon faster than anyone else in her age group.\n*She was 21 at the time of her hospitalization.\n\n{{DEFAULTSORT:Hughes, Ashley}}\n[[Category:Characters]]\n[[Category:GA Characters]]\n[[Category:GA S12 Characters]]\n[[Category:Patients]]\n[[Category:Patients (ER)]]\n[[Category:Patients (Ortho)]]\n[[Category:Patients (Trauma)]]"}]}}}}