{"batchcomplete": "", "warnings": {"main": {"*": "Subscribe to the mediawiki-api-announce mailing list at <https://lists.wikimedia.org/postorius/lists/mediawiki-api-announce.lists.wikimedia.org/> for notice of API deprecations and breaking changes."}, "revisions": {"*": "Because \"rvslots\" was not specified, a legacy format has been used for the output. This format is deprecated, and in the future the new format will always be used."}}, "query": {"pages": {"75339": {"pageid": 75339, "ns": 0, "title": "Ashley Cordova", "revisions": [{"contentformat": "text/x-wiki", "contentmodel": "wikitext", "*": "{{Other Characters Infobox\n|image = 16x08AshleyCordova.png\n|name = Ashley Cordova\n|status = Alive\n|job = Prosecutor\n|only appearance = [[My Shot]]\n|seasons = '''[[Grey's Anatomy|GA]]:''' [[Season 16 (Grey's Anatomy)|16]]\n|portrayed by = [[Marin Hinkle]]\n}}\n\n'''Ashley Cordova''' was the prosecutor in Meredith's case to retain her medical license.\n\n==History==\nAshley was hired to represent the medical commission in its hearing against Meredith Grey. During the hearing, she questioned multiple witnesses and the court learned that Schmitt had been the one to turn her in, thinking that Ellis's name on Gabby's wristband was a mistake. She also questioned Andrew about their relationship and his aborted decision to leave Grey Sloan after Alex beat him up. When they got to Alex, she asked him about the adoption nearly falling through. Alex didn't want to answer, but [[Paul Castello]] pushed him, causing Meredith to snap and reveal to Paul who she was and how his actions had affected her life and the lives of her children. While they talked about suspending the trial until they could work out the conflict of interest, Paul collapsed and started seizing. They wanted to reschedule her hearing after Paul was taken the hospital, but Alex brought in a group of Meredith's former patients who came in to talk about how Meredith saved their lives and how her losing her medical license would be a loss for the community. Alex then read a letter from Cristina and said he had several others. The two remaining commission members voted that Meredith should keep her license, rendering Paul's vote irrelevant.\n\n==Career==\nShe is a prosecutor.\n\n==Notes and Trivia==\n*Getting questioned by her has been compared to ripping ten hangnails off at once.\n\n==Gallery==\n===Episode Stills===\n<gallery orientation=\"landscape\" position=\"center\" spacing=\"small\" bordersize=\"none\" hideaddbutton=\"true\">\n16x08-17.jpg\n16x08-19.jpg\n16x08-24.jpg\n</gallery>\n\n[[de:Ashley Cordova]]\n\n{{DEFAULTSORT:Cordova, Ashley}}\n[[Category:Characters]]\n[[Category:GA Characters]]\n[[Category:GA S16 Characters]]"}]}}}}