{"batchcomplete": "", "warnings": {"main": {"*": "Subscribe to the mediawiki-api-announce mailing list at <https://lists.wikimedia.org/postorius/lists/mediawiki-api-announce.lists.wikimedia.org/> for notice of API deprecations and breaking changes."}, "revisions": {"*": "Because \"rvslots\" was not specified, a legacy format has been used for the output. This format is deprecated, and in the future the new format will always be used."}}, "query": {"pages": {"77931": {"pageid": 77931, "ns": 0, "title": "Ashley", "revisions": [{"contentformat": "text/x-wiki", "contentmodel": "wikitext", "*": "{{Patient Infobox\n|image = 16x18Ashley.png\n|name = Ashley\n|status = Alive\n|only appearance = [[Give a Little Bit]]\n|seasons = '''[[Grey's Anatomy|GA]]:''' [[Season 16 (Grey's Anatomy)|16]]\n|portrayed by = [[Katherine Cunningham]]\n}}\n'''Ashley''' is the girlfriend of [[Kyle Rexton]].\n\n==History==\nAshley came to the hospital when she learned that her boyfriend, Kyle, was there. He tried to tell her to leave because he did not want her to see him like that, but she stayed anyway. When they learned that Kyle had a condition that was treatable in surgery and that Amelia would do it that day pro bono, they were very happy. Kyle's surgery went well. Afterward, they happily kissed in celebration.\u00a0\n\n==Relationships==\n===Romantic===\nShe is dating [[Kyle Rexton]]. She says the war changed him, as before, he was a funny, happy guy.\n[[Category:Characters]]\n[[Category:GA Characters]]\n[[Category:GA S16 Characters]]"}]}}}}