{"batchcomplete": "", "warnings": {"main": {"*": "Subscribe to the mediawiki-api-announce mailing list at <https://lists.wikimedia.org/postorius/lists/mediawiki-api-announce.lists.wikimedia.org/> for notice of API deprecations and breaking changes."}, "revisions": {"*": "Because \"rvslots\" was not specified, a legacy format has been used for the output. This format is deprecated, and in the future the new format will always be used."}}, "query": {"pages": {"86241": {"pageid": 86241, "ns": 0, "title": "Assistant Kel", "revisions": [{"contentformat": "text/x-wiki", "contentmodel": "wikitext", "*": "{{Other Characters Infobox\n|image = S196x02Kel.png\n|name = Kel\n|status = Alive\n|job = Assistant\n|workplace = [[Seattle Fire Department]]\n|only appearance = [[Everybody's Got Something to Hide Except Me and My Monkey]]\n|seasons = '''[[Station 19|S19]]:''' [[Season 6 (Station 19)|6]]\n|portrayed by = [[Luke Loving]]\n}}\n\n'''Kel''' is [[Natasha Ross|Chief Ross's]] assistant.\n\n==History==\nKel went over Ross's schedule for the day and noted that it didn't leave time for her to have a lunch break. She told him she just wouldn't have one.\n\n==Career==\nHe is [[Natasha Ross|Fire Chief Ross's]] assistant.\n\n[[Category:Characters]]\n[[Category:S19 Characters]]\n[[Category:S19 S6 Characters]]"}]}}}}