{"batchcomplete": "", "warnings": {"main": {"*": "Subscribe to the mediawiki-api-announce mailing list at <https://lists.wikimedia.org/postorius/lists/mediawiki-api-announce.lists.wikimedia.org/> for notice of API deprecations and breaking changes."}, "revisions": {"*": "Because \"rvslots\" was not specified, a legacy format has been used for the output. This format is deprecated, and in the future the new format will always be used."}}, "query": {"pages": {"48420": {"pageid": 48420, "ns": 0, "title": "Astrid", "revisions": [{"contentformat": "text/x-wiki", "contentmodel": "wikitext", "*": "{{Patient Infobox\n|image = 12x06Astrid.png\n|name = Astrid\n|status = Alive\n|job = Choir Director\n|workplace = First Lutheran Church\n|only appearance = [[The Me Nobody Knows]]\n|seasons = '''[[Grey's Anatomy|GA]]:''' [[Season 12 (Grey's Anatomy)|12]]\n|portrayed by = [[Jolene Kay]]\n}}\n\n'''Astrid''' is the girlfriend of [[Robert Matthews]].\n\n==History==\nAstrid and her boyfriend, [[Robert Matthews]], made a sex tape together. While he was attempting to attached a video of kids playing volleyball to a church bulletin, he accidentally attached the sex tape instead, sending it to the entire congregation. When he went to warn Astrid, he fell down two flights of stairs, seriously injuring himself.\n\nAstrid came to the hospital to visit him, wanting him to know he at least had one person after the rest of the congregation turned their backs on him.\n\n==Relationships==\n===Romantic===\nShe is dating [[Robert Matthews]]. The two of them made a sex tape together which was accidentally sent to their entire congregation.\n\n==Career==\nShe is the choir director at First Lutheran Church.\n[[Category:Characters]]\n[[Category:GA Characters]]\n[[Category:GA S12 Characters]]"}]}}}}