{"batchcomplete": "", "warnings": {"main": {"*": "Subscribe to the mediawiki-api-announce mailing list at <https://lists.wikimedia.org/postorius/lists/mediawiki-api-announce.lists.wikimedia.org/> for notice of API deprecations and breaking changes."}, "revisions": {"*": "Because \"rvslots\" was not specified, a legacy format has been used for the output. This format is deprecated, and in the future the new format will always be used."}}, "query": {"pages": {"46387": {"pageid": 46387, "ns": 0, "title": "Athena", "revisions": [{"contentformat": "text/x-wiki", "contentmodel": "wikitext", "*": "{{Patient Infobox\n|image = 107Athena.png\n|name = Athena\n|status = Alive\n|only appearance = [[The Self-Destruct Button]]\n|seasons = '''[[Grey's Anatomy|GA]]:''' [[Season 1 (Grey's Anatomy)|1]]\n|portrayed by = [[Ever Carradine]]\n}}\n\n'''Athena''' is the ex-girlfriend of [[JP]].\n\n==History==\nWhen she tried to leave her boyfriend, JP, he took her keys and swallowed them in order to stop her from leaving. However, the keys got stuck in his esophagus. He continued to argue with Athena as Izzie stuck a bronchoscope down his throat to get the keys. When she finally reached them, the keys fell down a few more inches, making it hard for him to breathe. The keys were then quickly retrieved and Izzie handed them over to Athena, advising her to leave.\n\n==Relationships==\n===Romantic===\nAthena was seeing JP. Their relationship ended when he called her therapist pretending to be his therapist, trying to find out what she'd been saying about him. He swallowed her keys to keep her from leaving, but they got caught in his throat. Once her keys were retrieved, she left him.\n\n==Notes and Trivia==\n*She sees a therapist.\n*She makes more money than [[JP]].\n\n[[es:Athena]]\n[[Category:Characters]]\n[[Category:GA Characters]]\n[[Category:GA S1 Characters]]"}]}}}}