{"batchcomplete": "", "warnings": {"main": {"*": "Subscribe to the mediawiki-api-announce mailing list at <https://lists.wikimedia.org/postorius/lists/mediawiki-api-announce.lists.wikimedia.org/> for notice of API deprecations and breaking changes."}, "revisions": {"*": "Because \"rvslots\" was not specified, a legacy format has been used for the output. This format is deprecated, and in the future the new format will always be used."}}, "query": {"pages": {"49509": {"pageid": 49509, "ns": 0, "title": "Audrey Hobart", "revisions": [{"contentformat": "text/x-wiki", "contentmodel": "wikitext", "*": "{{Patient Infobox\n|image = 7x22AudreyHobart.png\n|name = Audrey Hobart\n|status = Alive\n|marital = [[Roland Hobart]] ''(husband)''\n|children = *[[Vicky Hobart]]\n*[[Jack Hobart]]\n|only appearance = [[Unaccompanied Minor]]\n|seasons = '''[[Grey's Anatomy|GA]]:''' [[Season 7 (Grey's Anatomy)|7]]\n|portrayed by = [[Jodi Harris]]\n}}\n'''Audrey Hobart''' is the wife of [[Roland Hobart]].\n\n==History==\nAudrey was in the hospital with her husband, Roland, who was a participant in Derek's Alzheimer's trial. When they learned that his surgery was being cancelled because the trial was suspended, she was extremely upset and begged them just to give him the drug anyway, something Meredith informed her they couldn't do.\n\n==Relationships==\n===Romantic===\nShe is married to [[Roland Hobart]].\n\n===Familial===\nShe has two children, Vicky and Jack. She was upset because due to Alzheimer's disease, her kids' father was disappearing.\n\n{{DEFAULTSORT:Hobart, Audrey}}\n[[Category:Characters]]\n[[Category:GA Characters]]\n[[Category:GA S7 Characters]]"}]}}}}