{"batchcomplete": "", "warnings": {"main": {"*": "Subscribe to the mediawiki-api-announce mailing list at <https://lists.wikimedia.org/postorius/lists/mediawiki-api-announce.lists.wikimedia.org/> for notice of API deprecations and breaking changes."}, "revisions": {"*": "Because \"rvslots\" was not specified, a legacy format has been used for the output. This format is deprecated, and in the future the new format will always be used."}}, "query": {"pages": {"44300": {"pageid": 44300, "ns": 0, "title": "Audrey Shaw", "revisions": [{"contentformat": "text/x-wiki", "contentmodel": "wikitext", "*": "{{Intern and Resident Infobox\n|image = 11x24-33.jpg\n|name = Audrey Shaw\n|status = Alive\n|title = M.D.\n|job = [[General Surgery|Surgical]] [[Internship|Intern]]\n|workplace = [[Grey Sloan Memorial Hospital]]\n|first appearance = [[Time Stops]]\n|last appearance = [[You're My Home]]\n|count = 2\n|seasons = '''[[Grey's Anatomy|GA]]:''' [[Season 11 (Grey's Anatomy)|11]]\n|portrayed by = [[Irene Keng]]\n}}\n'''Audrey Shaw''' is a surgical intern at [[Grey Sloan Memorial Hospital]].\n\n==History==\n===First Day===\nOn her first day, Audrey interrupted [[Richard Webber|Webber's]] speech to the new interns to ask why it would be the best and worst years of their lives. She was then assigned to [[Stephanie Edwards]]. When a tunnel collapsed, they followed her to the ER and watched her as she helped treat [[Joan Paulson]]. Audrey was later in the room when [[Mitchell Spencer|Mitchell]] loosened Joan's collar, almost paralyzing her. ''(\"[[Time Stops]]\")''\n\nWhen the doctors realized they'd only have a few minutes to get [[Keith Gardner]] to an OR before he bled to death, they used Audrey and the other interns to clear a path to the OR. She then rounded out her first day by rounding on Joan, who was post-op and stable and being able to ask questions of Stephanie. ''(\"[[You're My Home]]\")''\n\n==Career==\nAudrey is a surgical intern at [[Grey Sloan Memorial Hospital]].\n\n==Gallery==\n===Episodic===\n<gallery type=\"slideshow\" position=\"center\" crop=\"true\" hideaddbutton=\"true\">\n11x23AudreyShaw.png|[[Time Stops]]\n11x24AudreyShaw.png|[[You're My Home]]\n</gallery>\n\n===Episode Stills===\n<gallery orientation=\"landscape\" position=\"center\" spacing=\"small\" bordersize=\"none\" hideaddbutton=\"true\">\n11x24-33.jpg\n11x24-34.jpg\n11x24-35.jpg\n11x24-36.jpg\n</gallery>\n\n==Appearances==\n{{Audrey Shaw Appearances}}\n\n{{DEFAULTSORT:Shaw, Audrey}}\n[[Category:Characters]]\n[[Category:GA Characters]]\n[[Category:GA S11 Characters]]\n[[Category:Doctors]]"}]}}}}