{"batchcomplete": "", "warnings": {"main": {"*": "Subscribe to the mediawiki-api-announce mailing list at <https://lists.wikimedia.org/postorius/lists/mediawiki-api-announce.lists.wikimedia.org/> for notice of API deprecations and breaking changes."}, "revisions": {"*": "Because \"rvslots\" was not specified, a legacy format has been used for the output. This format is deprecated, and in the future the new format will always be used."}}, "query": {"pages": {"46759": {"pageid": 46759, "ns": 0, "title": "Audrey", "revisions": [{"contentformat": "text/x-wiki", "contentmodel": "wikitext", "*": "{{Patient Infobox\n|image = 213Audrey.png\n|name = Audrey\n|status = Alive\n|only appearance = [[Begin the Begin]]\n|seasons = '''[[Grey's Anatomy|GA]]:''' [[Season 2 (Grey's Anatomy)|2]]\n|portrayed by = [[Lauren Tom]]\n}}\n'''Audrey''' is the girlfriend of [[Malar Pascowitz]].\n\n==History==\nAudrey came to the hospital with her boyfriend, Malar, ate his novel, which he believed was terrible, and caused a bezoar. She's the one who finally told the doctors what he had eaten. She sat by his side as he waited for surgery and then afterward when he was diagnosed with and treated for Mercury poisoning.\n\n==Relationships==\n===Romantic===\nShe is dating [[Malar Pascowitz]]. She was frustrated because they couldn't get married for three years because he had to finish his book.\n\n==Notes and Trivia==\n*She knits.\n*She claims that the novel wasn't actually that bad and she read almost every draft.\n[[Category:Characters]]\n[[Category:GA Characters]]\n[[Category:GA S2 Characters]]"}]}}}}