{"batchcomplete": "", "warnings": {"main": {"*": "Subscribe to the mediawiki-api-announce mailing list at <https://lists.wikimedia.org/postorius/lists/mediawiki-api-announce.lists.wikimedia.org/> for notice of API deprecations and breaking changes."}, "revisions": {"*": "Because \"rvslots\" was not specified, a legacy format has been used for the output. This format is deprecated, and in the future the new format will always be used."}}, "query": {"pages": {"51241": {"pageid": 51241, "ns": 0, "title": "Augusta King", "revisions": [{"contentformat": "text/x-wiki", "contentmodel": "wikitext", "*": "{{Character Family Infobox\n|image = PP4x20AugustaKing.png\n|name = Augusta King\n|status = Alive\n|marital = [[\"Big Daddy\" King]] \u2020 ''(husband)''\n|children = *[[Charlotte King]]\n*[[Duke King]]\n*[[Landry King]]\n|grandchildren = *[[Mason Warner]]\n*[[Georgia King-Freedman]]\n*[[Caroline King-Freedman]]\n*[[Rachel King-Freedman]]\n|other family = [[Cooper Freedman]] ''(son-in-law)''\n|only appearance = [[Something Old, Something New]]\n|seasons = '''[[Private Practice|PP]]:''' [[Season 4 (Private Practice)|4]]\n|portrayed by = [[Tess Harper]]\n}}\n'''Augusta King''' is the mother of [[Charlotte King]].\n\n==History==\n===Big Daddy's Death===\nWhen her husband was dying, Charlotte came home to Alabama to turn off the machines and say goodbye. During this time, Augusta was holed up in her room on drugs. ''(\"[[Homeward Bound]]\")''\n\n===Charlotte's Wedding===\nAugusta came to Los Angeles for Charlotte and Cooper's wedding. Charlotte showed her around and despite being introduced to Cooper's parents, they kept things separate. Augusta quickly picked up on the fact that the Freedmans didn't like Charlotte.\n\nAfter Amelia's plea that the Freedmans get to know Charlotte better, they talked to Augusta at the party. The three of them agreed that Charlotte and Cooper shouldn't get married and told their children that.\n\nAfter hearing that, Charlotte and Cooper flew to Las Vegas to elope instead of having the wedding. ''(\"[[Something Old, Something New]]\")''\n\n==Relationships==\n===Romantic===\nShe was married to Big Daddy King until he died.\n\n===Familial===\nShe has three kids: Duke, Landry, and Charlotte.\n\n==Notes and Trivia==\n*She's a drug addict.\n\n==Gallery==\n===Episode Stills===\n<gallery orientation=\"landscape\" position=\"center\" spacing=\"small\" bordersize=\"none\" hideaddbutton=\"true\">\nPP4x20-6.png\nPP4x20-8.jpg\nPP4x20-11.jpg\nPP4x20-13.jpg\n</gallery>\n\n{{DEFAULTSORT:King, Augusta}}\n[[Category:Characters]]\n[[Category:PP Characters]]\n[[Category:PP S4 Characters]]"}]}}}}