{"batchcomplete": "", "warnings": {"main": {"*": "Subscribe to the mediawiki-api-announce mailing list at <https://lists.wikimedia.org/postorius/lists/mediawiki-api-announce.lists.wikimedia.org/> for notice of API deprecations and breaking changes."}, "revisions": {"*": "Because \"rvslots\" was not specified, a legacy format has been used for the output. This format is deprecated, and in the future the new format will always be used."}}, "query": {"pages": {"76729": {"pageid": 76729, "ns": 0, "title": "Austin Hayes", "revisions": [{"contentformat": "text/x-wiki", "contentmodel": "wikitext", "*": "{{Character Family Infobox\n|image = 17x12AustinHayes.png\n|name = Austin Hayes\n|status = Alive\n|siblings = [[Liam Hayes]]\n|parents = *[[Cormac Hayes]]\n*[[Abigail Hayes]] \u2020\n|grandparents = *Grandmother\n*Grandfather\n*Grandfather\n|other family = [[Irene Davis]] ''(aunt)''\n|first appearance = [[Save the Last Dance for Me]]\n|last appearance = [[Sign O' the Times]]\n|count = 3\n|seasons = '''[[Grey's Anatomy|GA]]:''' [[Season 16 (Grey's Anatomy)|16]] and [[Season 17 (Grey's Anatomy)|17]]\n|portrayed by = *[[Jayden Haynes-Starr]]\n*[[Cairo Philip]] ''(young)''\n}}\n'''Austin Hayes''' is the youngest son of [[Cormac Hayes]].\n\n==History==\n===Mom's Illness and Death===\n[[File:16x19AbigailHayesDeath.png|thumb|The boys spend time with their dying mother.]]\nAustin's mom developed cancer after a tumor in her uterus, believed to be a fibroid, was macerated, spreading the cancer cells throughout her body. She underwent treatment, including two clinical trials, but they were unsuccessful and she died. After she died, they gathered up her things from her hospital room and sat in the empty room together for a while before going home. ''(\"[[Love of My Life]]\")''\n\n===Visiting the Hospital===\nAustin came to the hospital with his brother on a day when the schools were closed due to parent-teacher conferences. ''(\"[[Save the Last Dance for Me]]\")''\n\n===Conference and Visiting his Aunt===\nAustin and his brother went along with their father to LA for a conference as their aunt lived there and it gave them the chance to visit her. ''(\"[[Love of My Life]]\")''\n\n===COVID-19 Pandemic and Seattle Protests===\nDuring the [[COVID-19 Pandemic]], Irene moved to Seattle to help Cormac care for Austin and Liam. ''(\"[[Breathe]]\")''\n\nFollowing the death of George Floyd, Liam and Austin painted signs and went to the protests with their father. While they were protesting, one of the counter-protesters, a Nazi, came at one of them with a billy club. Cormac got between them and took a blow to the head, so they left to go to the hospital so he could be treated. Cormac then sent his sons home, barring them from attending any more protests. However, after a day of work and treating [[Nell Timms]], Cormac went home and told his sons that he believed the work they were doing was important and they should be part of it, but only during the daytime and only while he was there. ''(\"[[Sign O' the Times]]\")''\n\n===Panic Attacks===\nWhen Austin learned that Cormac was dating again, he began having panic attacks to the point where Cormac ended his relationship with Meredith. Despite this, the panic attacks continued, so Cormac sought out friendship with Bailey and her sons, so his sons would have other teens to spend time with. ''(\"[[Here Comes the Sun]]\")''\n\n===Thanksgiving===\nLiam and Austin went to San Diego over Thanksgiving to spend the holiday with their aunt. ''(\"[[Everyday Is a Holiday (With You)]]\")''\n\n===Return to Ireland===\nAustin moved back to Ireland with his father and brother. ''(\"[[Living In a House Divided]]\")''\n\n==Relationships==\n===Familial===\nHis mother died two years prior to his move to Seattle.\n\n==Notes and Trivia==\n*He played piano, but not very well.\n*He had a teacher named Mrs. Douglas who had skin cancer and recovered. She once accused him of writing bad words on his desk.\n*He was assigned to read Animal Farm for school.<ref>[[Breathe]], 17x10</ref>\n\n==Gallery==\n===Episodic===\n<gallery type=\"slideshow\" crop=\"true\" position=\"center\" hideaddbutton=\"true\">\n16x13AustinHayes.png|[[Save the Last Dance for Me]]\n16x19AustinHayes.png|[[Love of My Life]]\n16x19YoungLiamAustinHayes.png|[[Love of My Life]]\n17x12AustinHayes.png|[[Sign O' the Times]]\n</gallery>\n\n==Appearances==\n{{Austin Hayes Appearances}}\n\n[[de:Austin Hayes]]\n\n{{Template:Scrollbox}}\n{{DEFAULTSORT:Hayes, Austin}}\n[[Category:Characters]]\n[[Category:GA Characters]]\n[[Category:GA S16 Characters]]\n[[Category:GA S17 Characters]]"}]}}}}