{"batchcomplete": "", "warnings": {"main": {"*": "Subscribe to the mediawiki-api-announce mailing list at <https://lists.wikimedia.org/postorius/lists/mediawiki-api-announce.lists.wikimedia.org/> for notice of API deprecations and breaking changes."}, "revisions": {"*": "Because \"rvslots\" was not specified, a legacy format has been used for the output. This format is deprecated, and in the future the new format will always be used."}}, "query": {"pages": {"84009": {"pageid": 84009, "ns": 0, "title": "Ava (Today Was a Fairytale)", "revisions": [{"contentformat": "text/x-wiki", "contentmodel": "wikitext", "*": "{{Other Characters Infobox\n|image = 18x07Ava.png\n|name = Ava\n|status = Alive\n|only appearance = [[Today Was a Fairytale]]\n|seasons = '''[[Grey's Anatomy|GA]]:''' [[Season 18 (Grey's Anatomy)|18]]\n|portrayed by = [[Alison Lauren Chin]]\n}}\n\n'''Ava''' is a medical student who came to the recruitment fair.\n\n==History==\nAva was in medical school when she attended a recruitment fair to look at hospitals where she could apply for residency. After watching Levi and Mabel's presentation on The Webber Method, she asked if that meant residents were unsurpervised. Levi clarified that they weren't and tried to explain how it was better for residents. Ava didn't understand how it was any different from any other program and left when she got a message that her personalized tote bag was ready at another booth.\n\n{{DISPLAYTITLE:Ava}}\n[[Category:Characters]]\n[[Category:GA Characters]]\n[[Category:GA S18 Characters]]"}]}}}}