{"batchcomplete": "", "warnings": {"main": {"*": "Subscribe to the mediawiki-api-announce mailing list at <https://lists.wikimedia.org/postorius/lists/mediawiki-api-announce.lists.wikimedia.org/> for notice of API deprecations and breaking changes."}, "revisions": {"*": "Because \"rvslots\" was not specified, a legacy format has been used for the output. This format is deprecated, and in the future the new format will always be used."}}, "query": {"pages": {"29217": {"pageid": 29217, "ns": 0, "title": "Babs Martin", "revisions": [{"contentformat": "text/x-wiki", "contentmodel": "wikitext", "*": "{{Patient Infobox\n|image = 10x22BabsMartin.png\n|name = Babs Martin\n|status = Alive\n|diagnosis = *Posterior wall perforation\n*Subclavian bleed\n|doctors = *[[Owen Hunt]]\n*[[Jo Wilson]]\n|treatment = *Central Line\n*Colectomy\n*Venous repair\n|only appearance = [[We Are Never Ever Getting Back Together]]\n|seasons = '''[[Grey's Anatomy|GA]]:''' [[Season 10 (Grey's Anatomy)|10]]\n|portrayed by = [[Shannon Welles]]\n}}\n'''Babs Martin''' is a patient at [[Grey Sloan Memorial Hospital]] who was in the hospital for a colectomy.\n\n==History==\n===Central Line===\nBabs needed a central line before surgery to get access. While [[Jo Wilson]] was placing one, the wire snagged. When Jo tried to force it out, she caused as posterior wall perforation and subclavian bleed, which required emergency surgery and would delay Babs' colectomy.\n\n{{DEFAULTSORT:Martin, Babs}}\n[[Category:Characters]]\n[[Category:GA Characters]]\n[[Category:GA S10 Characters]]\n[[Category:Patients]]\n[[Category:Patients (Trauma)]]"}]}}}}