{"batchcomplete": "", "warnings": {"main": {"*": "Subscribe to the mediawiki-api-announce mailing list at <https://lists.wikimedia.org/postorius/lists/mediawiki-api-announce.lists.wikimedia.org/> for notice of API deprecations and breaking changes."}, "revisions": {"*": "Because \"rvslots\" was not specified, a legacy format has been used for the output. This format is deprecated, and in the future the new format will always be used."}}, "query": {"pages": {"22720": {"pageid": 22720, "ns": 0, "title": "Baby Sloan", "revisions": [{"contentformat": "text/x-wiki", "contentmodel": "wikitext", "*": "{{Character Family Infobox\n|image = 6x20-11.jpg\n|name = Baby Sloan\n|status = Alive\n|parents = *[[Trish]]\n*[[Keith (Hook, Line and Sinner)|Keith]]\n|grandparents = Grandfather\n|only appearance = [[Hook, Line and Sinner]]\n|seasons = '''[[Grey's Anatomy|GA]]:''' [[Season 6 (Grey's Anatomy)|6]]\n}}\n\n'''Baby Sloan''' is the biological child of [[Sloan Riley]] and grandson of [[Mark Sloan]]. He was adopted by Trish and Keith shortly after his birth.\n\n==History==\n===Birth===\nSloan gave birth in Mark's apartment late at night after coming to him in active labor. The baby wasn't making sounds initially, but started to cry after [[Arizona Robbins]] stimulated him. At the hospital, he was stable and able to go to the newborn nursery. Sloan briefly considered keeping him, but ultimately called Trish and Keith, his parents, to come get him. His mom held him and his dad observed that he had her father's chin.\n\n==Gallery==\n===Episode Stills===\n<gallery orientation=\"landscape\" position=\"center\" spacing=\"small\" bordersize=\"none\" hideaddbutton=\"true\">\n6x20-8.jpg\n6x20-10.jpg\n6x20-11.jpg\n6x20-12.jpg\n6x20-13.jpg\n</gallery>\n\n{{DEFAULTSORT:Sloan, Baby}}\n[[Category:Characters]]\n[[Category:GA Characters]]\n[[Category:GA S6 Characters]]\n[[Category:Patients]]\n[[Category:Patients (Neonatal)]]\n[[Category:Patients (MFM)]]"}]}}}}