{"batchcomplete": "", "warnings": {"main": {"*": "Subscribe to the mediawiki-api-announce mailing list at <https://lists.wikimedia.org/postorius/lists/mediawiki-api-announce.lists.wikimedia.org/> for notice of API deprecations and breaking changes."}, "revisions": {"*": "Because \"rvslots\" was not specified, a legacy format has been used for the output. This format is deprecated, and in the future the new format will always be used."}}, "query": {"pages": {"80238": {"pageid": 80238, "ns": 0, "title": "Banks", "revisions": [{"contentformat": "text/x-wiki", "contentmodel": "wikitext", "*": "{{Firefighter Infobox\n|image = S194x01Banks.png\n|name = Banks\n|status = Alive\n|other family = Barnes ''(cousin)''\n|only appearance = [[Nothing Seems the Same]]\n|seasons = '''[[Station 19|S19]]:''' [[Season 4 (Station 19)|4]]\n|portrayed by = [[Nathan Wallace]]\n}}\n\n'''Banks''' is an incarcerated man who was learning to fight fires.\n\n==History==\nBanks is an incarcerated man who was in a program to train him to fight wildfires and assist firefighters. He asked a lot of questions during this process. At the end of the training, Sullivan said he'd make an excellent firefighter.\n\n==Relationships==\n===Familial===\nHe has a cousin who is a firefighter at station 23.\n\n[[Category:Characters]]\n[[Category:S19 Characters]]\n[[Category:S19 S4 Characters]]\n[[Category:Firefighters]]"}]}}}}