{"batchcomplete": "", "warnings": {"main": {"*": "Subscribe to the mediawiki-api-announce mailing list at <https://lists.wikimedia.org/postorius/lists/mediawiki-api-announce.lists.wikimedia.org/> for notice of API deprecations and breaking changes."}, "revisions": {"*": "Because \"rvslots\" was not specified, a legacy format has been used for the output. This format is deprecated, and in the future the new format will always be used."}}, "query": {"pages": {"50170": {"pageid": 50170, "ns": 0, "title": "Barbara Douglas", "revisions": [{"contentformat": "text/x-wiki", "contentmodel": "wikitext", "*": "{{Patient Infobox\n|image = PP221BarbaraDouglas.png\n|name = Barbara Douglas\n|status = Alive\n|marital = [[Ted Douglas]] ''(husband)''\n|children = [[Bobby Douglas]]\n|only appearance = [[What You Do for Love]]\n|seasons = '''[[Private Practice|PP]]:''' [[Season 2 (Private Practice)|2]]\n|portrayed by = [[Meeghan Holaway]]\n}}\n'''Barbara Douglas''' is the mother of [[Bobby Douglas]].\n\n==History==\nBarbara and her husband, Ted, came to the hospital when their son, Bobby, had an allergic reaction. He'd been given medication to treat chlamydia by his teacher, [[Donna Keating]], with whom he'd had sexual contact. However, he lied and told his parents that his friend had given him something to help him stay awake so he could study. However, they found out the truth when Donna came back to the hospital to visit him. They were horrified and Donna was arrested for statutory rape. After she was bailed out, Barbara and Ted allowed Donna to speak to Bobby to break things off with him.\n\n==Relationships==\n===Romantic===\nShe is married to [[Ted Douglas]].\n\n===Familial===\nHer son, Bobby, was hospitalized for an allergic reaction after taking medicine for chlamydia.\n\n{{DEFAULTSORT:Douglas, Bobby}}\n[[Category:Characters]]\n[[Category:PP Characters]]\n[[Category:PP S2 Characters]]"}]}}}}