{"batchcomplete": "", "warnings": {"main": {"*": "Subscribe to the mediawiki-api-announce mailing list at <https://lists.wikimedia.org/postorius/lists/mediawiki-api-announce.lists.wikimedia.org/> for notice of API deprecations and breaking changes."}, "revisions": {"*": "Because \"rvslots\" was not specified, a legacy format has been used for the output. This format is deprecated, and in the future the new format will always be used."}}, "query": {"pages": {"17566": {"pageid": 17566, "ns": 0, "title": "Barbara Robbins", "revisions": [{"contentformat": "text/x-wiki", "contentmodel": "wikitext", "*": "{{Character Family Infobox\n|image = 720BarbaraRobbins.png\n|name = Barbara Robbins\n|status = Alive\n|marital = [[Daniel Robbins]] ''(husband)''\n|children = *[[Arizona Robbins]]\n*[[Timothy Robbins]] \u2020\n|grandchildren = [[Sofia Robbin Sloan Torres]]\n|other family = Father-in-law \u2020\n|only appearance = [[White Wedding]]\n|seasons = '''[[Grey's Anatomy|GA]]:''' [[Season 7 (Grey's Anatomy)|7]]\n|portrayed by = [[Judith Ivey]]\n}}\n\n'''Barbara Robbins''' is the mother of [[Arizona Robbins|Arizona]] and [[Timothy Robbins]].\n\n==History==\nBarbara and her husband came into town for their daughter's wedding to [[Callie Torres]]. While she was there, she doted over her granddaughter, showing off the clothes she'd bought for her.\n\n==Relationships==\n===Romantic===\nShe is married to\u00a0[[Daniel Robbins]].\n\n===Familial===\nShe is the mother of [[Arizona Robbins]] and [[Timothy Robbins]]\u00a0and the grandmother of\u00a0[[Sofia Robbin Sloan Torres]]. When she found out about her daughter's sexuality, she accepted it, as she was not surprised. From what it seems, she is also a very enthusiastic grandmother, as she brought Sofia baby clothes.\n\n==Gallery==\n===Episode Stills===\n<gallery orientation=\"landscape\" position=\"center\" spacing=\"small\" bordersize=\"none\" hideaddbutton=\"true\">\n7x20-14.jpg\n</gallery>\n\n[[de:Barbara Robbins]]\n[[fr:Barbara Robbins]]\n\n{{DEFAULTSORT:Robbins, Barbara}}\n[[Category:Characters]]\n[[Category:GA Characters]]\n[[Category:GA S7 Characters]]"}]}}}}