{"batchcomplete": "", "warnings": {"main": {"*": "Subscribe to the mediawiki-api-announce mailing list at <https://lists.wikimedia.org/postorius/lists/mediawiki-api-announce.lists.wikimedia.org/> for notice of API deprecations and breaking changes."}, "revisions": {"*": "Because \"rvslots\" was not specified, a legacy format has been used for the output. This format is deprecated, and in the future the new format will always be used."}}, "query": {"pages": {"56555": {"pageid": 56555, "ns": 0, "title": "Barbara Davis", "revisions": [{"contentformat": "text/x-wiki", "contentmodel": "wikitext", "*": "{{Patient Infobox\n|image = 13x03BarbaraDavis.png\n|name = Barbara Davis\n|status = Alive\n|diagnosis = Forearm laceration\n|treatment = Stitches\n|siblings = [[Georgia Fisher]]\n|other family = *Peter Fisher \u2020 ''(brother-in-law)''\n*[[Morgan Fisher]] ''(niece)''\n*[[Julian Fisher]] ''(nephew)''\n*[[Kara Fisher]] ''(niece)''\n*Grand-nephew\n*Carl Fisher\n*[[Lynne Fisher]]\n*[[Jason (I Ain't No Miracle Worker)|Jason]]\n*Michele Fisher\n|only appearance = [[I Ain't No Miracle Worker]]\n|seasons = '''[[Grey's Anatomy|GA]]:''' [[Season 13 (Grey's Anatomy)|13]]\n|portrayed by = [[Betsy Baker]]\n}}\n\n'''Barbara Davis''' was in a car accident on the way from her brother-in-law's funeral.\n\n==History==\nBarbara was attending her brother-in-law, Peter's, funeral when they were in an accident. She was taken to the hospital with a cut on her forearm that needed stitches. While in the hospital, her sister, Georgia, had a heart attack and died. However, shortly afterward, Georgia sat up in her hospital bed, not dead after all. The family was shocked, but happy.\n\n==Relationships==\n===Familial===\nHer brother-in-law had recently died. Her sister also was pronounced dead at the hospital, but soon after, was found not to be dead.\n\n==Gallery==\n===Episode Stills===\n<gallery orientation=\"landscape\" position=\"center\" spacing=\"small\" bordersize=\"none\" hideaddbutton=\"true\">\n13x03-28.jpg\n13x03-30.jpg\n13x03-31.jpg\n13x03-32.jpg\n</gallery>\n\n{{DEFAULTSORT:Davis, Barbara}}\n[[Category:Characters]]\n[[Category:GA Characters]]\n[[Category:GA S13 Characters]]\n[[Category:Patients]]\n[[Category:Patients (ER)]]\n[[Category:Patients (Trauma)]]"}]}}}}