{"batchcomplete": "", "warnings": {"main": {"*": "Subscribe to the mediawiki-api-announce mailing list at <https://lists.wikimedia.org/postorius/lists/mediawiki-api-announce.lists.wikimedia.org/> for notice of API deprecations and breaking changes."}, "revisions": {"*": "Because \"rvslots\" was not specified, a legacy format has been used for the output. This format is deprecated, and in the future the new format will always be used."}}, "query": {"pages": {"69829": {"pageid": 69829, "ns": 0, "title": "Barry Clemens", "revisions": [{"contentformat": "text/x-wiki", "contentmodel": "wikitext", "*": "{{Patient Infobox\n|image = 15x01BarryClemens.png\n|name = Barry Clemens\n|status = Deceased\n|diagnosis = Impaled object\n|doctors = *[[Richard Webber]]\n*[[Carina DeLuca]]\n*[[Andrew DeLuca]]\n*[[Vikram Roy]]\n|treatment = *Exploratory laparotomy\n*Surgical extraction\n|marital = [[Patty Clemens]] ''(wife)''\n|only appearance = [[With a Wonder and a Wild Desire]]\n|seasons = '''[[Grey's Anatomy|GA]]:''' [[Season 15 (Grey's Anatomy)|15]]\n|portrayed by = [[Chris Agos]]\n}}\n'''Barry Clemens''' is a patient who came into the ER after inserting his wife's hair spray into his anus.\n\n==History==\nBarry and his wife came into the ER when Barry was having extreme abdominal pain. He tried to play it off as something minor, but an x-ray revealed that he had put something into his rectum and it had become stuck. When they showed him the scan, he insisted that it was some kind of growth. However, as they took him to surgery, Carina was able to get him to admit that he had put his wife's \"hair stuff\"\u00a0up there. In surgery, they opened him up in order to remove it, but then Richard noticed something strange, so he told Vik to wait. However, Vik had spotted a bleeder and despite Richard's orders, he cauterized it, which started a fire in the OR because the object was actually hair spray. The fire was quickly extinguished and they continued their surgery. However, Barry coded and was unable to be resuscitated.\n\n==Relationships==\n===Romantic===\nHe was married to [[Patty Clemens]] until his death.\n\n==Notes and Trivia==\n*He was 42 at the time of his death.\n*He was pronounced dead at 17:03.\n\n{{DEFAULTSORT:Clemens, Barry}}\n[[Category:Characters]]\n[[Category:GA Characters]]\n[[Category:GA S15 Characters]]\n[[Category:Deceased Characters]]\n[[Category:Patients]]\n[[Category:Patients (ER)]]\n[[Category:Patients (General)]]"}]}}}}