{"batchcomplete": "", "warnings": {"main": {"*": "Subscribe to the mediawiki-api-announce mailing list at <https://lists.wikimedia.org/postorius/lists/mediawiki-api-announce.lists.wikimedia.org/> for notice of API deprecations and breaking changes."}, "revisions": {"*": "Because \"rvslots\" was not specified, a legacy format has been used for the output. This format is deprecated, and in the future the new format will always be used."}}, "query": {"pages": {"34159": {"pageid": 34159, "ns": 0, "title": "Barry Taylor", "revisions": [{"contentformat": "text/x-wiki", "contentmodel": "wikitext", "*": "{{If/Then Character}}\n{{Patient Infobox\n|image = 813Barry.png\n|name = Barry Taylor\n|status = Alive\n|diagnosis = *Pancreatic cancer\n*Deep vein thrombosis\n|doctors = *[[Miranda Bailey]]\n*[[Ellis Grey]]\n*[[Alex Karev]]\n|treatment = Extended whipple\n|marital = [[Jill Taylor]] ''(wife)''\n|only appearance = [[If/Then]]\n|seasons = '''[[Grey's Anatomy|GA]]:''' [[Season 8 (Grey's Anatomy)|8]]\n|portrayed by = [[Kevin Brief]]\n}}\n'''Barry Taylor''' was in the hospital to have a whipple to treat his pancreatic cancer.\n\n==History==\nBarry had advanced pancreatic cancer. Bailey planned to perform a whipple on him. However, Ellis took over the case as an opportunity to show off her technique. However, she ignored the fact that Barry had deep vein thrombosis, meaning that his iliac veins were not suitable for grafting. She had to cut into his neck to graft his renal vein instead. As he went to retrieve the graft, Alex was splattered with blood and noted that he may have nicked the carotid artery. Ellis was able to finish the surgery successfully despite her embarrassment.\n\n==Relationships==\n===Romantic===\nHe is married to [[Jill Taylor]]. He and his wife were both confused as to the change of surgeon when Ellis took over the case from Bailey.\n\n==Notes and Trivia==\n*He was 47 at the time of his whipple.\n\n{{DEFAULTSORT:Taylor, Barry}}\n[[Category:Characters]]\n[[Category:GA Characters]]\n[[Category:GA S8 Characters]]\n[[Category:Patients]]\n[[Category:Patients (General)]]"}]}}}}