{"batchcomplete": "", "warnings": {"main": {"*": "Subscribe to the mediawiki-api-announce mailing list at <https://lists.wikimedia.org/postorius/lists/mediawiki-api-announce.lists.wikimedia.org/> for notice of API deprecations and breaking changes."}, "revisions": {"*": "Because \"rvslots\" was not specified, a legacy format has been used for the output. This format is deprecated, and in the future the new format will always be used."}}, "query": {"pages": {"47867": {"pageid": 47867, "ns": 0, "title": "Beatrice Carver", "revisions": [{"contentformat": "text/x-wiki", "contentmodel": "wikitext", "*": "{{Patient Infobox\n|image = 2x22-10.jpg\n|name = Beatrice Carver\n|status = Unknown\n|diagnosis = Metastatic cancer\n|doctors = *[[Preston Burke]]\n*[[Alex Karev]]\n|treatment = *Tumor resection\n*Surgery\n|children = [[Amelia Carver]]\n|siblings = Sue\n|only appearance = [[The Name of the Game]]\n|seasons = '''[[Grey's Anatomy|GA]]:''' [[Season 2 (Grey's Anatomy)|2]]\n|portrayed by = [[Laurie Metcalf]]\n}}\n\n'''Beatrice Carver''' is a patient who had terminal cancer.\n\n==History==\nBeatrice had been diagnosed with cancer. They took her into surgery to remove some of the mets in her lungs, but they found that they'd adhered to chest wall, meaning she was terminal. They removed a tumor that had been obstructing her airway, which allowed her to breathe more easily, but they advised her that she was going to die.\n\nShe told them she wanted them to go back in and cut out whatever she could to give her as much time as possible because her daughter didn't know she had cancer. They said any additional surgery would be too much stress on her body.\n\nBeatrice tried to leave the hospital against medical advice because her daughter's birthday was the next day and she knew it would be the last birthday they spent together and didn't want it to celebrate it in the hospital. Alex convinced her to stay by saying she didn't want to risk dying in front of her daughter, who wasn't even aware she was sick.\n\nShe later told her daughter that she was sick and gave her all the advice she would have given her over the years.\n\n==Relationships==\n===Familial===\nShe has a daughter, [[Amelia Carver|Amelia]]. When she was diagnosed with cancer, she didn't tell her daughter. Even when she was told she was going to die, she wanted to hide her diagnosis from Amelia. She later told her daughter and gave her all the advice she was going to give her over the years.\n\n==Gallery==\n===Episode Stills===\n<gallery orientation=\"landscape\" position=\"center\" spacing=\"small\" bordersize=\"none\" hideaddbutton=\"true\">\n2x22-10.jpg\n2x22-13.jpg\n</gallery>\n\n[[es:Beatrice Carver]]\n\n{{DEFAULTSORT:Carver, Beatrice}}\n[[Category:Characters]]\n[[Category:GA Characters]]\n[[Category:GA S2 Characters]]\n[[Category:Patients]]\n[[Category:Patients (Cardio)]]\n[[Category:Patients (Oncology)]]"}]}}}}