{"batchcomplete": "", "warnings": {"main": {"*": "Subscribe to the mediawiki-api-announce mailing list at <https://lists.wikimedia.org/postorius/lists/mediawiki-api-announce.lists.wikimedia.org/> for notice of API deprecations and breaking changes."}, "revisions": {"*": "Because \"rvslots\" was not specified, a legacy format has been used for the output. This format is deprecated, and in the future the new format will always be used."}}, "query": {"pages": {"63661": {"pageid": 63661, "ns": 0, "title": "Beau Martinez", "revisions": [{"contentformat": "text/x-wiki", "contentmodel": "wikitext", "*": "{{Patient Infobox\n|image = 14x02BeauMartinez.png\n|name = Beau Martinez\n|status = Alive\n|diagnosis = Osteoblastoma\n|doctors = *[[Amelia Shepherd]]\n*[[Jackson Avery]]\n*[[Alex Karev]]\n*[[Andrew DeLuca]]\n|treatment = Tumor resection\n|parents = [[David Martinez]]\n|first appearance = [[Break Down the House]]\n|last appearance = [[Get Off on the Pain]]\n|count = 2\n|seasons = '''[[Grey's Anatomy|GA]]:''' [[Season 14 (Grey's Anatomy)|14]]\n|portrayed by = [[Juan Martinez]]\n}}\n\n'''Beau Martinez''' was a patient with a large brain tumor.\n\n==History==\nBeau came into the ER with intense pain in his jaw and left-side headache, which he'd had for a few months off and on. After an MRI, he was diagnosed with an osteoblastoma. Despite Jackson's assertion that it was inoperable, Amelia decided to make a surgical plan to remove it. ''(\"[[Break Down the House]]\")''\n\nAmelia made a plan and took Beau into surgery. She was able to take his jaw apart and remove the tumor, but couldn't get his jaw back together, so she paged Jackson to do it. He was able to put Beau's jaw back together and after surgery, Beau woke up and wasn't in pain. ''(\"[[Get Off on the Pain]]\")''\n\n==Relationships==\n===Familial===\nHis father came to the hospital with him and was extremely worried about him.\n\n==Notes and Trivia==\n*He was 14 at the time of his tumor resection.\n*He plays baseball.<ref>[[Break Down the House]], 14x01</ref>\n\n==Gallery==\n===Episodic===\n<gallery type=\"slideshow\" position=\"center\" hideaddbutton=\"true\" crop=\"true\">\n14x01BeauMartinez.png|[[Break Down the House]]\n14x02BeauMartinez.png|[[Get Off on the Pain]]\n</gallery>\n\n==Appearances==\n{{Beau Martinez Appearances}}\n\n{{Scrollbox}}\n\n{{DEFAULTSORT:Martinez, Beau}}\n[[Category:Characters]]\n[[Category:GA Characters]]\n[[Category:GA S14 Characters]]\n[[Category:Patients]]\n[[Category:Patients (ENT)]]\n[[Category:Patients (ER)]]\n[[Category:Patients (Neuro)]]\n[[Category:Patients (Peds)]]"}]}}}}