{"batchcomplete": "", "warnings": {"main": {"*": "Subscribe to the mediawiki-api-announce mailing list at <https://lists.wikimedia.org/postorius/lists/mediawiki-api-announce.lists.wikimedia.org/> for notice of API deprecations and breaking changes."}, "revisions": {"*": "Because \"rvslots\" was not specified, a legacy format has been used for the output. This format is deprecated, and in the future the new format will always be used."}}, "query": {"pages": {"48882": {"pageid": 48882, "ns": 0, "title": "Becca Wells", "revisions": [{"contentformat": "text/x-wiki", "contentmodel": "wikitext", "*": "{{Patient Infobox\n|image = 522BeccaWells.png\n|name = Becca Wells\n|status = Alive\n|diagnosis = *Stomach herniation\n*Lacerated diaphragm\n|doctors = *[[Owen Hunt]]\n*[[Alex Karev]]\n*[[Lexie Grey]]\n|treatment = *Central line\n*Surgery\n|parents = Mother\n|only appearance = [[What a Difference a Day Makes]]\n|seasons = '''[[Grey's Anatomy|GA]]:''' [[Season 5 (Grey's Anatomy)|5]]\n|portrayed by = [[Amy Gumenick]]\n}}\n'''Becca Wells''' is one of a group of college students who were in an accident on their way to graduation. She was the only survivor of the crash.\n\n==History==\nWhile on their way to their college graduation, Becca Wells, [[David Simons]], [[Jordan]], Michelle, Pete, and Dana were in a car accident. Becca's stomach was herniating into her chest, so she was taken into surgery. Before her surgery, Alex had her recite her speech to him in order to distract her from her friends' deaths. She survived her surgery and was stable and awake afterward.\n\n==Relationships==\n===Romantic===\nIn the ER, she lamented never having slept with [[David Simons]]. She didn't want to have a relationship until after school, but knew she could have fallen in love with him.\n\n===Friendships===\nShe rode to the graduation with several of her friends. She was the lone survivor of the crash.\n\n==Notes and Trivia==\n*She was 21 at the time of her accident.\n*She was valedictorian of her class.\n\n{{DEFAULTSORT:Wells, Becca}}\n[[Category:Characters]]\n[[Category:GA Characters]]\n[[Category:GA S5 Characters]]\n[[Category:Patients]]\n[[Category:Patients (ER)]]\n[[Category:Patients (Trauma)]]\n[[Category:Patients (General)]]"}]}}}}