{"batchcomplete": "", "warnings": {"main": {"*": "Subscribe to the mediawiki-api-announce mailing list at <https://lists.wikimedia.org/postorius/lists/mediawiki-api-announce.lists.wikimedia.org/> for notice of API deprecations and breaking changes."}, "revisions": {"*": "Because \"rvslots\" was not specified, a legacy format has been used for the output. This format is deprecated, and in the future the new format will always be used."}}, "query": {"pages": {"24772": {"pageid": 24772, "ns": 0, "title": "Becca McMurdo", "revisions": [{"contentformat": "text/x-wiki", "contentmodel": "wikitext", "*": "{{Patient Infobox\n|image = 10x11BeccaMcMurdo.png\n|name = Becca McMurdo\n|status = Alive\n|diagnosis = Paralysis\n|doctors = *[[Callie Torres]]\n*[[Derek Shepherd]]\n|treatment = Brain Mapping\n|marital = [[John McMurdo]] ''(husband)''\n|only appearance = [[Man on the Moon]]\n|seasons = '''[[Grey's Anatomy|GA]]:''' [[Season 10 (Grey's Anatomy)|10]]\n|portrayed by = [[Tracy Vilar]]\n}}\n'''Becca McMurdo''' is a patient at [[Grey Sloan Memorial Hospital]] who participated in [[Derek Shepherd|Derek]] and [[Callie Torres|Callie's]] brain mapping trial.\n\n==History==\n===Brain Mapping Trial===\nAfter testing all the equipment, they tried again with Becca, asking her to move the fingers of a robotic hand with her mind, but were still unsuccessful, leading them to understand that the problem was with Becca herself. While she was trying, her husband, John, encouraged her, but eventually left to get food so he wouldn't distract her.\n\nWhile they were trying again, John reentered with a bag of chips and Becca yelled at him. He left again and Becca broke down about how she hates that she yells at him. He does everything for her and she signed up for the trial so she could do one thing for him, but she felt like she had failed because she couldn\u2019t move the hand and she didn't want to go forward. Callie asked if she wanted to schedule surgery to remove the equipment, but Derek was reluctant to agree.\n\nAfter figuring out that her lack of success was due to a mental block because she was thinking too hard about the individual movements, they asked her husband to stand in front of the hand and told Becca to think about what she wants to say to John. When she did so, she was able to move the hand up to touch John, bringing the whole room to tears.\n\n==Relationships==\n===Romantic===\n====[[John McMurdo]]====\nBecca's husband, John, was her primary caretaker. Because he had done for much for her, she decided to do the trial so she could do something for him. She felt bad because she kept getting frustrated and taking it out on her husband. When she was finally able to move the hand to touch John, they both cried because they never thought she'd be able to touch him again.\n\n{{DEFAULTSORT:McMurdo, Becca}}\n[[Category:Characters]]\n[[Category:GA Characters]]\n[[Category:GA S10 Characters]]\n[[Category:Patients]]\n[[Category:Patients (Neuro)]]"}]}}}}