{"batchcomplete": "", "warnings": {"main": {"*": "Subscribe to the mediawiki-api-announce mailing list at <https://lists.wikimedia.org/postorius/lists/mediawiki-api-announce.lists.wikimedia.org/> for notice of API deprecations and breaking changes."}, "revisions": {"*": "Because \"rvslots\" was not specified, a legacy format has been used for the output. This format is deprecated, and in the future the new format will always be used."}}, "query": {"pages": {"66931": {"pageid": 66931, "ns": 0, "title": "Becca", "revisions": [{"contentformat": "text/x-wiki", "contentmodel": "wikitext", "*": "{{Rescuee Infobox\n|image = S191x01Becca.png\n|name = Becca\n|status = Alive\n|only appearance = [[Stuck]]\n|seasons = '''[[Station 19|S19]]:''' [[Season 1 (Station 19)|1]]\n|portrayed by = [[Ashlee F\u00fcss]]\n}}\n'''Becca''' is a woman who was trapped in a gap between two walls.\n\n==History==\nWhile walking home drunk, Becca saw a gap between two buildings that looked like she could get through. She started going through, but quickly got stuck. The firefighters arrived and started assessing her and the situation. She started panicking about being stuck, but Andy calmed her down and was able to get her out and into an ambulance.\n\n==Notes and Trivia==\n*She's a senior in college.\n\n[[es:Becca]]\n[[Category:Characters]]\n[[Category:S19 Characters]]\n[[Category:S19 S1 Characters]]\n[[Category:S19 Rescuees]]"}]}}}}