{"batchcomplete": "", "warnings": {"main": {"*": "Subscribe to the mediawiki-api-announce mailing list at <https://lists.wikimedia.org/postorius/lists/mediawiki-api-announce.lists.wikimedia.org/> for notice of API deprecations and breaking changes."}, "revisions": {"*": "Because \"rvslots\" was not specified, a legacy format has been used for the output. This format is deprecated, and in the future the new format will always be used."}}, "query": {"pages": {"82853": {"pageid": 82853, "ns": 0, "title": "Belinda Garcia", "revisions": [{"contentformat": "text/x-wiki", "contentmodel": "wikitext", "*": "{{Rescuee Infobox\n|image = S194x16BelindaGarcia.png\n|name = Belinda Garcia\n|status = Alive\n|alias = Beli\n|marital = Husband\n|children = *Tina Garcia\n*Jorge Garcia\n*[[Erica Garcia]]\n*[[Steven Garcia]]\n|parents = *[[Juan Carlos Garcia]]\n*In\u00e9s Garcia\n|grandparents = Abuelita\n|only appearance = [[Forever and Ever, Amen]]\n|seasons = '''[[Station 19|S19]]:''' [[Season 4 (Station 19)|4]]\n|portrayed by = [[Leslie Lluvet]]\n}}\n\n'''Belinda Garcia''' is a woman whose house caught on fire.\n\n==History==\nBelinda was asleep in her house after seeing her husband off to work when a fire started in their house. When firefighters found her, she was huddled on a bed with two of her children, [[Steven Garcia|Steven]] and [[Erica Garcia|Erica]]. She told the firefighters that her two teenagers were in a room at the other end of the hall.\n\nOutside, Belinda and her children were triaged and given oxygen. While they waited for the fire to be put out, Belinda collapsed from respiratory distress and had to be taken to the hospital.\n\n==Relationships==\n===Romantic===\nShe is married. Her husband had left for work before a fire started in their house.\n\n===Familial===\nShe and four generations of her family decided to quarantine in one house together during the [[COVID-19 Pandemic]].\n\n==Notes and Trivia==\n*She was 37 at the time of the fire.\n\n==Gallery==\n===Episode Stills===\n<gallery orientation=\"landscape\" position=\"center\" spacing=\"small\" bordersize=\"none\" hideaddbutton=\"true\">\nS194x16-30.jpg\nS194x16-36.jpg\nS194x16-40.jpg\nS194x16-50.jpg\n</gallery>\n\n{{DEFAULTSORT:Garcia, Belinda}}\n[[Category:Characters]]\n[[Category:S19 Characters]]\n[[Category:S19 S4 Characters]]\n[[Category:S19 Rescuees]]"}]}}}}