{"batchcomplete": "", "warnings": {"main": {"*": "Subscribe to the mediawiki-api-announce mailing list at <https://lists.wikimedia.org/postorius/lists/mediawiki-api-announce.lists.wikimedia.org/> for notice of API deprecations and breaking changes."}, "revisions": {"*": "Because \"rvslots\" was not specified, a legacy format has been used for the output. This format is deprecated, and in the future the new format will always be used."}}, "query": {"pages": {"49405": {"pageid": 49405, "ns": 0, "title": "Ben", "revisions": [{"contentformat": "text/x-wiki", "contentmodel": "wikitext", "*": "{{Patient Infobox\n|image = 7x13Ben.png\n|name = Ben\n|status = Alive\n|marital = [[Victoria]] ''(wife)''\n|only appearance = [[Don't Deceive Me (Please Don't Go)]]\n|seasons = '''[[Grey's Anatomy|GA]]:''' [[Season 7 (Grey's Anatomy)|7]]\n|portrayed by = [[Hugh Holub]]\n}}\n'''Ben''' is the husband of [[Victoria]].\n\n==History==\nBen's wife, Victoria, had vascular dementia. She was living in a nursing home, where he had to watch her fall in love with [[Daniel Cobb]], another resident. When he heard that Daniel was in a trial, he asked if Victoria could get into it, but Derek informed him that it was only for Alzheimer's dementia.\n\n==Relationships==\n===Romantic===\nHe is married to [[Victoria]].\n\n==Notes and Trivia==\n*He and [[Allison Cobb]] bonded over being the left-behind spouses.\n[[Category:Characters]]\n[[Category:GA Characters]]\n[[Category:GA S7 Characters]]"}]}}}}