{"batchcomplete": "", "warnings": {"main": {"*": "Subscribe to the mediawiki-api-announce mailing list at <https://lists.wikimedia.org/postorius/lists/mediawiki-api-announce.lists.wikimedia.org/> for notice of API deprecations and breaking changes."}, "revisions": {"*": "Because \"rvslots\" was not specified, a legacy format has been used for the output. This format is deprecated, and in the future the new format will always be used."}}, "query": {"pages": {"24645": {"pageid": 24645, "ns": 0, "title": "Ben Bosco", "revisions": [{"contentformat": "text/x-wiki", "contentmodel": "wikitext", "*": "{{Patient Infobox\n|image = 10x06BenBosco.png\n|name = Ben Bosco\n|status = Alive\n|diagnosis = *Ankle fracture\n*Arteriovenous malformation\n|doctors = *[[April Kepner]]\n*[[Callie Torres]]\n*[[Cristina Yang]]\n*[[Stephanie Edwards]]\n*[[Shane Ross]]\n|treatment = *Splinting\n*Embolization glue\n|marital = [[Joyce Bosco]] ''(wife)''\n|only appearance = [[Map of You]]\n|seasons = '''[[Grey's Anatomy|GA]]:''' [[Season 10 (Grey's Anatomy)|10]]\n|portrayed by = [[Jere Burns]]\n}}\n'''Ben Bosco''' is a patient at [[Grey Sloan Memorial Hospital]].\n\n==History==\n===Diagnosis and Lifestyle Changes===\nWhen he was diagnosed with an inoperable AVM, he and his wife quit their jobs, cashed out all their accounts, and started traveling around the world. His doctors tried multiple treatment options, but nothing worked.\n\n===Ankle Injury===\nBen came into the GSM ER with an ankle fracture which he got on a moving walkway at an airport. He and his wife were running to catch their connecting flight to Alaska to see the northern lights. When running tests for the ankle, Stephanie discovered that he had a large AVM. Cristina offered to help Stephanie break the news to Ben, but when they told him, they discovered that he already knew about it.\n\n===Embolization Surgery===\nUsing an idea he got from [[Derek Shepherd]], Shane went to Cristina and asked about using embolization glue for Ben's AVM. She said she never heard of it being used for cardiac AVMs, which are much larger than neuro AVMs. Shane asks if that means it can't be done. She counters that it would take a lot of glue.\n\nWhen Cristina and Shane present the plan to the Boscos, they are disappointed because they've spent a massive amount of money on their traveling and frivolous living, intending for his life insurance money to pay it. They seem intrigued when Cristina mentions that he might die in the surgery.\n\nAfter the surgery was successful, they cried about how they might go to jail because of what they did, but agreed that they would take care of it together.\n\n==Relationships==\n===Romantic===\n====[[Joyce Bosco]]====\nBen is married to Joyce Bosco, who stood by him after he was diagnosed with an arteriovenous malformation.\n\n==Notes and Trivia==\n*His travels with Joyce included Morocco, India, and a tour through Europe.\n\n{{DEFAULTSORT:Bosco, Ben}}\n[[Category:Characters]]\n[[Category:GA Characters]]\n[[Category:GA S10 Characters]]\n[[Category:Patients]]\n[[Category:Patients (Cardio)]]\n[[Category:Patients (ER)]]\n[[Category:Patients (Ortho)]]"}]}}}}