{"batchcomplete": "", "warnings": {"main": {"*": "Subscribe to the mediawiki-api-announce mailing list at <https://lists.wikimedia.org/postorius/lists/mediawiki-api-announce.lists.wikimedia.org/> for notice of API deprecations and breaking changes."}, "revisions": {"*": "Because \"rvslots\" was not specified, a legacy format has been used for the output. This format is deprecated, and in the future the new format will always be used."}}, "query": {"pages": {"48042": {"pageid": 48042, "ns": 0, "title": "Benjamin O'Leary", "revisions": [{"contentformat": "text/x-wiki", "contentmodel": "wikitext", "*": "{{Patient Infobox\n|image = 302BenjaminO'Leary.png\n|name = Benjamin O'Leary\n|status = Deceased\n|alias = Ben\n|diagnosis = Brain tumor\n|doctors = *[[Derek Shepherd]]\n*[[Cristina Yang]]\n*[[Meredith Grey]]\n|treatment = Tumor resection\n|siblings = [[Ruth O'Leary]]\n|only appearance = [[I Am a Tree]]\n|seasons = '''[[Grey's Anatomy|GA]]:''' [[Season 3 (Grey's Anatomy)|3]]\n|portrayed by = [[Peter Paige]]\n}}\n'''Benjamin O'Leary''' is a patient who had a brain tumor that caused him to say whatever he was thinking.\n\n==History==\nBenjamin had been diagnosed with with a brain tumor. The tumor was pressing on his frontal lobe, causing him to say everything he thought. He had to be told directly that he was being rude because he couldn't perceive sarcasm or irony.\n\nThey took him into surgery, but he started bleeding heavily and his brain herniated. Despite their best efforts, Benjamin died.\n\n==Relationships==\n===Romantic===\nBenjamin had a boyfriend who said he could deal with the side effects of his tumor, but his mother was offended by Benjamin's behavior and the boyfriend ended up breaking up with him.\n\n===Familial===\nHis sister, Ruth, came to the hospital with him. She stuck by him despite his tumor making him say offensive things to and about her.\n\n==Notes and Trivia==\n*He was 32 at the time of his death.\n\n[[de:Benjamin O'Leary]]\n{{DEFAULTSORT:O'Leary, Benjamin}}\n[[Category:Characters]]\n[[Category:GA Characters]]\n[[Category:GA S3 Characters]]\n[[Category:Deceased Characters]]\n[[Category:Patients]]\n[[Category:Patients (Neuro)]]"}]}}}}