{"batchcomplete": "", "warnings": {"main": {"*": "Subscribe to the mediawiki-api-announce mailing list at <https://lists.wikimedia.org/postorius/lists/mediawiki-api-announce.lists.wikimedia.org/> for notice of API deprecations and breaking changes."}, "revisions": {"*": "Because \"rvslots\" was not specified, a legacy format has been used for the output. This format is deprecated, and in the future the new format will always be used."}}, "query": {"pages": {"4050": {"pageid": 4050, "ns": 0, "title": "Bennett Epstein", "revisions": [{"contentformat": "text/x-wiki", "contentmodel": "wikitext", "*": "{{Attending Infobox\n|image = 503Proctor.png\n|name = Bennett Epstein\n|status = Alive\n|title = M.D.\n|job = Doctor\n|workplace = [[Seattle Grace Hospital]]\n|only appearance = [[Here Comes the Flood]]\n|seasons = '''[[Grey's Anatomy|GA]]:''' [[Season 5 (Grey's Anatomy)|5]]\n|portrayed by = [[Nelson Mashita]]\n}}\n\n'''Bennett Epstein''' is a proctor and doctor.\n\n==History==\nBennett was brought in as a proctor when George re-took his intern exam. However, when the roof started leaking before he could take his test, they began looking for another place to do it. Bennett found a quiet room in psych, but George stepped in to help Richard with the hospital flooding.\n\n==Career==\nDr. Bennett Epstein acted as a proctor when [[George O'Malley]] took his intern exam for the second time. He followed George around all day looking for a room while the hospital was flooded but eventually [[Richard Webber]] acted as the proctor in an [[Operating Room|OR gallery]].\n\n==Gallery==\n===Episode Stills===\n<gallery orientation=\"landscape\" position=\"center\" spacing=\"small\" bordersize=\"none\" hideaddbutton=\"true\">\n5x03-18.jpg\n5x03-19.jpg\n</gallery>\n\n{{DEFAULTSORT:Epstein, Bennett}}\n[[Category:Characters]]\n[[Category:GA Characters]]\n[[Category:GA S5 Characters]]\n[[Category:Doctors]]"}]}}}}