{"batchcomplete": "", "warnings": {"main": {"*": "Subscribe to the mediawiki-api-announce mailing list at <https://lists.wikimedia.org/postorius/lists/mediawiki-api-announce.lists.wikimedia.org/> for notice of API deprecations and breaking changes."}, "revisions": {"*": "Because \"rvslots\" was not specified, a legacy format has been used for the output. This format is deprecated, and in the future the new format will always be used."}}, "query": {"pages": {"85563": {"pageid": 85563, "ns": 0, "title": "Benson Kwan", "revisions": [{"contentformat": "text/x-wiki", "contentmodel": "wikitext", "*": "{{Intern and Resident Infobox\n|image = 19x04-11.jpg\n|name = Benson Kwan\n|born = \n|died =\n|status = Alive\n|alias = Blue\n|title = M.D.\n|marital =\n|children =\n|siblings = \n|parents = Mother \u2020\n|grandparents =\n|grandchildren =\n|other family =\n|job = [[General Surgery|Surgical]] [[Internship|Intern]]\n|workplace = [[Grey Sloan Memorial Hospital]]\n|first appearance = [[Everything Has Changed]]\n|count = 6\n|seasons = '''[[Grey's Anatomy|GA]]:''' [[Season 19 (Grey's Anatomy)|19]]\n|portrayed by = [[Harry Shum Jr.]]\n}}\n\n'''Benson Kwan''' is a [[General Surgery|surgical]] [[Internship|intern]] at [[Grey Sloan Memorial Hospital]].\n\n==History==\n<!--Replace this line, including the arrow brackets, with the article body and details. If no information can go under the sections then go ahead and remove them.-->\n\n==Personality==\nBenson \"Blue\" Kwan is sharp-witted, impatient and brilliant. He is generous by nature but competitive to a fault, naturally gifted, and used to winning at everything. A family crisis interfered with his career plans and now he's got a lot to prove.\n\n==Relationships==\n===Romantic===\n====[[Jules Millin]]====\nIn the locker room after recording the sex ed videos, Benson and Jules shared a quiet and intense look. They then headed to an on call room, where Benson kissed Jules. After she assured Benson that it would not happen again, that there were no feelings involved and that she didn't like him, the two had sex.<ref>[[Let's Talk About Sex]], 19x03</ref>\n\n===Familial===\n===Friendships===\n===Professional===\n<!--Replace this line, including the arrow brackets, with the article body and details. If no information can go under the sections then go ahead and remove them.-->\n\n==Career==\nHe is a [[General Surgery|surgical]] [[Internship|intern]] at [[Grey Sloan Memorial Hospital]].\n\n==Notes and Trivia==\n*In initial reports surrounding the character, he was named ''Daniel'' Kwan.\n*He was valedictorian, all state track & field, and national chess champion in high school.<ref>[[Thunderstruck]], 19x06</ref>\n\n==Gallery==\n{{GalleryLink}}\n\n==Appearances==\n{{Benson Kwan Appearances}}\n\n[[de:Benson Kwan]]\n\n{{DEFAULTSORT:Kwan, Benson}}\n[[Category:Characters]]\n[[Category:GA Characters]]\n[[Category:GA S19 Characters]]\n[[Category:Doctors]]"}]}}}}