{"batchcomplete": "", "warnings": {"main": {"*": "Subscribe to the mediawiki-api-announce mailing list at <https://lists.wikimedia.org/postorius/lists/mediawiki-api-announce.lists.wikimedia.org/> for notice of API deprecations and breaking changes."}, "revisions": {"*": "Because \"rvslots\" was not specified, a legacy format has been used for the output. This format is deprecated, and in the future the new format will always be used."}}, "query": {"pages": {"74839": {"pageid": 74839, "ns": 0, "title": "Bertram Hollister", "revisions": [{"contentformat": "text/x-wiki", "contentmodel": "wikitext", "*": "{{Patient Infobox\n|image = 16x03BertramHollister.png\n|name = Bertram Hollister\n|status = Alive\n|alias = *Bertie\n*Bird\n|diagnosis = Heart blockages\n|doctors = *[[Maggie Pierce]]\n*[[Casey Parker]]\n|treatment = Percutaneous coronary intervention\n|marital = Lois \u2020 ''(wife)''\n|children = At least one child\n|only appearance = [[Reunited]]\n|seasons = '''[[Grey's Anatomy|GA]]:''' [[Season 16 (Grey's Anatomy)|16]]\n|portrayed by = [[Hal Linden]]\n}}\n\n'''Bertram Hollister''' is a patient who was having a heart procedure.\n\n==History==\nBertram was in the hospital to have a percutaneous coronary intervention to open up blockages in his heart. his procedure went well and afterward, he was eager to get back on his feet. While he was out walking, he passed by the room of [[Soyoung Oh]]. She called out to him. They realized they knew each other. They'd met in Korea when he was stationed there during the war and fallen in love. However, they'd been separated when he went home. She found him on social media and saw that he was having surgery, so she impulsively got on a plane to the United States without telling any of her family and found him at the hospital. With Nico's help translating, they started to catch up.\n\n==Relationships==\n===Romantic===\n====Lois====\nHe was married to a woman named Lois.\n\n====[[Soyoung Oh]]====\nWhen he was young, he was stationed in Korea during the war. While was there, he fell in love with a young Korean woman, Soyoung Oh. They communicated using a dictionary. On the day he was set to go home, they agreed to meet at the train station at 3:00. He was then re-assigned to an earlier train and had no way to tell her. Decades later, when they were reunited, he learned that she hadn't come anyway because she was scared to leave her country. However, she found him online and saw he was having surgery, so she came to Washington to find him and they were reunited.\n\n===Familial===\nHe has a child who got sick. He says he drank too much after that happened.\n\n==Notes and Trivia==\n*He likes to walk and keeps track of his steps each day.\n*He and his wife went to Woodstock, but he regrets that they left when it started to rain.\n*He hates hospital rooms.\n\n{{DEFAULTSORT:Hollister, Bertram}}\n[[Category:Characters]]\n[[Category:GA Characters]]\n[[Category:GA S16 Characters]]\n[[Category:Patients]]\n[[Category:Patients (Cardio)]]"}]}}}}