{"batchcomplete": "", "warnings": {"main": {"*": "Subscribe to the mediawiki-api-announce mailing list at <https://lists.wikimedia.org/postorius/lists/mediawiki-api-announce.lists.wikimedia.org/> for notice of API deprecations and breaking changes."}, "revisions": {"*": "Because \"rvslots\" was not specified, a legacy format has been used for the output. This format is deprecated, and in the future the new format will always be used."}}, "query": {"pages": {"32448": {"pageid": 32448, "ns": 0, "title": "Bess Lepik", "revisions": [{"contentformat": "text/x-wiki", "contentmodel": "wikitext", "*": "{{Patient Infobox\n|image = 9x21BessLepik.png\n|name = Bess Lepik\n|status = Alive\n|marital = [[Mr. Lepik]] ''(husband)''\n|children = [[Seth Lepik]] \u2020\n|only appearance = [[Sleeping Monster]]\n|seasons = '''[[Grey's Anatomy|GA]]:''' [[Season 9 (Grey's Anatomy)|9]]\n|portrayed by = [[Elisabeth Noone]]\n}}\n'''Bess Lepik''' is the mother of [[Seth Lepik]], one of the patients infected by MRSA.\n\n==History==\nWhen their son contracted an aggressive infection, Mr. and Bess Lepik came to [[Grey Sloan Memorial Hospital]] to be with him. They immediately demanded that he be moved to another hospital for treatment. However, before the move could happen, [[Richard Webber]] determined that Seth needed to go back into surgery. They reluctantly agreed to allow him to operate. However, in surgery, Seth died.\n\n==Relationships==\n===Romantic===\nShe is married to [[Mr. Lepik]]. Together, they have a son, [[Seth Lepik]].\n\n===Familial===\nHer son, Seth, contracted MRSA after having surgery at [[Grey Sloan Memorial Hospital]]. He later died of complications from that infection in surgery.\n\n{{DEFAULTSORT:Lepik, Bess}}\n[[Category:Characters]]\n[[Category:GA Characters]]\n[[Category:GA S9 Characters]]"}]}}}}