{"batchcomplete": "", "warnings": {"main": {"*": "Subscribe to the mediawiki-api-announce mailing list at <https://lists.wikimedia.org/postorius/lists/mediawiki-api-announce.lists.wikimedia.org/> for notice of API deprecations and breaking changes."}, "revisions": {"*": "Because \"rvslots\" was not specified, a legacy format has been used for the output. This format is deprecated, and in the future the new format will always be used."}}, "query": {"pages": {"21152": {"pageid": 21152, "ns": 0, "title": "Beth Monroe", "revisions": [{"contentformat": "text/x-wiki", "contentmodel": "wikitext", "*": "{{Patient Infobox\n|image = 4x16-18.jpg\n|name = Beth Monroe\n|status = Alive\n|diagnosis = *Malignant glioma\n*Right side paralysis\n|doctors = *[[Meredith Grey]]\n*[[Derek Shepherd]]\n|treatment = *Chemotherapy\n*Radiation\n*Clinical trial\n|parents = *[[Ken Monroe]]\n*[[Liz Monroe]]\n|grandparents = Grandma\n|first appearance = [[Freedom, Part 1]]\n|last appearance = [[Freedom, Part 2]]\n|count = 2\n|seasons = '''[[Grey's Anatomy|GA]]:''' [[Season 4 (Grey's Anatomy)|4]]\n|portrayed by = [[Jurnee Smollett]]\n}}\n'''Beth Monroe''' was a patient at [[Seattle Grace Hospital]] who participated in [[Derek Shepherd|Derek]] and [[Meredith Grey|Meredith's]] clinical trial. She was the first patient to survive the trial.\n\n==History==\nBeth came into the hospital with an inoperable glioma to participate in Meredith and Derek's clinical trial. The tumor, which her doctors had tried to treat with chemotherapy and radiation, had already paralyzed her right side. ''(\"[[Freedom, Part 1]]\")''\n\nBecause the IRB threatened to shut down the trial, Beth's surgery was pushed up and she had surgery scheduled after Jeremy's. Despite Jeremy dying, she decided to go ahead with hers. Her parents believed she just wanted to die with Jeremy, but she insisted. She survived the surgery. She took a while to wake up, but her tumor had shrunk enough that her right-side paralysis was relieved. ''(\"[[Freedom, Part 2]]\")''\n\n==Relationships==\n===Romantic===\nShe was dating [[Jeremy West]], whom she met when they were both being treated at [[Mayo Clinic]]. They went through chemo and radiation together and joined a support group for people with tumors. They also joined the tumor trial together. Before their surgeries, Beth said she didn't want to die not knowing what it felt like to love someone, so Derek and Meredith guarded the door while they had sex. When Jeremy died in his surgery, Beth was devastated. ''(\"[[Freedom, Part 1]]\")''\n\n===Familial===\nHer parents are very protective of her. They didn't want her dating Jeremy because they didn't want her getting attached to someone who might die. ''(\"[[Freedom, Part 1]]\")''\n\n===Friendships===\nShe and Jeremy knew a woman, Carrie, from their support group who had died. ''(\"[[Freedom, Part 1]]\")''\n\n==Notes and Trivia==\n*She's the last person left alive from the tumor support group.<ref>[[Freedom, Part 1]], 4x16</ref>\n*Her CT was among those used by [[Derek Shepherd]] to propose to [[Meredith Grey]].<ref>[[Elevator Love Letter]], 5x19</ref>\n\n==Gallery==\n===Episodic===\n<gallery type=\"slideshow\" crop=\"true\" position=\"center\" hideaddbutton=\"true\">\n416BethMonroe.png|[[Freedom, Part 1]]\n417BethMonroe.png|[[Freedom, Part 2]]\n</gallery>\n\n===Episode Stills===\n<gallery orientation=\"landscape\" position=\"center\" spacing=\"small\" bordersize=\"none\" hideaddbutton=\"true\">\n4x16-16.jpg\n4x16-17.jpg\n4x16-18.jpg\n4x16-19.jpg\n4x16-22.jpg\n4x16-24.jpg\n</gallery>\n\n==Appearances==\n{{Beth Monroe Appearances}}\n{{Scrollbox}}\n\n{{DEFAULTSORT:Monroe, Beth}}\n[[Category:Characters]]\n[[Category:GA Characters]]\n[[Category:GA S4 Characters]]\n[[Category:Patients]]\n[[Category:Patients (Neuro)]]\n[[Category:Patients (Oncology)]]"}]}}}}