{"batchcomplete": "", "warnings": {"main": {"*": "Subscribe to the mediawiki-api-announce mailing list at <https://lists.wikimedia.org/postorius/lists/mediawiki-api-announce.lists.wikimedia.org/> for notice of API deprecations and breaking changes."}, "revisions": {"*": "Because \"rvslots\" was not specified, a legacy format has been used for the output. This format is deprecated, and in the future the new format will always be used."}}, "query": {"pages": {"48971": {"pageid": 48971, "ns": 0, "title": "Bethany Anderson", "revisions": [{"contentformat": "text/x-wiki", "contentmodel": "wikitext", "*": "{{Patient Infobox\n|image = 6x08-4.jpg\n|name = Bethany Anderson\n|status = Alive\n|marital = [[Paul Anderson]] ''(husband)''\n|children = [[Wallace Anderson]] \u2020\n|only appearance = [[Invest in Love]]\n|seasons = '''[[Grey's Anatomy|GA]]:''' [[Season 6 (Grey's Anatomy)|6]]\n|portrayed by = [[Erica Gimpel]]\n}}\n'''Bethany Anderson''' is the mother of [[Wallace Anderson]].\n\n==History==\nBethany was at the hospital with her son, Wallace, who had short gut syndrome. She and her husband requested a meeting with a board representative and the Chief and they said they wanted Arizona there as well. In the meeting, they revealed that they planned to donate $25 million to the hospital, half to continue research to find a cure for Wallace's condition and half to the hospital itself.\n\nWhen they found out that Wallace had another bowel obstruction, [[Arizona Robbins]] advised against surgery, saying she wasn't confident he would survive. She instead encouraged them to prepare themselves and Wallace. However, they pressured her into surgery and she operated. Wallace survived the surgery, but later went into sepsis and died in a second surgery.\n\nWhile they were packing Wallace's room, Arizona came to them and asked if they wanted to see Wallace. They said they did and Arizona took them to the morgue, where they viewed Wallace's body and Bethany started to do the \"bad dreams\" routine she'd done for Wallace while he was alive. When she was unable to continue, Arizona continued for her.\n\n==Relationships==\n===Romantic===\nShe is married to [[Paul Anderson]].\n\n===Familial===\nShe and her husband tried to keep their son's life as normal as possible even while he lived in the hospital. To help him sleep, she had a routine she did to banish bad dreams. When Wallace died, she was devastated.\n\n==Gallery==\n===Episode Stills===\n<gallery orientation=\"landscape\" position=\"center\" spacing=\"small\" bordersize=\"none\" hideaddbutton=\"true\">\n6x08-2.jpg\n6x08-3.jpg\n6x08-4.jpg\n6x08-22.jpg\n</gallery>\n\n{{DEFAULTSORT:Anderson, Bethany}}\n[[Category:Characters]]\n[[Category:GA Characters]]\n[[Category:GA S6 Characters]]"}]}}}}