{"batchcomplete": "", "warnings": {"main": {"*": "Subscribe to the mediawiki-api-announce mailing list at <https://lists.wikimedia.org/postorius/lists/mediawiki-api-announce.lists.wikimedia.org/> for notice of API deprecations and breaking changes."}, "revisions": {"*": "Because \"rvslots\" was not specified, a legacy format has been used for the output. This format is deprecated, and in the future the new format will always be used."}}, "query": {"pages": {"52762": {"pageid": 52762, "ns": 0, "title": "Beth Dean", "revisions": [{"contentformat": "text/x-wiki", "contentmodel": "wikitext", "*": "{{Patient Infobox\n|image = 12x18BethGageDean.png\n|name = Beth Dean\n|status = Alive\n|marital = Ex-husband\n|children = [[Gage Dean]]\n|only appearance = [[There's a Fine, Fine Line]]\n|seasons = '''[[Grey's Anatomy|GA]]:''' [[Season 12 (Grey's Anatomy)|12]]\n|portrayed by = [[Treisa Gary]]\n}}\n\n'''Beth Dean''' is the mother of [[Gage Dean]].\n\n==History==\nBeth was at the hospital with her son, Gage, who needed surgery on his throat. She and Gage's father were engaged in a contentious custody battle over Gage, which resulted in them fighting over him at the hospital. When Gage disappeared from his hospital room, Beth believed his father had taken him. a [[Hospital Codes#Code Pink|Code Pink]] was called and Alex started searching the hospital. He found Gage hiding under a staircase. The Code Pink was called off and Gage was reunited with Beth. He told Alex he was scared because of his surgery, but Alex assured him he'd be fine and he'd feel so much better afterward.\n\n==Relationships==\n===Romantic===\nShe and Gage's father are no longer together.\n\n===Familial===\nShe and her ex are engaged in a custody battle over their son, Gage.\n\n{{DEFAULTSORT:Dean, Beth}}\n[[Category:Characters]]\n[[Category:GA Characters]]\n[[Category:GA S12 Characters]]"}]}}}}