{"batchcomplete": "", "warnings": {"main": {"*": "Subscribe to the mediawiki-api-announce mailing list at <https://lists.wikimedia.org/postorius/lists/mediawiki-api-announce.lists.wikimedia.org/> for notice of API deprecations and breaking changes."}, "revisions": {"*": "Because \"rvslots\" was not specified, a legacy format has been used for the output. This format is deprecated, and in the future the new format will always be used."}}, "query": {"pages": {"21197": {"pageid": 21197, "ns": 0, "title": "Beth Whitman", "revisions": [{"contentformat": "text/x-wiki", "contentmodel": "wikitext", "*": "{{Patient Infobox\n|image = 515BethWhitman.png\n|name = Beth Whitman\n|status = Alive\n|marital = [[Owen Hunt]] ''(ex-fianc\u00e9)''\n|parents = *Mother \u2020\n*[[Michael Whitman]]\n|job = Teacher\n|first appearance = [[Beat Your Heart Out]]\n|last appearance = [[Before and After]]\n|count = 2\n|seasons = '''[[Grey's Anatomy|GA]]:''' [[Season 5 (Grey's Anatomy)|5]]\n|portrayed by = [[Laura Allen]]\n}}\n'''Beth Whitman''' is the ex-fianc\u00e9e of [[Owen Hunt]].\n\n==History==\n===Father's Illness===\nBeth came to the hospital with her father after he passed out while they were having dinner. She was worried, but he insisted that it was nothing. He sent her back to school, but she came back later, saying she wasn't doing anyone any good at school. She was shocked to see Owen at the hospital, as she believed he was still in Iraq.\n\nHer father had to have surgery and afterward, Beth was told he'd be awake in a few hours. Owen also told her that he had colorectal cancer, a fact her father had hidden from her to protect her from the pain. ''(\"[[Before and After]]\")''\n\n==Personality==\nBeth is sweet and innocent and has a mild temperament. She is seen as highly emotional and somewhat clingy, requiring her loved ones to be close to her at all times. Despite having been dumped by Owen via e-mail, she was pleased to see him and glad to see that he was alive.\n\nAccording to [[Teddy Altman|Teddy]], she lacks ambition, having been ready to quit her job and devote herself to family as soon as she and Owen got married. ''(\"[[I Like You So Much Better When You're Naked]]\")''\n\n==Relationships==\n===Romantic===\nShe was engaged to [[Owen Hunt]], but was dumped by him in a two-line email some time after he left for Iraq. She remained unaware of his return until she ran into him at the hospital. At first, she was glad to see him, but it soon became clear that the army had changed him, making him a totally different man in her eyes. ''(\"[[Before and After]]\")''\n\n===Familial===\nHer father came to the hospital dying. She was unaware that he had cancer. Her father justified not telling her by saying that her mother died when she was little and that's enough sadness for her whole life. ''(\"[[Before and After]]\")''\n\n==Career==\nBeth teaches second grade. She is a dedicated teacher who cares deeply about her students, worrying herself sick if one of them gets the sniffles.\u00a0 ''(\"[[Before and After]]\")''\n\n==Notes and Trivia==\n*She stayed in touch with Owen's mother even after he broke up with her.<ref>[[Before and After]], 5x15</ref>\n*According to her, she used to pray on her knees for Owen every night when he was in Iraq.<ref>[[Before and After]], 5x15</ref>\n*She used to call Owen in tears when there was a spider in her apartment, a fact that became a joke between Owen and Michael that they couldn't be out of town at the same time in case she found a bug.<ref>[[Before and After]], 5x15</ref>\n\n==Gallery==\n===Episodic===\n<gallery type=\"slideshow\" position=\"center\" crop=\"true\" hideaddbutton=\"true\">\n514BethWhitman.png|[[Beat Your Heart Out]]\n515BethWhitman.png|[[Before and After]]\n</gallery>\n\n==Appearances==\n{{Beth Whitman Appearances}}\n\n{{Scrollbox}}\n\n[[fr:Beth Whitman]]\n[[de:Beth Whitman]]\n\n{{DEFAULTSORT:Whitman, Beth}}\n[[Category:Characters]]\n[[Category:GA Characters]]\n[[Category:GA S5 Characters]]"}]}}}}