{"batchcomplete": "", "warnings": {"main": {"*": "Subscribe to the mediawiki-api-announce mailing list at <https://lists.wikimedia.org/postorius/lists/mediawiki-api-announce.lists.wikimedia.org/> for notice of API deprecations and breaking changes."}, "revisions": {"*": "Because \"rvslots\" was not specified, a legacy format has been used for the output. This format is deprecated, and in the future the new format will always be used."}}, "query": {"pages": {"48854": {"pageid": 48854, "ns": 0, "title": "Beth Dearborn", "revisions": [{"contentformat": "text/x-wiki", "contentmodel": "wikitext", "*": "{{Patient Infobox\n|image = 517Beth.png\n|name = Beth Dearborn\n|status = Alive\n|diagnosis = *Seizure\n*Arrythmogenic right ventricular dysplasia\n|doctors = *[[Arizona Robbins]]\n*[[Owen Hunt]]\n*[[Alex Karev]]\n|treatment = Pacemaker\n|parents = Parents\n|only appearance = [[I Will Follow You Into the Dark]]\n|seasons = '''[[Grey's Anatomy|GA]]:''' [[Season 5 (Grey's Anatomy)|5]]\n|portrayed by = [[Susane E. Lee]]\n}}\n'''Beth Dearborn''' is a high schooler who came into the ER after having a seizure during a marching band performance.\n\n==History==\nBeth had a history of seizures. She came into the hospital after being trampled when she seized during a marching band performance. She started seizing again as she arrived at the hospital. They had to shock her in the ER when they weren't certain she was in Vfib because of the seizure. Luckily, she survived and they ran tests to check for internal injuries. While observing her, Alex noticed that she had a cardiac episode right before seizing, leading him to suspect that the heart problem was causing the seizures instead of the other way around.\n\nThey did an EP study, which revealed ARVC. They put in a pacemaker, which would prevent any future seizures.\n\n==Relationships==\n===Friendships===\nTwo of Beth's bandmates, who were on \"seizure patrol,\" came to the hospital with her. They were resentful of her ruining their performance.\n\n==Notes and Trivia==\n*She was 17 at the time of her trampling.\n\n{{DEFAULTSORT:Dearborn, Beth}}\n[[Category:Characters]]\n[[Category:GA Characters]]\n[[Category:GA S5 Characters]]\n[[Category:Patients]]\n[[Category:Patients (ER)]]\n[[Category:Patients (Peds)]]\n[[Category:Patients (Cardio)]]\n[[Category:Patients (Trauma)]]"}]}}}}