{"batchcomplete": "", "warnings": {"main": {"*": "Subscribe to the mediawiki-api-announce mailing list at <https://lists.wikimedia.org/postorius/lists/mediawiki-api-announce.lists.wikimedia.org/> for notice of API deprecations and breaking changes."}, "revisions": {"*": "Because \"rvslots\" was not specified, a legacy format has been used for the output. This format is deprecated, and in the future the new format will always be used."}}, "query": {"pages": {"46742": {"pageid": 46742, "ns": 0, "title": "Bethany Tanner", "revisions": [{"contentformat": "text/x-wiki", "contentmodel": "wikitext", "*": "{{Patient Infobox\n|image = 12x01-20.jpg\n|name = Bethany Tanner\n|status = Alive\n|marital = [[Steven Tanner]] ''(husband)''\n|children = [[Jessica Tanner]]\n|only appearance = [[Sledgehammer]]\n|seasons = '''[[Grey's Anatomy|GA]]:''' [[Season 12 (Grey's Anatomy)|12]]\n|portrayed by = [[Jenny Cooper]]\n}}\n\n'''Bethany Tanner''' is the mother of [[Jessica Tanner]].\n\n==History==\nAfter finding out that her daughter was dating another girl, Bethany planned to send her away to a gay conversion camp. Jessica and her girlfriend, [[Aliyah Hamed|Aliyah]] decided that they wanted to be together dead or alive, so they attempted suicide by train. They both survived the impact and were taken to the hospital for treatment.\n\nWhen [[Dakhir Hamed]], Aliyah's father, arrived at the hospital, he overheard that the Tanners' daughter had also been in the train accident and introduced himself. Bethany knew who he was and demanded that he keep his daughter away from hers.\n\nAfter Callie heard that Jessica was going to be sent to a gay conversion camp, she confronted Bethany, saying those camps don't work and they're damaging to the people who are sent there. Bethany refused to back down and said that Callie's only job was to treat Jessica.\n\nCallie then called Child Protective Services on the family. When Bethany found out, she confronted the doctors, specifically Maggie, who eventually punched her. She was okay after being punched, but was angry and indicated her intent to sue.\n\nAfter Jessica's surgery, Maggie went to apologize to Bethany and Steven said they were planning to have Jessica taken directly from the hospital to the camp. Bethany saw her out in the hallway and came out angry, again expressing her intent to sue. Steven then interrupted, saying that no one would be suing and Jessica was not going to the camp. He said that he doesn't care if Jessica is gay. He only cares if she's happy. If Bethany tried to send her away, he'd leave and take Jessica with him. Just then, Jessica was returned to her room and heard what her father said, which made her smile.\n\n==Relationships==\n===Romantic===\nShe is married to [[Steven Tanner]]. They disagreed about the decision to send their daughter to a gay conversion camp, but Steven didn't speak up and try to stop her until after Jessica attempted suicide and nearly died. He threatened to leave her if she tried to send Jessica away.\n\n===Familial===\nShe has a daughter, Jessica. Upon finding out that Jessica was dating another girl, Bethany planned to send her away to a gay conversion camp. She only relented when her husband threatened to leave and take Jessica with him.\n\n==Gallery==\n===Episode Stills===\n<gallery orientation=\"landscape\" position=\"center\" spacing=\"small\" bordersize=\"none\" hideaddbutton=\"true\">\n12x01-13.jpg\n12x01-14.jpg\n12x01-15.jpg\n12x01-16.jpg\n12x01-17.jpg\n12x01-19.jpg\n12x01-20.jpg\n</gallery>\n\n[[de:Bethany Tanner]]\n\n{{DEFAULTSORT:Tanner, Bethany}}\n[[Category:Characters]]\n[[Category:GA Characters]]\n[[Category:GA S12 Characters]]"}]}}}}