{"batchcomplete": "", "warnings": {"main": {"*": "Subscribe to the mediawiki-api-announce mailing list at <https://lists.wikimedia.org/postorius/lists/mediawiki-api-announce.lists.wikimedia.org/> for notice of API deprecations and breaking changes."}, "revisions": {"*": "Because \"rvslots\" was not specified, a legacy format has been used for the output. This format is deprecated, and in the future the new format will always be used."}}, "query": {"pages": {"83283": {"pageid": 83283, "ns": 0, "title": "Betsy", "revisions": [{"contentformat": "text/x-wiki", "contentmodel": "wikitext", "*": "{{Patient Infobox\n|image = 18x01Betsy.png\n|name = Betsy\n|status = Alive\n|other family = [[Father Christopher]] \u2020 ''(uncle)''\n|only appearance = [[Here Comes the Sun]]\n|seasons = '''[[Grey's Anatomy|GA]]:''' [[Season 18 (Grey's Anatomy)|18]]\n|portrayed by = [[Barbara Lee Bragg]]\n}}\n\n'''Betsy''' is the niece of [[Father Christopher]].\n\n==History==\nBetsy came to the hospital when she learned her uncle had been injured. She waited while he had surgery. She was later told he'd died in surgery. She said that at least he had died doing something he loved, marrying people.\n\n==Relationships==\n===Familial===\nShe came to the hospital when she learned her uncle was injured.\n\n[[Category:Characters]]\n[[Category:GA Characters]]\n[[Category:GA S18 Characters]]"}]}}}}