{"batchcomplete": "", "warnings": {"main": {"*": "Subscribe to the mediawiki-api-announce mailing list at <https://lists.wikimedia.org/postorius/lists/mediawiki-api-announce.lists.wikimedia.org/> for notice of API deprecations and breaking changes."}, "revisions": {"*": "Because \"rvslots\" was not specified, a legacy format has been used for the output. This format is deprecated, and in the future the new format will always be used."}}, "query": {"pages": {"47999": {"pageid": 47999, "ns": 0, "title": "Betty Johnson", "revisions": [{"contentformat": "text/x-wiki", "contentmodel": "wikitext", "*": "{{Patient Infobox\n|image = 224BettyJohnson.png\n|name = Betty Johnson\n|status = Alive\n|doctors = [[Alex Karev]]\n|marital = [[Jim Johnson]] ''(husband)''\n|children = [[Melanie Reynolds]] \u2020\n|grandchildren = Grandchild\n|other family = [[Noah Reynolds]] ''(son-in-law)''\n|only appearance = [[Damage Case]]\n|seasons = '''[[Grey's Anatomy|GA]]:''' [[Season 2 (Grey's Anatomy)|2]]\n|portrayed by = [[Frances Fisher]]\n}}\n\n'''Betty Johnson''' came into the hospital after being in a car accident with her family.\n\n==History==\nWhile in town for their daughter, Melanie's, baby shower, Betty was in a car with her husband, Jim, when [[Marshall Stone]] fell asleep at the wheel and hit them, causing them to hit the car in front of them, which held Melanie and her husband, Noah. In the ER, Betty said she had pain in her leg and arm.\n\nAlex went to examine her, but she said she wasn't wearing any panties, so she asked for a female doctor. Her scans were clear, so she was quickly discharged.\n\nMelanie had much more serious injuries, her parents waited at the hospital while they took her into surgery. They later informed that Melanie's injuries were catastrophic. Betty and Jim waited with Noah in his room while the doctors took her into surgery. After she reached the triangle of death, they moved her to the ICU, where she stayed until they were ready to take her back into surgery. Unfortunately, she died during the second surgery and her baby had to be delivered. After some initial trouble breathing, the baby was stable in the NICU and Noah sat next to the incubator.\n\n==Relationships==\n===Romantic===\nShe is married to [[Jim Johnson]]. They had one daughter together, [[Melanie Reynolds|Melanie]].\n\n===Familial===\nBetty was very close to her daughter, Melanie, saying that Melanie asked her advice on everything.\n\n==Notes and Trivia==\n*She really liked [[Callie Torres]].\n\n==Gallery==\n===Episode Stills===\n<gallery orientation=\"landscape\" position=\"center\" spacing=\"small\" bordersize=\"none\" hideaddbutton=\"true\">\n2x24-3.jpg\n</gallery>\n\n{{DEFAULTSORT:Johnson, Betty}}\n[[Category:Characters]]\n[[Category:GA Characters]]\n[[Category:GA S2 Characters]]\n[[Category:Patients]]\n[[Category:Patients (ER)]]\n[[Category:Patients (Trauma)]]"}]}}}}