{"batchcomplete": "", "warnings": {"main": {"*": "Subscribe to the mediawiki-api-announce mailing list at <https://lists.wikimedia.org/postorius/lists/mediawiki-api-announce.lists.wikimedia.org/> for notice of API deprecations and breaking changes."}, "revisions": {"*": "Because \"rvslots\" was not specified, a legacy format has been used for the output. This format is deprecated, and in the future the new format will always be used."}}, "query": {"pages": {"49109": {"pageid": 49109, "ns": 0, "title": "Betty Donahue", "revisions": [{"contentformat": "text/x-wiki", "contentmodel": "wikitext", "*": "{{Patient Infobox\n|image = 6x22BettyDonahue.png\n|name = Betty Donahue\n|status = Alive\n|alias = Betty Flynn\n|diagnosis = Broken arm\n|doctors = *[[Callie Torres]]\n*[[Lexie Grey]]\n|treatment = Surgery\n|marital = Mike Donahue \u2020 ''(husband)''\n|children = *Andrew Donahue\n*Three other children\n|grandchildren = Grandchildren\n|only appearance = [[Shiny Happy People]]\n|seasons = '''[[Grey's Anatomy|GA]]:''' [[Season 6 (Grey's Anatomy)|6]]\n|portrayed by = [[Marion Ross]]\n}}\n\n'''Betty Donahue''' is a woman who came into the ER after a minor car accident.\n\n==History==\nBetty broke her arm in a car accident. While she was in the ER getting her arm checked out, she saw [[Henry Stamm]], a man she'd loved when she was young, who was also in the ER. They spent some time catching up and he asked her to move across the country to live with him. She said she got over him and they'd missed their time. She was then taken into surgery to repair her arm.\n\nAfter her surgery, Henry had an irregular heart rhythm. They had to insert a pacemaker. She then agreed to move in with him.\n\n==Relationships==\n===Romantic===\n====Mike Donahue====\nShe married Mike, whom she said was a nice man, but he wasn't Henry.\n\n====Henry Stamm====\nWhile at a party with Henry, they saw each other outside and had sex, both of their firsts. However, Henry was engaged to Irene and later married her. Fifty years later, they met up at the hospital and she agreed to move across the country to be with him.\n\n===Familial===\nShe has four children and some grandchildren.\n\n===Friendships===\nBetty and Irene were best friends and roommates. Irene was seeing Henry, not knowing the Betty was in love with him. Betty was supposed to be the maid of honor in their wedding, but she disappeared.\n\n==Gallery==\n===Episode Stills===\n<gallery orientation=\"landscape\" position=\"center\" spacing=\"small\" bordersize=\"none\" hideaddbutton=\"true\">\n6x22-4.jpg\n</gallery>\n\n{{DEFAULTSORT:Donahue, Betty}}\n[[Category:Characters]]\n[[Category:GA Characters]]\n[[Category:GA S6 Characters]]\n[[Category:Patients]]\n[[Category:Patients (ER)]]\n[[Category:Patients (Ortho)]]\n[[Category:Patients (Trauma)]]"}]}}}}