{"batchcomplete": "", "warnings": {"main": {"*": "Subscribe to the mediawiki-api-announce mailing list at <https://lists.wikimedia.org/postorius/lists/mediawiki-api-announce.lists.wikimedia.org/> for notice of API deprecations and breaking changes."}, "revisions": {"*": "Because \"rvslots\" was not specified, a legacy format has been used for the output. This format is deprecated, and in the future the new format will always be used."}}, "query": {"pages": {"68537": {"pageid": 68537, "ns": 0, "title": "Betty Nelson", "revisions": [{"contentformat": "text/x-wiki", "contentmodel": "wikitext", "*": "{{Character Family Infobox\n|image = 15x09-28.jpg\n|name = Britney Dickinson\n|status = Alive\n|alias = *Lightning Bolt Betty\n*Betty Nelson\n|parents = *[[Carol Dickinson]]\n*[[John Dickinson]]\n|first appearance = [[Bad Reputation]]\n|last appearance = [[We Didn't Start the Fire]]\n|count = 12\n|seasons = '''[[Grey's Anatomy|GA]]:''' [[Season 14 (Grey's Anatomy)|14]] and [[Season 15 (Grey's Anatomy)|15]]\n|portrayed by = [[Peyton Kennedy]]\n}}\n'''Britney Dickinson''', using the alias Betty Nelson, is the birth mother of [[Leo Hunt|Leo]].\n\n==History==\n===Soccer Injury===\nDuring soccer playoffs, Betty tore her ACL. She had surgery to repair it and was given ten days' worth of opioids for the pain. She ended up addicted to them and moved on to other drugs when they ran out.\n\n===Giving Birth===\nBetty got pregnant by a drug dealer and gave birth to [[Leo Hunt|Leo]]. At some point after his birth, he was put into foster care and went to live with [[Owen Hunt]].\n\n===Leo's Checkup===\nWhen Leo got his six-month well-baby checkup, Betty was told she could come and she did. While he was getting a shot, Betty stepped out of the room and talked to Amelia, who offered to buy her breakfast. While they were eating, Betty told Amelia what had happened that led to her life being how it was. In response, Amelia decided to take Betty in and help her get and stay clean. When Betty showed up to come home with her, Amelia laid out the rules for her and then they went home with Owen and Leo. ''(\"[[Bad Reputation]]\")''\n\n===Detox===\nAmelia helped Betty get through her detox, which involved lots of vomiting. Betty was angry with Amelia and took the withdrawal out on her, which Amelia said was fine. Amelia became worried when Betty was spending a long time in the bathroom, she went to check on her and found that Betty had left out the window. ''(\"[[Fight For Your Mind]]\")''\n\n===Return===\nBetty came back to Owen's house. She said she'd been clean for six days and missed Leo. Amelia took her to work and kept Betty in her sight all day. Betty later confessed that she'd been too high to miss Leo and came back because she got cold, which Amelia already knew. She then took Betty to a meeting. ''(\"[[Cold as Ice]]\")''\n\n===Alex and Jo's Wedding===\nThe day of Alex and Jo's wedding was the day Betty got her 30-day chip from AA. Neither of her parents came to the ceremony despite Amelia inviting them. Betty then went to the wedding with Owen and Amelia. After the wedding planner ended up having an allergic reaction to shrimp and was sent to the hospital, the wedding party and guests then boarded a ferry, where Alex and Jo were married by Meredith. ''(\"[[All of Me]]\")''\n\n===Living with Amelia===\nAfter the wedding, she continued to live with Owen, Amelia, and Leo and the four of them settled into a rhythm. ''(\"[[With a Wonder and a Wild Desire]]\")''\n\n===Fighting with Amelia===\nAmelia became upset and fought with Betty when she believed Betty was doing drugs and lying about it. She took Betty to work with her for a drug test, but still wasn't sure what she should do. Amelia then talked to Owen's mother about how to be a good parent to Betty. She went back to Betty, who admitted to having smoked weed. Amelia reminded her that drug addicts can't do that, because if you smoke weed, you might forget not to do heroin. ''(\"[[Momma Knows Best]]\")''\n\n===Skipping School===\nAfter Amelia read a text from Betty's phone about her skipping class, Amelia convinced Owen to wait with her outside Betty's school to see if she would leave during the day. When they saw Betty leaving with two friends, Owen got their attention and waved, which encouraged them to go back to school. ''(\"[[Everyday Angel]]\")''\n\n===Disappearance===\nSoon after, Amelia dropped Betty off at school one morning and then the school called and told her Betty hadn't come to school that day. Amelia came back to Owen's to check if Betty was there, but she wasn't, so she, Owen, and Teddy spread out to look for her, but at the end of the day, she was still missing. ''(\"[[Flowers Grow Out of My Grave]]\")''\n\n===Return===\nDuring the wind storm, Betty came into the ER with a cut on her head. She openly admitted to Amelia that she was high and said she really did want to get better. Amelia was angry with her, but came to the ER, hugged her, and told her to come back always. She also decided to become Betty's foster mom officially. ''(\"[[Blowin' in the Wind]]\")''\n\nWhen Richard found Betty wandering the hospital, he said that he fights cravings by helping people and invited her to help him treat patients. When she started talking about staying clean and getting her life back on track, he advised her not to think she was cured just because she was making good progress. Later, he found her searching cabinets for drugs. He told her they were kept in a locked cabinet. Amelia later talked to Betty and said she needed to be ready to accept Amelia's help and help herself and to get her to that point, Amelia found her a bed at a rehab facility. Betty agreed to have Amelia drive her there. ''(\"[[Shelter from the Storm]]\")''\n\n===Real Name===\nWhen Owen and Amelia went to visit Betty in rehab, Betty said that one of the steps in rehab is to apologize and tell the truth. Betty said that she had been lying to Owen and Amelia all along and that her real name is Britney. Betty said she ran away when she got pregnant with Leo because she was afraid her parents would take Leo from her. ''(\"[[Girlfriend in a Coma]]\")''\n\n===Running Away from Rehab===\nAfter telling Amelia the truth, Betty ran away from rehab after calling her parents to tell them where she was. ''(\"[[I Walk the Line]]\")''\n\n===Overdose===\nBetty and her boyfriend, [[Linus]], took meth and then went to the park, where they got opioids. They both overdosed and were taken to the hospital, where they were directed to the clinic because they both seemed stable. Once she realized where she was, Betty asked Linus to get their clothes so they could leave, but then she suddenly started having chest pains. She was moved to the hospital, where they found an aortic dissection. She was rushed into surgery. After a difficult operation, Betty's parents were told she'd be okay. She was stable and awake afterward, but unaware that Linus had died while she was in surgery. ''(\"[[I Want a New Drug]]\")''\n\n===Departure===\nTwo weeks after her heart surgery, Betty prepared to leave town to go home with her parents and Leo. She refused to say goodbye to Amelia before they left. Later, they returned to give Leo back to Owen, saying Betty wanted to be a kid and be able to make mistakes and live her life, which she couldn't do if she had to be Leo's mom. ''(\"[[We Didn't Start the Fire]]\")''\n\n==Relationships==\n===Romantic===\nShe became romantically involved with [[Linus]] while they were in rehab together. She confided in him that she worried that when people learned her drug dealer had gotten her pregnant at fifteen that no one would love her and he promised to love her forever. ''(\"[[I Want a New Drug]]\")''\n\n===Familial===\nShe has a son named Leo who was in foster care and later adopted by [[Owen Hunt]].\n\n===Friendships===\nShe has friends named Rachel and Eileen, whom Amelia says seem like nice girls. ''(\"[[Everyday Angel]]\")''\n\n==Notes and Trivia==\n*She played high school soccer until she tore her ACL.<ref>[[Bad Reputation]], 14x21</ref>\n*She attends Landes High School.<ref>[[Flowers Grow Out of My Grave]], 15x06</ref>\n*As a child, she loved soccer, school, fuzzy socks, and cinnamon toast.<ref>[[I Walk the Line]], 15x13</ref>\n*She's afraid of blood, being home alone in the dark, falling into a frozen lake, and that she'd always have to tell people her dealer got her pregnant at fifteen.<ref>[[I Want a New Drug]], 15x14</ref>\n*She is allergic to shrimp.\n\n==Gallery==\n===Episodic===\n<gallery type=\"slideshow\" position=\"center\" crop=\"true\" hideaddbutton=\"true\">\n14x21BettyNelson.png|[[Bad Reputation]]\n14x22BettyNelson.png|[[Fight For Your Mind]]\n14x23BettyNelson.png|[[Cold as Ice]]\n14x24BettyNelson.png|[[All of Me]]\n15x01BettyNelson.png|[[With a Wonder and a Wild Desire]]\n15x04BettyNelson.png|[[Momma Knows Best]]\n15x05BettyNelson.png|[[Everyday Angel]]\n15x08BettyNelson.png|[[Blowin' in the Wind]]\n15x09BettyNelson.png|[[Shelter from the Storm]]\n15x12Britney.png|[[Girlfriend in a Coma]]\n15x14BettyNelson.png|[[I Want a New Drug]]\n15x15BettyNelson.png|[[We Didn't Start the Fire]]\n</gallery>\n\n===Episode Stills===\n<gallery orientation=\"landscape\" position=\"center\" spacing=\"small\" bordersize=\"none\" hideaddbutton=\"true\">\n14x24-68.jpg\n14x24-69.jpg\n14x24-70.jpg\n14x24-71.jpg\n14x24-74.jpg\n15x09-7.jpg\n15x09-24.jpg\n15x09-25.jpg\n15x09-26.jpg\n15x09-27.jpg\n15x09-28.jpg\n15x14-7.jpg\n15x14-8.jpg\n</gallery>\n\n==Appearances==\n{{Betty Nelson Appearances}}\n{{Scrollbox}}\n\n[[de:Betty Nelson]]\n\n{{DEFAULTSORT:Nelson, Betty}}\n[[Category:Characters]]\n[[Category:GA Characters]]\n[[Category:GA S14 Characters]]\n[[Category:GA S15 Characters]]\n[[Category:Patients]]\n[[Category:Patients (Cardio)]]\n[[Category:Patients (ER)]]\n[[Category:Patients (Trauma)]]"}]}}}}