{"batchcomplete": "", "warnings": {"main": {"*": "Subscribe to the mediawiki-api-announce mailing list at <https://lists.wikimedia.org/postorius/lists/mediawiki-api-announce.lists.wikimedia.org/> for notice of API deprecations and breaking changes."}, "revisions": {"*": "Because \"rvslots\" was not specified, a legacy format has been used for the output. This format is deprecated, and in the future the new format will always be used."}}, "query": {"pages": {"2465": {"pageid": 2465, "ns": 0, "title": "Betty Kenner", "revisions": [{"contentformat": "text/x-wiki", "contentmodel": "wikitext", "*": "{{Patient Infobox\n|image = 5x01-44.jpg\n|name = Betty Kenner\n|status = Alive\n|diagnosis = Subdural hematoma\n|doctors = *[[Derek Shepherd]]\n*[[Izzie Stevens]]\n|treatment = Surgery\n|marital = [[Vincent Kenner]] \u2020 ''(husband)''\n|first appearance = [[Dream a Little Dream of Me, Part 1]]\n|last appearance = [[Dream a Little Dream of Me, Part 2]]\n|count = 2\n|seasons = '''[[Grey's Anatomy|GA]]:''' [[Season 5 (Grey's Anatomy)|5]]\n|portrayed by = [[Mariette Hartley]]\n}}\n'''Betty Kenner''' was a patient at [[Seattle Grace Hospital]]. After a crash, a head injury caused her memory to reset every 30 seconds.\n\n==History==\nWhile on the way to the Fire and Ice Ball, Betty, [[Sarabeth Breyers|Sarabeth]], and [[Anna Loomis|Anna]] were in a car accident. Sarabeth drove them to the hospital in the wrecked limo after the extracted their driver from the window.\n\nBetty was confused when they arrived at the hospital. She kept asking what had happened, even after being told several times. Betty was taken for a CT which showed a subdural hematoma. They scheduled surgery to relieve the pressure. ''(\"[[Dream a Little Dream of Me, Part 1]]\")''\n\nDerek relieved the pressure and hoped that would restore her memory. After she woke up, her memory was still resetting every 30 seconds. ''(\"[[Dream a Little Dream of Me, Part 2]]\")''\n\n==Relationships==\n===Romantic===\nThe girls described themselves as the happiest married people alive except when their husbands smoked. Unfortunately, after the crash, her husband [[Vincent Kenner]] died.\n\n===Friendships===\nHer best friends in life were [[Sarabeth Breyers]] and [[Anna Loomis]].\n\n==Gallery==\n===Episodic===\n<gallery type=\"slideshow\" position=\"center\" crop=\"true\" hideaddbutton=\"true\">\n501BettyKenner.png|[[Dream a Little Dream of Me, Part 1]]\n502BettyKenner.png|[[Dream a Little Dream of Me, Part 2]]\n</gallery>\n\n===Episode Stills===\n<gallery orientation=\"landscape\" position=\"center\" spacing=\"small\" bordersize=\"none\" hideaddbutton=\"true\">\n5x01-10.jpg\n5x01-15.jpg\n5x01-16.jpg\n5x01-18.jpg\n5x01-20.jpg\n5x01-36.jpg\n5x01-39.jpg\n5x01-44.jpg\n</gallery>\n\n==Appearances==\n{{Betty Kenner Appearances}}\n\n[[de:Betty Kenner]]\n\n{{DEFAULTSORT:Kenner, Betty}}\n[[Category:Characters]]\n[[Category:GA Characters]]\n[[Category:GA S5 Characters]]\n[[Category:Patients]]\n[[Category:Patients (ER)]]\n[[Category:Patients (Neuro)]]\n[[Category:Patients (Psych)]]\n[[Category:Patients (Trauma)]]"}]}}}}