{"batchcomplete": "", "warnings": {"main": {"*": "Subscribe to the mediawiki-api-announce mailing list at <https://lists.wikimedia.org/postorius/lists/mediawiki-api-announce.lists.wikimedia.org/> for notice of API deprecations and breaking changes."}, "revisions": {"*": "Because \"rvslots\" was not specified, a legacy format has been used for the output. This format is deprecated, and in the future the new format will always be used."}}, "query": {"pages": {"50932": {"pageid": 50932, "ns": 0, "title": "Bill", "revisions": [{"contentformat": "text/x-wiki", "contentmodel": "wikitext", "*": "{{Patient Infobox\n|image = PP4x03Bill.png\n|name = Bill\n|status = Alive\n|job = Teacher\n|only appearance = [[Playing God]]\n|seasons = '''[[Private Practice|PP]]:''' [[Season 4 (Private Practice)|4]]\n|portrayed by = [[William Christopher Stephens]]\n}}\n'''Bill''' is a co-worker and friend of [[Bob Yates]].\n\n==History==\nBill came in with [[Bob Yates]] when he collapsed during a school play. He and the kids waited in the waiting room and were upset to learn that Bob had died, not knowing that he was a child molester.\n\n==Career==\nHe is a teacher.\n[[Category:Characters]]\n[[Category:PP Characters]]\n[[Category:PP S4 Characters]]"}]}}}}