{"batchcomplete": "", "warnings": {"main": {"*": "Subscribe to the mediawiki-api-announce mailing list at <https://lists.wikimedia.org/postorius/lists/mediawiki-api-announce.lists.wikimedia.org/> for notice of API deprecations and breaking changes."}, "revisions": {"*": "Because \"rvslots\" was not specified, a legacy format has been used for the output. This format is deprecated, and in the future the new format will always be used."}}, "query": {"pages": {"49532": {"pageid": 49532, "ns": 0, "title": "Bill Henderson", "revisions": [{"contentformat": "text/x-wiki", "contentmodel": "wikitext", "*": "{{Patient Infobox\n|image = PP101BillHenderson.png\n|name = Bill Henderson\n|status = Alive\n|marital = Wife \u2020\n|children = [[Lucy Henderson]]\n|grandchildren = Granddaughter\n|only appearance = [[In Which We Meet Addison, a Nice Girl From Somewhere Else]]\n|seasons = '''[[Private Practice|PP]]:''' [[Season 1 (Private Practice)|1]]\n|portrayed by = [[Bruce Nozick]]\n}}\n\n'''Bill Henderson''' is the father of [[Lucy Henderson]].\n\n==History==\nBill came to the practice with his daughter, Lucy, was in labor. He hadn't even known she was pregnant. He was extremely disinterested in helping her during her labor until she went into congestive heart failure while pushing, at which point he told the doctors his wife had died giving birth to Lucy. He stayed by her side as Addison performed a c-section and then went to the hospital with his daughter and new granddaughter.\n\n==Relationships==\n===Romantic===\nHe was married until his wife died giving birth to their daughter.\n\n===Familial===\nHis daughter, Lucy, hid her pregnancy from him until she was in labor. He was upset at her, but forgave her when he thought he might lose her the way he lost his wife. After the baby was born, he held her while they left the practice to go to the hospital.\n\n==Gallery==\n===Episode Stills===\n<gallery orientation=\"landscape\" position=\"center\" spacing=\"small\" bordersize=\"none\" hideaddbutton=\"true\">\nPP1x01-6.jpg\n</gallery>\n\n{{DEFAULTSORT:Henderson, Bill}}\n[[Category:Characters]]\n[[Category:PP Characters]]\n[[Category:PP S1 Characters]]"}]}}}}