{"batchcomplete": "", "warnings": {"main": {"*": "Subscribe to the mediawiki-api-announce mailing list at <https://lists.wikimedia.org/postorius/lists/mediawiki-api-announce.lists.wikimedia.org/> for notice of API deprecations and breaking changes."}, "revisions": {"*": "Because \"rvslots\" was not specified, a legacy format has been used for the output. This format is deprecated, and in the future the new format will always be used."}}, "query": {"pages": {"18050": {"pageid": 18050, "ns": 0, "title": "Billy Douglas", "revisions": [{"contentformat": "text/x-wiki", "contentmodel": "wikitext", "*": "{{Character Family Infobox\n|image = PP4x19-21.jpg\n|name = Billy Douglas\n|status = Alive\n|marital = [[Charlotte King]] ''(ex-wife)''\n|job = Mechanic\n|first appearance = [[What We Have Here...]]\n|last appearance = [[If I Hadn't Forgotten...]]\n|count = 2\n|seasons = '''[[Private Practice|PP]]:''' [[Season 4 (Private Practice)|4]] and [[Season 5 (Private Practice)|5]]\n|portrayed by = [[Myk Watford]]\n}}\n\n'''Billy Douglas''' is Charlotte King's ex-husband.\n\n==History==\n===Cheating on Charlotte===\nBilly slept with [[Tiffany]] in order to check if his lack of interest in Charlotte was because of Charlotte or because he was gay. She walked in on them having sex and injured her head leaving, which led to her narcotic addiction. ''(\"[[If I Hadn't Forgotten...]]\")''\n\n===Visit From Cooper===\nWanting to know why Charlotte was still holding onto a picture of Billy, Cooper went to see him because he wanted to know why Billy had cheated on her. He then brought Billy back to the practice to talk to Charlotte. He confessed to Charlotte that he figured out he was gay, which caused her to tell him to leave and never come back.\n\nCharlotte later went to see him at work and asked why he didn't tell her he was gay. He said he thought she was the problem and wanted to see if he felt the same way about other women. He said she was amazing and it was nothing she did. ''(\"[[What We Have Here...]]\")''\n\n==Relationships==\n===Romantic===\n====[[Charlotte King]]====\nNot much is known about him except that Charlotte and Billy had a fairy tale romance. ''(\"[[The Hard Part]]\")'' He then cheated on her and they got a divorce. Charlotte said that she doesn't know what would have happened if she had stayed and if her personality would be different. He later told her he cheated on her because he was trying to see if he was gay or not. He realized he was. He cheated on her to figure out if it was just Charlotte or all women he was not attracted to. ''(\"[[What We Have Here...]]\")''\n\n==Career==\nHe works as a mechanic. ''(\"[[What We Have Here...]]\")''\n\n==Gallery==\n===Episodic===\n<gallery type=\"slideshow\" position=\"center\" crop=\"true\" hideaddbutton=\"true\">\nPP4x19BillyDouglas.png|[[What We Have Here...]]\nPP5x06BillyDouglas.png|[[If I Hadn't Forgotten...]]\n</gallery>\n\n===Episode Stills===\n<gallery orientation=\"landscape\" position=\"center\" spacing=\"small\" bordersize=\"none\" hideaddbutton=\"true\">\nPP4x19-20.jpg\nPP4x19-21.jpg\n</gallery>\n\n==Appearances==\n{{Billy Douglas Appearances}}\n\n{{DEFAULTSORT:Douglas, Billy}}\n[[Category:Characters]]\n[[Category:PP Characters]]\n[[Category:PP S4 Characters]]\n[[Category:PP S5 Characters]]"}]}}}}