{"batchcomplete": "", "warnings": {"main": {"*": "Subscribe to the mediawiki-api-announce mailing list at <https://lists.wikimedia.org/postorius/lists/mediawiki-api-announce.lists.wikimedia.org/> for notice of API deprecations and breaking changes."}, "revisions": {"*": "Because \"rvslots\" was not specified, a legacy format has been used for the output. This format is deprecated, and in the future the new format will always be used."}}, "query": {"pages": {"49051": {"pageid": 49051, "ns": 0, "title": "Billy Linneman", "revisions": [{"contentformat": "text/x-wiki", "contentmodel": "wikitext", "*": "{{Patient Infobox\n|image = 6x18BillyLinneman.png\n|name = Billy Linneman\n|status = Deceased\n|diagnosis = Gunshot wounds\n|doctors = [[Owen Hunt]]\n|treatment = Bandages\n|workplace = US Army\n|only appearance = [[Suicide is Painless]]\n|seasons = '''[[Grey's Anatomy|GA]]:''' [[Season 6 (Grey's Anatomy)|6]]\n|portrayed by = [[Kinsey McLean]]\n}}\n\n'''Billy Linneman''' was shot during an insurgent attack in Iraq.\n\n==History==\nBilly was shot in an insurgent attack in Iraq. He was bandaged up in the tent and then was put on the APC to be moved to the green zone. However, on the way, they hit an IED and he died in the explosion.\n\n==Career==\nHe was in the US Army.\n\n{{DEFAULTSORT:Linneman, Billy}}\n[[Category:Characters]]\n[[Category:GA Characters]]\n[[Category:GA S6 Characters]]\n[[Category:Deceased Characters]]\n[[Category:Patients]]\n[[Category:Patients (Trauma)]]"}]}}}}