{"batchcomplete": "", "warnings": {"main": {"*": "Subscribe to the mediawiki-api-announce mailing list at <https://lists.wikimedia.org/postorius/lists/mediawiki-api-announce.lists.wikimedia.org/> for notice of API deprecations and breaking changes."}, "revisions": {"*": "Because \"rvslots\" was not specified, a legacy format has been used for the output. This format is deprecated, and in the future the new format will always be used."}}, "query": {"pages": {"40477": {"pageid": 40477, "ns": 0, "title": "Bill Portman", "revisions": [{"contentformat": "text/x-wiki", "contentmodel": "wikitext", "*": "{{Patient Infobox\n|image = 6x23BillPortman.png\n|name = Bill Portman\n|status = Alive\n|marital = [[Mary Portman]] \u2020 ''(wife)''\n|first appearance = [[Sanctuary]]\n|last appearance = [[These Arms of Mine]]\n|count = 3\n|seasons = '''[[Grey's Anatomy|GA]]:''' [[Season 6 (Grey's Anatomy)|6]] and [[Season 7 (Grey's Anatomy)|7]]\n|portrayed by = [[Ryan Devlin]]\n}}\n'''Bill Portman''' is the husband of [[Mary Portman]].\n\n==History==\n===Hospital Shooting===\nBill was at the hospital with his wife, Mary, who was supposed to be having surgery. When her surgery was delayed so she could get a blood transfusion, she asked Bill to go get her a pizza. While he was out getting a pizza, [[Gary Clark]] started shooting people in the hospital, so when he returned to the hospital, he was not allowed to enter as they were on lockdown.\u00a0''(\"[[Sanctuary]]\")''\n\nAfter Gary Clark killed himself, they hospital lockdown was lifted and Mary was able to leave, where she and Bill were reunited. ''(\"[[Death and All His Friends]]\")''\n\n===Traveling===\nAfter the surgery, Mary and Bill decided to travel. They went to Paris, Morocco, Alaska, and a cruise through the Baltic. ''(\"[[These Arms of Mine]]\")''\n\n===Mary's Surgery and Death===\nThey later returned to the hospital so that Mary could have her surgery. Mary's surgery went perfectly, but she didn't wake up afterward. There were no obvious reasons why she was in a coma. After she became septic, Bill was given the option to turn off the machines. After three days, he took her off life support and she died. ''(\"[[These Arms of Mine]]\")''\n\nAn autopsy also showed no reason for Mary's coma. ''(\"[[That's Me Trying]]\")''\n\n==Relationships==\n===Romantic===\nHe was married to [[Mary Portman]] until her death.\n\n==Gallery==\n===Episodic===\n<gallery type=\"slideshow\" position=\"center\" hideaddbutton=\"true\" crop=\"true\">\n6x23BillPortman.png|[[Sanctuary]]\n6x24BillPortman.png|[[Death and All His Friends]]\n706BillPortman.png|[[These Arms of Mine]]\n</gallery>\n\n===Episode Stills===\n<gallery orientation=\"landscape\" position=\"center\" spacing=\"small\" bordersize=\"none\" hideaddbutton=\"true\">\n6x23-2.jpg\n6x23-18.jpg\n7x06-9.jpg\n7x06-10.jpg\n</gallery>\n\n==Appearances==\n{{Bill Portman Appearances}}\n\n[[de:Bill Portman]]\n{{DEFAULTSORT:Portman, Bill}}\n[[Category:Characters]]\n[[Category:GA Characters]]\n[[Category:GA S6 Characters]]\n[[Category:GA S7 Characters]]"}]}}}}