{"batchcomplete": "", "warnings": {"main": {"*": "Subscribe to the mediawiki-api-announce mailing list at <https://lists.wikimedia.org/postorius/lists/mediawiki-api-announce.lists.wikimedia.org/> for notice of API deprecations and breaking changes."}, "revisions": {"*": "Because \"rvslots\" was not specified, a legacy format has been used for the output. This format is deprecated, and in the future the new format will always be used."}}, "query": {"pages": {"3402": {"pageid": 3402, "ns": 0, "title": "Bill Adams", "revisions": [{"contentformat": "text/x-wiki", "contentmodel": "wikitext", "*": "{{Patient Infobox\n|image = 109BillAdams.png\n|name = Bill Adams\n|status = Alive\n|diagnosis = *Gonadal hermaphroditism\n*Blind vas deferens\n|doctors = *[[Preston Burke]]\n*[[Dr. Knox (OB/GYN)|Dr. Knox]]\n*[[Alex Karev]]\n*[[George O'Malley]]\n|treatment = Oophorectomy\n|marital = [[Holly Adams]] ''(wife)''\n|only appearance = [[Who's Zoomin' Who?]]\n|seasons = '''[[Grey's Anatomy|GA]]:''' [[Season 1 (Grey's Anatomy)|1]]\n|portrayed by = [[Wayne Wilderson]]\n}}\n\n'''Bill Adams''' was a patient at [[Seattle Grace Hospital]] and friend of [[Preston Burke]].\n\n==History==\n===Abdominal Pain===\nBill came to Seattle Grace Hospital abdominal pain and blood in his urine. After an endoscopy, Burke ordered a biopsy and discovered that Bill had an ovary. Bill went into surgery to have it removed, but another doctor noted that the Holly's baby couldn't possibly be his because he had blind vas deferens. Burke confronted Holly and she said if Burke was a good friend then he wouldn't tell Bill that she had cheated on him but Burke told him he was sterile anyway, owing it to him as a doctor.\n\n===Burke and Cristina's Wedding===\nBill was supposed to be Burke's best man, but he couldn't make it to the wedding. ''(\"[[Testing 1-2-3]]\")''\n\n==Relationships==\n===Romantic===\n====[[Holly Adams]]====\nBill married a woman named Holly Adams. Sometime during the marriage, she got pregnant but when Bill was admitted to [[Seattle Grace Hospital]], the surgeons discovered that the baby wasn't his.\n\nBurke confronted Holly about the affair but she told him it was none of his business and although Bill didn't know, they were happy and as a friend, Burke shouldn't tell him. Burke tells him as his doctor, leaving the fate of their marriage in question.\n\n===Friendships===\n====[[Preston Burke]]====\nHe and Burke went to the same college and were in the same frat. Although Burke and Bill's relationship with [[Holly Adams|Holly]] was left in doubt, [[Preston Burke|Burke]] and Bill remained friends. Bill was chosen as Burke's best man for the wedding, but he couldn't come, so Burke chose [[Derek Shepherd]].\n\n==Notes and Trivia==\n*He went to [[Tulane University]], like Burke.\n\n{{DEFAULTSORT:Adams, Bill}}\n[[Category:Characters]]\n[[Category:GA Characters]]\n[[Category:GA S1 Characters]]\n[[Category:Patients]]\n[[Category:Patients (OB/GYN)]]\n[[Category:Patients (Cardio)]]"}]}}}}