{"batchcomplete": "", "warnings": {"main": {"*": "Subscribe to the mediawiki-api-announce mailing list at <https://lists.wikimedia.org/postorius/lists/mediawiki-api-announce.lists.wikimedia.org/> for notice of API deprecations and breaking changes."}, "revisions": {"*": "Because \"rvslots\" was not specified, a legacy format has been used for the output. This format is deprecated, and in the future the new format will always be used."}}, "query": {"pages": {"59944": {"pageid": 59944, "ns": 0, "title": "Bill Pierce", "revisions": [{"contentformat": "text/x-wiki", "contentmodel": "wikitext", "*": "{{Character Family Infobox\n|image = BillPierce.jpeg\n|name = Bill Pierce\n|status = Alive\n|marital = [[Diane Pierce]] \u2020 ''(ex-wife)''\n|children = [[Maggie Pierce]]\n|parents = Parents\n|other family = [[Winston Ndugu]] ''(son-in-law)''\n|first appearance = [[Be Still, My Soul]]\n|last appearance = [[Someone Saved My Life Tonight]]\n|count = 3\n|seasons = '''[[Grey's Anatomy|GA]]:''' [[Season 13 (Grey's Anatomy)|13]] and [[Season 17 (Grey's Anatomy)|17]]\n|portrayed by = [[Richard Lawson]]\n}}\n\n'''Bill Pierce''' is the father of [[Maggie Pierce]].\n\n==History==\n===Diane's Death===\nBill came to Seattle to comfort Maggie after her mother died. Richard sent a helicopter for him and met him on the roof. Although Bill wanted to reimburse the hospital for the expense of the helicopter ride, Richard refused to accept, stating that bringing Bill to the hospital was family business. Richard then led Bill to Diane's room, where Maggie was hugging her mother's body while Amelia and Meredith sat with her. When she saw him, Maggie got up and hugged her father. ''(\"[[Be Still, My Soul]]\")''\n\n===Maggie's Wedding===\nBill returned to Seattle when Maggie called him to come for her wedding. She had realized that her wedding would never be perfect because her mother wouldn't be there, so she invited her father and Winston's grandmother to come to Seattle for a small wedding. ''(\"[[I'm Still Standing]]\")''\n\nOn the day of Maggie and Winston's backyard wedding, Bill and Antoinette objected. They said they'd been waiting for this for their kids' entire lives and wanted them to do it right. They said they should wait and get married when things started opening up again. Maggie and Winston easily agreed and postponed the wedding. In April 2021, a new wedding took place on the beach with a much larger guest list. ''(\"[[Someone Saved My Life Tonight]]\")''\n\n===Hip Surgery===\nMaggie went to visit her father when he had surgery on his hip. ''(\"[[Some Kind of Tomorrow]]\")''\n\n==Relationships==\n===Romantic===\nHe was married to [[Diane Pierce]]. During their marriage, she had a long-term affair with the man who fixed their car. They eventually split up over it.\n\nFor their twentieth anniversary, he took dance lessons. ''(\"[[Harder, Better, Faster, Stronger]]\")''\n\n==Gallery==\n===Episodic===\n<gallery type=\"slideshow\" position=\"center\" hideaddbutton=\"true\" crop=\"true\">\n13x18BillPierce.png|[[Be Still, My Soul]]\n17x16BillPierce.png|[[I'm Still Standing]]\n17x17BillPierce.png|[[Someone Saved My Life Tonight]]\n</gallery>\n\n===Episode Stills===\n<gallery orientation=\"landscape\" position=\"center\" spacing=\"small\" bordersize=\"none\">\n17x17-26.jpg\n17x17-29.jpg\n17x17-38.jpg\n17x17-39.jpg\n</gallery>\n\n==Appearances==\n{{Bill Pierce Appearances}}\n\n[[de:Bill Pierce]]\n{{DEFAULTSORT:Pierce, Bill}}\n[[Category:Characters]]\n[[Category:GA Characters]]\n[[Category:GA S13 Characters]]\n[[Category:GA S17 Characters]]"}]}}}}