{"batchcomplete": "", "warnings": {"main": {"*": "Subscribe to the mediawiki-api-announce mailing list at <https://lists.wikimedia.org/postorius/lists/mediawiki-api-announce.lists.wikimedia.org/> for notice of API deprecations and breaking changes."}, "revisions": {"*": "Because \"rvslots\" was not specified, a legacy format has been used for the output. This format is deprecated, and in the future the new format will always be used."}}, "query": {"pages": {"48952": {"pageid": 48952, "ns": 0, "title": "Billy Sheehan", "revisions": [{"contentformat": "text/x-wiki", "contentmodel": "wikitext", "*": "{{Patient Infobox\n|image = 6x05BillySheeshan.png\n|name = Billy Sheehan\n|status = Alive\n|diagnosis = *Contusions\n*Ecchymosis\n*Burst fracture at T-12\n|doctors = *[[Derek Shepherd]]\n*[[April Kepner]]\n*[[Lexie Grey]]\n|treatment = Transpedicle screws posterior approach\n|only appearance = [[Invasion]]\n|seasons = '''[[Grey's Anatomy|GA]]:''' [[Season 6 (Grey's Anatomy)|6]]\n|portrayed by = [[J.P. Pitoc]]\n}}\n\n'''Billy Sheehan''' is a patient who was injured when he broke into someone's house.\n\n==History==\nBilly broke into someone's house. The owner of the house beat him with a golf club, seriously injuring him. He was arrested and brought to the hospital. He had bruising all over his back. They did x-rays, which showed a burst fracture. They planned to put in transpedicle screws to stabilize his back and prevent paralysis. He needed surgery, but was warned that he'd possibly have weakness in his legs.\n\nAfter his surgery, he was told he'd have about 70% function.\n\n==Notes and Trivia==\n*He stole [[April Kepner|April's]] red notebook for [[Lexie Grey|Lexie]].\n\n{{DEFAULTSORT:Sheehan, Billy}}\n[[Category:Characters]]\n[[Category:GA Characters]]\n[[Category:GA S6 Characters]]\n[[Category:Patients]]\n[[Category:Patients (ER)]]\n[[Category:Patients (Trauma)]]\n[[Category:Patients (Neuro)]]\n[[Category:Patients (Ortho)]]"}]}}}}