{"batchcomplete": "", "warnings": {"main": {"*": "Subscribe to the mediawiki-api-announce mailing list at <https://lists.wikimedia.org/postorius/lists/mediawiki-api-announce.lists.wikimedia.org/> for notice of API deprecations and breaking changes."}, "revisions": {"*": "Because \"rvslots\" was not specified, a legacy format has been used for the output. This format is deprecated, and in the future the new format will always be used."}}, "query": {"pages": {"42131": {"pageid": 42131, "ns": 0, "title": "Blair Vinson", "revisions": [{"contentformat": "text/x-wiki", "contentmodel": "wikitext", "*": "{{Patient Infobox\n|image = 11x16BlairVinson.png\n|name = Blair Vinson\n|status = Deceased\n|diagnosis = *Pregnancy\n*Scalp laceration\n*Seizure\n*Extradural hematoma\n|doctors = *[[Arizona Robbins]]\n*[[Miranda Bailey]]\n*[[Amelia Shepherd]]\n*[[Jo Wilson]]\n|treatment = *Rapid sequence intubation\n*C-section delivery\n|marital = [[Tom Vinson]] ''(husband)''\n|children = Son\n|parents = Mother\n|only appearance = [[Don't Dream It's Over]]\n|seasons = '''[[Grey's Anatomy|GA]]:''' [[Season 11 (Grey's Anatomy)|11]]\n|portrayed by = [[Mekia Cox]]\n}}\n'''Blair Vinson''' came into the ER after [[Martin Davis]] drove his car into her house.\n\n==History==\nBlair and her husband Tom were at their house while Tom's punk rock band was practicing. The music was loud enough that they didn't hear the car approaching. After the crash, they were taking to the emergency room. Blair was conscious and talking while Tom was not. Blair got up out of her hospital bed in order to go call her mom, but she was ushered back when [[Arizona Robbins]] found her.\n\nThey put her on a fetal monitor and ordered more tests. She was told that her baby was fine and she was mostly concerned about her husband. She had a deep scalp laceration, which [[Amelia Shepherd]] came to evaluate. While that was happening, she spoke cordially to the doctors until she suddenly started seizing. Despite treatment with anti-convulsants, she continued to seize until they sedated her. The seizing stopped, but then she coded. Despite their best efforts, they were not able to resuscitate her and she was pronounced dead.\n\nHowever, after this, they continued CPR to keep her blood circulating while Arizona performed a c-section to deliver the still-viable fetus. Blair's baby, after some initial trouble initiating breathing, was stable.\n\n==Relationships==\n===Romantic===\nShe was married to [[Tom Vinson]] until her death. They'd been together for eight years.\n\n===Familial===\nHer mother didn't approve of Tom being in a punk rock band. She believed exposure to the music was bad for the baby.\n\nShortly after she died, her healthy son was delivered.\n\n==Notes and Trivia==\n*She was pronounced dead at 11:16 PM.\n\n{{DEFAULTSORT:Vinson, Blair}}\n[[Category:Characters]]\n[[Category:GA Characters]]\n[[Category:GA S11 Characters]]\n[[Category:Deceased Characters]]\n[[Category:Patients]]\n[[Category:Patients (ER)]]\n[[Category:Patients (Trauma)]]\n[[Category:Patients (OB/GYN)]]\n[[Category:Patients (MFM)]]\n[[Category:Patients (Neuro)]]"}]}}}}