{"batchcomplete": "", "warnings": {"main": {"*": "Subscribe to the mediawiki-api-announce mailing list at <https://lists.wikimedia.org/postorius/lists/mediawiki-api-announce.lists.wikimedia.org/> for notice of API deprecations and breaking changes."}, "revisions": {"*": "Because \"rvslots\" was not specified, a legacy format has been used for the output. This format is deprecated, and in the future the new format will always be used."}}, "query": {"pages": {"67137": {"pageid": 67137, "ns": 0, "title": "Blake", "revisions": [{"contentformat": "text/x-wiki", "contentmodel": "wikitext", "*": "{{Rescuee Infobox\n|image = S191x03Blake.png\n|name = Blake\n|status = Alive\n|siblings = [[Dallas]]\n|parents = *Mother\n*Father\n|only appearance = [[Contain the Flame]]\n|seasons = '''[[Station 19|S19]]:''' [[Season 1 (Station 19)|1]]\n|portrayed by = [[Reed Shannon]]\n}}\n\n'''Blake''' is a kid who threw a party with his sister while their parents were out of town.\n\n==History==\nBlake and his sister, Dallas, decided to use liquid nitrogen to freeze ice cream at a party they threw while their parents were gone. At the party, Dallas decided to pour the liquid nitrogen into the pool, believing it would look cool. It did, but the kids started asphyxiating due to lack of oxygen. Dallas pulled them out of the pool and then called for help. Once the firefighters arrived, they were able to resuscitated the kids and Jack discovered that a sixth teen was still in the pool, a kid Dallas believed had gone home. After all the kids were breathing again, Dallas went through her phone to get contact information for her friends' parents, but then had trouble breathing. They determined that she was dry drowning and rushed her to the hospital so she could be treated.\n\n==Notes and Trivia==\n*He's in the Science Club.\n\n[[es:Blake]]\n[[Category:Characters]]\n[[Category:S19 Characters]]\n[[Category:S19 S1 Characters]]\n[[Category:S19 Rescuees]]"}]}}}}