{"batchcomplete": "", "warnings": {"main": {"*": "Subscribe to the mediawiki-api-announce mailing list at <https://lists.wikimedia.org/postorius/lists/mediawiki-api-announce.lists.wikimedia.org/> for notice of API deprecations and breaking changes."}, "revisions": {"*": "Because \"rvslots\" was not specified, a legacy format has been used for the output. This format is deprecated, and in the future the new format will always be used."}}, "query": {"pages": {"72479": {"pageid": 72479, "ns": 0, "title": "Blanca Rodriguez", "revisions": [{"contentformat": "text/x-wiki", "contentmodel": "wikitext", "*": "{{Other Characters Infobox\n|image = 15x16BlancaRodriguez.png\n|name = Blanca Rodriguez\n|status = Alive\n|job = Lawyer\n|only appearance = [[Blood and Water]]\n|seasons = '''[[Grey's Anatomy|GA]]:''' [[Season 15 (Grey's Anatomy)|15]]\n|portrayed by = [[Susan Santiago]]\n}}\n\n'''Blanca Rodriguez''' is the lawyer who handled the custody paperwork for [[Leo Hunt]].\n\n==History==\nWhen Owen and Amelia went to sign the custody paperwork for [[Leo Hunt|Leo]], Blanca said everything looked straight-forward and quick. However, on the first question, things were tripped up. She asked for Leo's address and learned that Amelia and Owen weren't living together anymore. She then told them they'd have to make up a schedule for shared custody and offered them the room to do so. They discussed their options and worked out an arrangement, then called Blanca back. However, when they went to sign the papers, Amelia said she thought it was best that she not be on the papers, that she just be cool Auntie Amelia, leaving Owen to sign the papers alone.\n\n==Career==\nShe is a lawyer.\n\n{{DEFAULTSORT:Rodriguez, Blanca}}\n[[Category:Characters]]\n[[Category:GA Characters]]\n[[Category:GA S15 Characters]]"}]}}}}