{"batchcomplete": "", "warnings": {"main": {"*": "Subscribe to the mediawiki-api-announce mailing list at <https://lists.wikimedia.org/postorius/lists/mediawiki-api-announce.lists.wikimedia.org/> for notice of API deprecations and breaking changes."}, "revisions": {"*": "Because \"rvslots\" was not specified, a legacy format has been used for the output. This format is deprecated, and in the future the new format will always be used."}}, "query": {"pages": {"68542": {"pageid": 68542, "ns": 0, "title": "Bob", "revisions": [{"contentformat": "text/x-wiki", "contentmodel": "wikitext", "*": "{{Other Characters Infobox\n|image = 14x21Bob.png\n|name = Bob\n|status = Alive\n|workplace = Angels of Humanity\n|only appearance = [[Bad Reputation]]\n|seasons = '''[[Grey's Anatomy|GA]]:''' [[Season 14 (Grey's Anatomy)|14]]\n|portrayed by = [[Rub\u00e9n Carfias]]\n}}\n'''Bob''' is a representative of the charitable organization that brought [[Diego Ramirez]] to the US for surgery.\n\n==History==\nA boy named Diego had a large tumor on his face, so his parents tried to get him surgery in Venezuela, but no doctor there would touch it. Through Angels of Humanity, he was bought to Seattle for surgery to remove the tumor, where [[Donna (Bad Reputation)|Donna]] and Bob took care of him. When the scandal involving Harper Avery broke, Donna and Bob said Angels of Humanity pulled their funding because they didn't want to be associated with the name. However, the surgery went on after Meredith offered for them to do it pro bono.\n\n==Career==\nHe works for Angels of Humanity, an organization which brings kids to the United States for medical procedures.\n[[Category:Characters]]\n[[Category:GA Characters]]\n[[Category:GA S14 Characters]]"}]}}}}