{"batchcomplete": "", "warnings": {"main": {"*": "Subscribe to the mediawiki-api-announce mailing list at <https://lists.wikimedia.org/postorius/lists/mediawiki-api-announce.lists.wikimedia.org/> for notice of API deprecations and breaking changes."}, "revisions": {"*": "Because \"rvslots\" was not specified, a legacy format has been used for the output. This format is deprecated, and in the future the new format will always be used."}}, "query": {"pages": {"31992": {"pageid": 31992, "ns": 0, "title": "Bob Richardson", "revisions": [{"contentformat": "text/x-wiki", "contentmodel": "wikitext", "*": "{{Attending Infobox\n|image = 9x13BobRichardson.png\n|name = Bob Richardson\n|status = Alive\n|alias = *Big Brother\n*Hal\n|title = M.D.\n|job = Remote Physician\n|only appearance = [[Bad Blood]]\n|seasons = '''[[Grey's Anatomy|GA]]:''' [[Season 9 (Grey's Anatomy)|9]]\n|portrayed by = [[Cullen Douglas]]\n}}\n\n'''Bob Richardson''' was a remote doctor who consulted on cases using a camera to see into hospital rooms.\n\n==History==\nAs part of [[Alana Cahill|Alana Cahill's]] attempt to maximize the efficiency of the hospital, cameras were installed around the hospital. Behind the cameras were remote physicians who were there to consult on cases in order to reduce error.\n\nWhen Bob questioned a decision Cristina made for a patient's treatment, she went into a room and told him not to interfere with the treatment of her patients.\n\nHe later stopped [[Leah Murphy]] from transfusing blood into [[Rich Campion]], a Jehovah's Witness.\n\n==Career==\nBob Richardson works as a remote physician, using cameras to consult on cases and reduce error.\n\n{{DEFAULTSORT:Richardson, Bob}}\n[[Category:Characters]]\n[[Category:GA Characters]]\n[[Category:GA S9 Characters]]\n[[Category:Doctors]]"}]}}}}