{"batchcomplete": "", "warnings": {"main": {"*": "Subscribe to the mediawiki-api-announce mailing list at <https://lists.wikimedia.org/postorius/lists/mediawiki-api-announce.lists.wikimedia.org/> for notice of API deprecations and breaking changes."}, "revisions": {"*": "Because \"rvslots\" was not specified, a legacy format has been used for the output. This format is deprecated, and in the future the new format will always be used."}}, "query": {"pages": {"57054": {"pageid": 57054, "ns": 0, "title": "Bob Reeves", "revisions": [{"contentformat": "text/x-wiki", "contentmodel": "wikitext", "*": "{{Patient Infobox\n|image = 13x06BobReeves.png\n|name = Bob Reeves\n|status = Alive\n|diagnosis = *Head laceration\n*Internal injuries\n*Leg injury\n|doctors = *[[April Kepner]]\n*[[Jackson Avery]]\n*[[Ben Warren]]\n*[[Andrew DeLuca]]\n|treatment = *Exploratory laparotomy\n*Debridement\n|marital = [[Laura Reeves]] ''(wife)''\n|children = [[Robbie Reeves]] \u2020\n|only appearance = [[Roar]]\n|seasons = '''[[Grey's Anatomy|GA]]:''' [[Season 13 (Grey's Anatomy)|13]]\n|portrayed by = [[Cliff Chamberlain]]\n}}\n\n'''Bob Reeves''' is a man who was injured in an incident of road rage.\n\n==History==\nBob was taking his son, Robbie, to buy a new comic book when a car cut them off. Enraged, Bob started chasing the car, speeding dangerously. They hit a median in the road and they were both injured. They were taken to the hospital, where Bob was taken into surgery for adnominal bleeding and a leg injury. He was told Robbie was okay other than a cut on his scalp.\n\nAfter Bob's surgery, Robbie collapsed and had to be taken into surgery for a brain bleed. In the surgery, Robbie died. When Bob and his wife, Laura, learned that Robbie had died, Laura said it should have been Bob who died instead.\n\n==Relationships==\n===Romantic===\nHe is married to [[Laura Reeves]].\n\n===Familial===\nHis son, Robbie, was twelve. Robbie died after Bob's road rage caused them to crash in their car.\n\n==Notes and Trivia==\n*He was in his 40s at the time of his son's death.\n\n{{DEFAULTSORT:Reeves, Bob}}\n[[Category:Characters]]\n[[Category:GA Characters]]\n[[Category:GA S13 Characters]]\n[[Category:Patients]]\n[[Category:Patients (ER)]]\n[[Category:Patients (Plastics)]]\n[[Category:Patients (Trauma)]]"}]}}}}