{"batchcomplete": "", "warnings": {"main": {"*": "Subscribe to the mediawiki-api-announce mailing list at <https://lists.wikimedia.org/postorius/lists/mediawiki-api-announce.lists.wikimedia.org/> for notice of API deprecations and breaking changes."}, "revisions": {"*": "Because \"rvslots\" was not specified, a legacy format has been used for the output. This format is deprecated, and in the future the new format will always be used."}}, "query": {"pages": {"49107": {"pageid": 49107, "ns": 0, "title": "Bobby Corso", "revisions": [{"contentformat": "text/x-wiki", "contentmodel": "wikitext", "*": "{{Patient Infobox\n|image = 6x21BobbyCorso.png\n|name = Bobby Corso\n|status = Alive\n|alias = Fatty Fatty 2x4\n|diagnosis = *Deep tissue infection\n*Abscess\n*Bimalliolar ankle fracture\n*Diabetes\n*Diverticulitis\n*Perforated colon\n|doctors = *[[Richard Webber]]\n*[[Callie Torres]]\n*[[Owen Hunt]]\n*[[Mark Sloan]]\n*[[Miranda Bailey]]\n*[[Teddy Altman]]\n*[[Meredith Grey]]\n*[[Alex Karev]]\n*[[Cristina Yang]]\n*[[Charles Percy]]\n*[[Reed Adamson]]\n*[[April Kepner]]\n*[[Lexie Grey]]\n|treatment = *Debridement\n*Surgery\n*Recommended lifestyle changes\n|marital = [[Melissa Corso]] ''(wife)''\n|children = Expecting ''(with [[Melissa Corso|Melissa]])''\n|only appearance = [[How Insensitive]]\n|seasons = '''[[Grey's Anatomy|GA]]:''' [[Season 6 (Grey's Anatomy)|6]]\n|portrayed by = [[Jerry Kernion]]\n}}\n\n'''Bobby Corso''' is a morbidly obese patient who was brought into the ER with severe stomach pain.\n\n==History==\nBobby came into the ER with severe stomach pain. Because of his large size, they were worried they wouldn't be able to handle his case. He had to be brought in by several firefighters. In the ER, they did x-rays and other tests to try to determine the cause of his pain. They also lifted his abdomen and found a severe skin infection over the skin that had been obscured. When they went to take him to get tests, they found that the gurney wouldn't fit through a doorway. They were going to try moving him, but he stood up and tried to walk himself, even though he hadn't walked in a year. He took several steps, but his ankle gave out and he fell to the ground. His ankle was broken. They needed to run a CT, but he was too heavy, so they had to rely on labs.\n\nHis wife told him he'd been laid off five years prior. He'd tried to find work, but after two years, he hadn't found anything and eating made him feel better and that's when he started to gain the weight.\n\nHe had a deep tissue infection, so they needed to operate to remove the infection. It was a very risky surgery, so Derek told them to refer him to a bariatric center. However, Webber convinced him to see Bobby as a patient, not as a potential lawsuit. He agreed to let them operate. When Bobby was told he needed surgery, he tried to decline, knowing he would die, but thinking it might be better if he dies before his kid is born because growing up with him for a dad would be no life for a kid.\n\nAfter talking to Bobby's wife about him, Alex went to Bobby and convinced him to do the work, to let them operate and then change his lifestyle so he could be the father his kid deserves.\n\nThey took him into surgery, where they found a perforated colon. They were able to save him, but he was told he needed to make serious lifestyle changes or he would still not make it.\n\n==Relationships==\n===Romantic===\nHe is married to [[Melissa Corso]].\n\n===Familial===\nHe and his wife are expecting a baby together.\n\n==Career==\nHe'd been laid off from his job five years prior. After two years of job searching, he gave up trying to find another job.\n\n==Notes and Trivia==\n*He weighed 678 pounds.\n\n==Gallery==\n===Episode Stills===\n<gallery orientation=\"landscape\" position=\"center\" spacing=\"small\" bordersize=\"none\" hideaddbutton=\"true\">\n6x21-2.jpg\n6x21-15.jpg\n6x21-17.jpg\n6x21-20.jpg\n</gallery>\n\n{{DEFAULTSORT:Corso, Bobby}}\n[[Category:Characters]]\n[[Category:GA Characters]]\n[[Category:GA S6 Characters]]\n[[Category:Patients]]\n[[Category:Patients (ER)]]\n[[Category:Patients (General)]]\n[[Category:Patients (Ortho)]]\n[[Category:Patients (Cardio)]]\n[[Category:Patients (Plastics)]]"}]}}}}