{"batchcomplete": "", "warnings": {"main": {"*": "Subscribe to the mediawiki-api-announce mailing list at <https://lists.wikimedia.org/postorius/lists/mediawiki-api-announce.lists.wikimedia.org/> for notice of API deprecations and breaking changes."}, "revisions": {"*": "Because \"rvslots\" was not specified, a legacy format has been used for the output. This format is deprecated, and in the future the new format will always be used."}}, "query": {"pages": {"48296": {"pageid": 48296, "ns": 0, "title": "Bobby Flynn", "revisions": [{"contentformat": "text/x-wiki", "contentmodel": "wikitext", "*": "{{Patient Infobox\n|image = 401Bobby.png\n|name = Bobby Flynn\n|status = Alive\n|siblings = [[Tina Flynn]]\n|parents = *[[Clara Flynn]]\n*[[Henry Flynn]]\n|only appearance = [[A Change is Gonna Come]]\n|seasons = '''[[Grey's Anatomy|GA]]:''' [[Season 4 (Grey's Anatomy)|4]]\n|portrayed by = [[Nadji Jeter]]\n}}\n'''Bobby Flynn''' is the son of [[Henry Flynn]].\n\n==History==\nWhen his father was internally decapitated in a car accident, Bobby and his sister, Tina, came to the ER with their mother. Their mom instructed them to tell their father they love him and wish him good luck on his surgery.\n\nAfter his surgery, his family was able to go into his room and see him.\n\n==Relationships==\n===Familial===\nHis father was seriously injured in a car accident. When that happened, he, his mom, and his sister came to the hospital to be with him.\n\n{{DEFAULTSORT:Flynn, Bobby}}\n[[Category:Characters]]\n[[Category:GA Characters]]\n[[Category:GA S4 Characters]]"}]}}}}