{"batchcomplete": "", "warnings": {"main": {"*": "Subscribe to the mediawiki-api-announce mailing list at <https://lists.wikimedia.org/postorius/lists/mediawiki-api-announce.lists.wikimedia.org/> for notice of API deprecations and breaking changes."}, "revisions": {"*": "Because \"rvslots\" was not specified, a legacy format has been used for the output. This format is deprecated, and in the future the new format will always be used."}}, "query": {"pages": {"32100": {"pageid": 32100, "ns": 0, "title": "Bobby Brinn", "revisions": [{"contentformat": "text/x-wiki", "contentmodel": "wikitext", "*": "{{Patient Infobox\n|image = 9x16BobbyBrinn.png\n|name = Bobby Brinn\n|status = Alive\n|diagnosis = Tumor\n|doctors = *[[Alex Karev]]\n*[[Jo Wilson]]\n|treatment = Tumor resection\n|parents = *[[Lisa Brinn]]\n*[[John Brinn]]\n|only appearance = [[This is Why We Fight]]\n|seasons = '''[[Grey's Anatomy|GA]]:''' [[Season 9 (Grey's Anatomy)|9]]\n|portrayed by = [[William Edward Jennings]]\n}}\n'''Bobby Brinn''' was a patient at [[Seattle Grace Mercy West Hospital]] who had a tumor removed.\n\n==History==\nBobby had a tumor in his abdomen. When he heard them talking about it, he thought it was a little man, whom he named Phil. His parents threw him an \"Adios, Phil!\" party prior to his surgery to remove the tumor.\n\nThe surgery was successful and Bobby was left tumor-free.\n\n==Relationships==\n===Familial===\nBobby's family came to his pre-surgery party, including his parents, [[Lisa Brinn|Lisa]] and [[John Brinn|John]].\n\n==Notes and Trivia==\n*He was six when his tumor was diagnosed.\n\n==Gallery==\n===Episode Stills===\n<gallery orientation=\"landscape\" position=\"center\" spacing=\"small\" bordersize=\"none\" hideaddbutton=\"true\">\n9x16-3.jpg\n9x16-15.jpg\n9x16new-23.jpg\n</gallery>\n\n{{DEFAULTSORT:Brinn, Bobby}}\n[[Category:Characters]]\n[[Category:GA Characters]]\n[[Category:GA S9 Characters]]\n[[Category:Patients]]\n[[Category:Patients (Peds)]]\n[[Category:Patients (General)]]"}]}}}}