{"batchcomplete": "", "warnings": {"main": {"*": "Subscribe to the mediawiki-api-announce mailing list at <https://lists.wikimedia.org/postorius/lists/mediawiki-api-announce.lists.wikimedia.org/> for notice of API deprecations and breaking changes."}, "revisions": {"*": "Because \"rvslots\" was not specified, a legacy format has been used for the output. This format is deprecated, and in the future the new format will always be used."}}, "query": {"pages": {"5539": {"pageid": 5539, "ns": 0, "title": "BokHee", "revisions": [{"contentformat": "text/x-wiki", "contentmodel": "wikitext", "*": "{{Stub}}\n{{Nurse Infobox\n|name = BokHee An\n|image = 16x03Bokhee.png\n|status = Alive\n|title = R.N.\n|marital = Jae ''(husband)''\n|job = [[Scrub Nurse]]\n|workplace = '''Current'''<br>\n[[Grey Sloan Memorial Hospital]]<br>\n'''Former'''<br>\n[[Seattle Grace Mercy West Hospital]]<br>\n[[Seattle Grace Hospital]]\n|first appearance = '''[[Grey's Anatomy|GA]]:''' [[A Hard Day's Night]]\n|only appearance = '''[[Private Practice|PP]]:''' [[You Break My Heart]]\n|seasons = *'''[[Grey's Anatomy|GA]]:''' [[Season 1 (Grey's Anatomy)|1]], [[Season 2 (Grey's Anatomy)|2]], [[Season 3 (Grey's Anatomy)|3]], [[Season 4 (Grey's Anatomy)|4]], [[Season 5 (Grey's Anatomy)|5]], [[Season 6 (Grey's Anatomy)|6]], [[Season 7 (Grey's Anatomy)|7]], [[Season 8 (Grey's Anatomy)|8]], [[Season 9 (Grey's Anatomy)|9]], [[Season 10 (Grey's Anatomy)|10]], [[Season 11 (Grey's Anatomy)|11]], [[Season 12 (Grey's Anatomy)|12]], [[Season 13 (Grey's Anatomy)|13]], [[Season 14 (Grey's Anatomy)|14]], [[Season 15 (Grey's Anatomy)|15]], [[Season 16 (Grey's Anatomy)|16]], [[Season 17 (Grey's Anatomy)|17]], [[Season 18 (Grey's Anatomy)|18]], and [[Season 19 (Grey's Anatomy)|19]]\n*'''[[Private Practice|PP]]:''' [[Season 5 (Private Practice)|5]]\n|portrayed by = [[Kathy C. An]]\n|count=260}}\n\n'''BokHee''' is a scrub nurse at [[Grey Sloan Memorial Hospital]] who is often seen in the OR.\n\n==Career==\nBokHee is a scrub nurse at [[Grey Sloan Memorial Hospital]]. She is a common feature in most surgeries, but speaks very little. However, she has been shown to speak up when needed, as demonstrated when she suggested bypass during [[James Evans|Jimmy Evans']] surgery. BokHee has also been a help to most of the major surgeons in the hospital,\u00a0[[Preston Burke]]\u00a0is a prime example. She also has most likely been working at the hospital for a while, which was shown when [[Richard Webber]] asked her if she still has his music that he likes to listen to in the OR.\u00a0\n\n==Notes and Trivia==\n*[[Kathy C. An]] is a scrub nurse in real life and continues working with open heart surgeries in Los Angeles. She appeared in other TV shows such as ''Six Feet Under'' (2001).\n*BokHee has appeared in every season of ''[[Grey's Anatomy]]'', but has only had a few lines.\n*Additionally, she also appeared in\u00a0[[Private Practice]]\u00a0when she assisted on the surgery on\u00a0[[Erica Warner]], which was performed at\u00a0[[Seattle Grace Mercy West Hospital]].\n*Her name was widely believed to be spelled \"Bokey\" until the producers of [[Grey's Anatomy]] cleared it up on Twitter, although on Netflix, the subtitles spell her name \"Boki\" and \"Bokie\".\n*During surgery, [[Miranda Bailey|Dr. Bailey]] once asked BokHee if she \"vagazzled\" her vagina, to which BokHee replied by rolling her eyes and looking away.<ref>[[The End is the Beginning is the End]], 9x11</ref>\n*BokHee was one of the nurses to survive the rounds of firing during the merger with Mercy West.\n*She was the scrub nurse assisting [[Cristina Yang|Cristina]] while she was operating on Derek during the [[Hospital Shooting|shooting]] in season six.\n*BokHee is the favorite scrub nurse of [[Amelia Shepherd]].<ref>[[The Distance]], 11x14</ref>\n*[[Sandra Oh]] has said that the actress [[Kathy C. An]]  is like her second mom.\n*Like [[Miranda Bailey|Bailey]], BokHee stands on a stool during surgeries.\n*During the [[Hospital Shooting|shooting]] at Seattle Grace Mercy West, BokHee passed [[Jackson Avery]] a tool to help save the life of [[Derek Shepherd]].\n*BokHee speaks Korean as shown when she tells her husband, Jae, that [[Andrew DeLuca|DeLuca]] loves [[Meredith Grey|Meredith]].<ref>[[We Didn't Start the Fire]], 15x15</ref>\n*In [[I Want a New Drug]], BokHee jokes with Meredith and calls her Wonder Woman.\n*BokHee contributed to Andrew DeLuca's memorial service. Her statement cannot be heard, but she is seen to be speaking in the memorial video.<ref>[[It's All Too Much]], 17x08</ref>\n*BokHee is seen at Owen and Teddy\u2019s wedding.<ref>[[Here Comes the Sun]], 18x01</ref>\n\n==Gallery==\n===Episodic===\n<gallery orientation=\"landscape\" position=\"center\" spacing=\"small\" bordersize=\"none\" captionalign=\"center\" hideaddbutton=\"true\">\n9x18Bokhee.png|[[Idle Hands]]\n10x03Bokhee.png|[[Everybody's Crying Mercy]]\n10x18Bokhee.png|[[You Be Illin']]\n10x20Bokhee.png|[[Go It Alone]]\n10x21Bokhee.png|[[Change of Heart]]\n10x24Bokhee.png|[[Fear (of the Unknown)]]\n12x01Bokhee.png|[[Sledgehammer]]\n12x02Bokhee.png|[[Walking Tall]]\n12x21Bokhee.png|[[You're Gonna Need Someone on Your Side]]\n14x09Bokhee.png|[[1-800-799-7233]]\n15x11Bokhee.png|[[The Winner Takes It All]]\n15x14Bokhee.png|[[I Want a New Drug]]\n15x15Bokhee.png|[[We Didn't Start the Fire]]\n16x03Bokhee.png|[[Reunited]]\n16x21Bokhee.png|[[Put on a Happy Face]]\n17x05Bokhee.png|[[Fight the Power]]\n17x07Bokhee.png|[[Helplessly Hoping]]\n17x08BokHee.png|[[It's All Too Much]]\n17x11BokHee.png|[[Sorry Doesn't Always Make It Right]]\n17x17BokHee.png|[[Someone Saved My Life Tonight]]\n18x04BokHee.png|[[With a Little Help From My Friends]]\n19x01Bokhee.png|[[Everything Has Changed]]\n</gallery>\n\n===Episode Stills===\n<gallery orientation=\"landscape\" position=\"center\" spacing=\"small\" bordersize=\"none\" hideaddbutton=\"true\">\n14x24-42.jpg\n14x24-43.jpg\n14x24-44.jpg\n14x24-46.jpg\n14x24-47.jpg\n14x24-55.jpg\n15x19-29.jpg\n15x19-30.jpg\n16x10-37.jpg\n18x03-10.jpg\n18x11-2.jpg\n18x11-12.jpg\n18x18-21.jpg\n18x18-22.jpg\n18x18-24.jpg\n</gallery>\n\n==Appearances==\n{{Bokhee Appearances}}\n{{Scrollbox}}\n\n[[de:Bokhee]]\n[[fr:Bokhee]]\n[[Category:Characters]]\n[[Category:GA Characters]]\n[[Category:GA S1 Characters]]\n[[Category:GA S2 Characters]]\n[[Category:GA S3 Characters]]\n[[Category:GA S4 Characters]]\n[[Category:GA S5 Characters]]\n[[Category:GA S6 Characters]]\n[[Category:GA S7 Characters]]\n[[Category:GA S8 Characters]]\n[[Category:GA S9 Characters]]\n[[Category:GA S10 Characters]]\n[[Category:GA S11 Characters]]\n[[Category:GA S12 Characters]]\n[[Category:GA S13 Characters]]\n[[Category:GA S14 Characters]]\n[[Category:GA S15 Characters]]\n[[Category:GA S16 Characters]]\n[[Category:GA S17 Characters]]\n[[Category:GA S18 Characters]]\n[[Category:GA S19 Characters]]\n[[Category:PP Characters]]\n[[Category:PP S5 Characters]]\n[[Category:Nurses]]\n[[Category:Stubs]]"}]}}}}