{"batchcomplete": "", "warnings": {"main": {"*": "Subscribe to the mediawiki-api-announce mailing list at <https://lists.wikimedia.org/postorius/lists/mediawiki-api-announce.lists.wikimedia.org/> for notice of API deprecations and breaking changes."}, "revisions": {"*": "Because \"rvslots\" was not specified, a legacy format has been used for the output. This format is deprecated, and in the future the new format will always be used."}}, "query": {"pages": {"4146": {"pageid": 4146, "ns": 0, "title": "Bonnie Crasnoff", "revisions": [{"contentformat": "text/x-wiki", "contentmodel": "wikitext", "*": "{{Patient Infobox\n|image = 3x17-18.jpg\n|name = Bonnie Crasnoff\n|status = Deceased\n|diagnosis = Massive internal injuries\n|doctors = *[[Derek Shepherd]]\n*[[Miranda Bailey]]\n*[[Meredith Grey]]\n*[[Preston Burke]]\n|treatment = Surgery\n|marital = [[Danny (Into You Like a Train)|Danny]] ''(fianc\u00e9)''\n|first appearance = [[Into You Like a Train]]\n|last appearance = [[Some Kind of Miracle]]\n|count = 2\n|seasons = '''[[Grey's Anatomy|GA]]:''' [[Season 2 (Grey's Anatomy)|2]] and [[Season 3 (Grey's Anatomy)|3]]\n|portrayed by = [[Monica Keena]]\n}}\n\n'''Bonnie Crasnoff''' was one of the many victims of the train crash, in which she and another man, [[Tom Maynard|Tom]], had a metal pole running through them.\n\n==History==\n===Train Crash===\nBonnie was admitted to [[Seattle Grace Hospital|Seattle Grace]] after a train crash, she along with a stranger named Tom were impaled with a pole but the two managed to make light of the situation, even joking about needing breath mints, and they grew emotionally close. Bonnie didn't immediately realize the full extent of her injuries but after an [[MRI]], the doctors discovered that the pole had severed Bonnie's spinal cord and was unable to move her own feet. Because the injuries were more extensive, it was almost definite that she would die when the pole was removed. She went into surgery with Tom and asked [[Derek Shepherd|Derek]] to say goodbye to her fianc\u00e9 if she died and asked Tom quietly if he believed in heaven. When the pole was removed, she began to bleed out and flatline and all the doctors but [[Meredith Grey|Meredith]] abandoned her to work on Tom (who survived). However, it was clear that once Meredith stopped with the compressions that Bonnie would die so [[Miranda Bailey|Bailey]] stopped her and called the time of death. ''(\"[[Into You Like a Train]]\")''\n\n[[File:In2ulikeatrain.jpg|thumb|left|250px|Bonnie and Tom.]]\n\n===Posthumous History===\n====Meredith's Near-Death Experience====\nBonnie appeared to Meredith after she drowned in [[Elliott Bay]]. In the afterlife, she kept reliving the day she died, bleeding from her abdomen and collapsing. By the time Meredith admitted that she'd stopped fighting to live, they worried that it might be too late for her. ''(\"[[Some Kind of Miracle]]\")''\n\n==Relationships==\n===Romantic===\nShe had a fianc\u00e9 named Danny who was flying out to [[Seattle]]. Before the surgery, she asked Derek to relay a message to him. Derek told Danny that she had said that if love were enough she would still be with him.\n\n===Friendships===\nBonnie was attached to Tom with a pole that stuck through them in a train accident. Because her injuries were more extensive, she was the one to die, though Tom's life was saved.\n\n==Notes and Trivia==\n*Bonnie's character and her story have an important psychological role in Meredith's life and her relationship with Derek. When Bonnie crashed, Meredith yelled to the other doctors (including Derek Shepherd) \"we can't just abandon her\", referring not only to Bonnie's situation but also to her personal situation, feeling abandoned by Derek. Bonnie appears in the limbo-like scene when Meredith is dead in Season 3 to remind her to fight for her own life--Meredith was the only one who fought for Bonnie's life, and it wasn't enough. Meredith is indifferent to dying, while Bonnie hardly had a choice. Her presence in the scene, however, gives Meredith some existential thoughts.\n*She was pronounced dead at 3:49.<ref>[[Into You Like a Train]], 2x06</ref>\n\n==Gallery==\n===Episodic===\n<gallery type=\"slideshow\" position=\"center\" crop=\"true\" hideaddbutton=\"true\">\n206BonnieCrasnoff.png|[[Into You Like a Train]]\n317BonnieCrasnoff.png|[[Some Kind of Miracle]]\n</gallery>\n\n===Episode Stills===\n<gallery orientation=\"landscape\" position=\"center\" spacing=\"small\" bordersize=\"none\" hideaddbutton=\"true\">\n3x17-16.jpg\n3x17-18.jpg\n3x17-20.jpg\n3x17-22.jpg\n3x17-23.jpg\n</gallery>\n\n==Appearances==\n{{Bonnie Crasnoff Appearances}}\n\n{{Scrollbox}}\n\n[[es:Bonnie Crasnoff]]\n[[de:Bonnie Crasnoff]]\n{{DEFAULTSORT:Crasnoff, Bonnie}}\n[[Category:Characters]]\n[[Category:GA Characters]]\n[[Category:GA S2 Characters]]\n[[Category:GA S3 Characters]]\n[[Category:Deceased Characters]]\n[[Category:Patients]]\n[[Category:Patients (ER)]]\n[[Category:Patients (Trauma)]]\n[[Category:Patients (Neuro)]]"}]}}}}