{"batchcomplete": "", "warnings": {"main": {"*": "Subscribe to the mediawiki-api-announce mailing list at <https://lists.wikimedia.org/postorius/lists/mediawiki-api-announce.lists.wikimedia.org/> for notice of API deprecations and breaking changes."}, "revisions": {"*": "Because \"rvslots\" was not specified, a legacy format has been used for the output. This format is deprecated, and in the future the new format will always be used."}}, "query": {"pages": {"32327": {"pageid": 32327, "ns": 0, "title": "Bradley Parker", "revisions": [{"contentformat": "text/x-wiki", "contentmodel": "wikitext", "*": "{{Patient Infobox\n|image = 9x17BradleyParker.png\n|name = Bradley Parker\n|died = 2013; [[Seattle]], Washington\n|status = Deceased\n|alias = Brad\n|title = M.D.\n|diagnosis = *Amyotrophic lateral sclerosis\n*Hematochezia\n|doctors = *[[April Kepner]]\n*[[Stephanie Edwards]]\n|treatment = Mechanical ventilation\n|parents = *[[Hazel Parker]]\n*[[Nick Parker]]\n|job = '''Former'''<br>\n[[Internal Medicine]] [[Resident]]\n|workplace = '''Former'''<br>\n[[Mercy West Medical Center]]\n|only appearance = [[Transplant Wasteland]]\n|seasons = '''[[Grey's Anatomy|GA]]:''' [[Season 9 (Grey's Anatomy)|9]]\n|portrayed by = [[Logan Fahey]]\n}}\n'''Bradley Parker''' was an [[Internal Medicine|internal medicine]] [[Resident|resident]] at [[Mercy West Medical Center]] until he had to quit due to declining health caused by [[Medical Glossary#A|ALS]]. When his disease had progressed, he made the decision to donate his organs after allowing cardiac death.\n\n==History==\n===Working at Mercy West===\nBradley worked at Mercy West Medical Center during his residency. He was a member of the same intern class as [[April Kepner]], [[Jackson Avery]], [[Charles Percy]], and [[Reed Adamson]]. During his second year of residency at Mercy West, he was diagnosed with ALS. He continued to work until his condition deteriorated to the point where he no longer could.\n\n===Decision to Use DCD===\nAfter receiving a lap chole, Bradley was in the hospital with hematochezia, blood in the stool. He decided that he would proceed with DCD, Donation after Cardiac Death. Since he was dependent on a ventilator to stay alive, he decided to have it disconnected so his heart would stop, after which his organs would be harvested. While explaining the procedure to his mom, she asked him once again if he was sure. April came in and explained where his organs would be going, which helped his mother cope.\n\nHe was taken into the OR where his breathing tube was disconnected and his heart was allowed to stop. When it stopped, his mother began to cry and held onto him. She had to be pulled away forcibly so that the transplant could proceed.\n\n==Relationships==\n===Familial===\nBradley's parents were supportive of his choice. In the OR, after his heart stopped, his mother became distraught and had to be forcibly removed so they could proceed with the surgery to retrieve his organs.\n\n===Friendships===\nHe got along with [[April Kepner]]. She was upset when he told her he was donating his organs. She tried to talk him out of it, but then he decided to fire her as his doctor. When she came back with the list of where his organs would be going, he knew that she understood why he was doing it and allowed her back on the case.\n\n==Career==\nBradley was working on a residency in [[Internal Medicine]] at [[Mercy West Medical Center]]. He was in his second year when he was diagnosed with ALS. He continued to work as long as he could, but was ultimately forced to drop out.\n\n==Notes and Trivia==\n*He was 31 at the time of his death.\n*One of his kidneys went to a 17 year old girl in Idaho. The other went to a 44 year old councilman in Nevada. Half of his liver went to a 50 year old artist in the same hospital and the other half went to a 10 year old in Oregon.\n*He died at 6:46 PM.\n\n{{DEFAULTSORT:Parker, Bradley}}\n[[Category:Characters]]\n[[Category:GA Characters]]\n[[Category:GA S9 Characters]]\n[[Category:Deceased Characters]]\n[[Category:Doctors]]\n[[Category:Patients]]\n[[Category:Patients (Transplant)]]"}]}}}}