{"batchcomplete": "", "warnings": {"main": {"*": "Subscribe to the mediawiki-api-announce mailing list at <https://lists.wikimedia.org/postorius/lists/mediawiki-api-announce.lists.wikimedia.org/> for notice of API deprecations and breaking changes."}, "revisions": {"*": "Because \"rvslots\" was not specified, a legacy format has been used for the output. This format is deprecated, and in the future the new format will always be used."}}, "query": {"pages": {"28457": {"pageid": 28457, "ns": 0, "title": "Brad Walker", "revisions": [{"contentformat": "text/x-wiki", "contentmodel": "wikitext", "*": "{{Patient Infobox\n|image = 6x13BradWalker.png\n|name = Brad Walker\n|status = Alive\n|diagnosis = Ruptured aortic arch dissection\n|doctors = *[[Arizona Robbins]]\n*[[Alex Karev]]\n*[[Teddy Altman]]\n*[[Reed Adamson]]\n*[[Jackson Avery]]\n|treatment = *Exploratory laparoscopy\n*Central line\n*Chest tube\n*Surgery\n|parents = *[[Jim Walker]]\n*[[Dina Walker]]\n|only appearance = [[State of Love and Trust]]\n|seasons = '''[[Grey's Anatomy|GA]]:''' [[Season 6 (Grey's Anatomy)|6]]\n|portrayed by = [[Cody Christian]]\n}}\n\n'''Brad Walker''' was a patient at [[Seattle Grace Mercy West Hospital]].\n\n==History==\nBrad came into the hospital with abdominal pain that had been happening on and off for months. His father believed he was faking it to get out of school, but they ran tests to look for a cause. His scans were all clean, so they wanted to run an exploratory laparoscopy in order to diagnosed chronic mesenteric ischemia. [[Alex Karev]] convinced Brad's father to let them run the test, but it was negative. He became unstable during the surgery, meaning that even though he didn't have chronic mesenteric ischemia, there was definitely something wrong.\n\nThey had placed a central line in surgery, but it kinked, so they had to put in a chest tube. Brad started bleeding into the chest tube and his condition was so emergent that Alex had to open his chest in his ICU room in order to stop the bleeding. They then moved him to the OR for surgery. He had a ruptured aortic arch dissection, which they repaired in surgery. After surgery, his parents were told he was doing fine.\n\n==Relationships==\n===Familial===\nHis parents, particularly his father, believed he was faking his abdominal pain in order to get out of school.\n\n[[fr:Brad Walker]]\n\n{{DEFAULTSORT:Walker, Brad}}\n[[Category:Characters]]\n[[Category:GA Characters]]\n[[Category:GA S6 Characters]]\n[[Category:Patients]]\n[[Category:Patients (ER)]]\n[[Category:Patients (Peds)]]\n[[Category:Patients (Cardio)]]"}]}}}}