{"batchcomplete": "", "warnings": {"main": {"*": "Subscribe to the mediawiki-api-announce mailing list at <https://lists.wikimedia.org/postorius/lists/mediawiki-api-announce.lists.wikimedia.org/> for notice of API deprecations and breaking changes."}, "revisions": {"*": "Because \"rvslots\" was not specified, a legacy format has been used for the output. This format is deprecated, and in the future the new format will always be used."}}, "query": {"pages": {"49392": {"pageid": 49392, "ns": 0, "title": "Brady Sullivan", "revisions": [{"contentformat": "text/x-wiki", "contentmodel": "wikitext", "*": "{{Patient Infobox\n|image = 7x12BradySullivan.png\n|name = Brady Sullivan\n|status = Alive\n|diagnosis = *Crush injuries\n*Tandem lesions\n*Fracture translocation at L-4 and L-5\n*Unilateral jumped facet at C-5 and C-6\n|doctors = *[[Callie Torres]]\n*[[Owen Hunt]]\n*[[Derek Shepherd]]\n*[[Jackson Avery]]\n*[[Meredith Grey]]\n|treatment = *Traction\n*Laparotomy\n|marital = [[Kyle]] ''(domestic partner)''\n|only appearance = [[Start Me Up]]\n|seasons = '''[[Grey's Anatomy|GA]]:''' [[Season 7 (Grey's Anatomy)|7]]\n|portrayed by = [[Kevin Christy]]\n}}\n\n'''Brady Sullivan''' came into the ER after being trampled by horses on his wedding day.\n\n==History==\nBrady and his beau, Kyle, were signing their domestic partnership papers. Kyle arranged for them to be taken to City Hall in a horse-drawn carriage with bagpipers playing. However, the bagpipers startled the horses, who then trampled Brady, seriously injuring him. His spine was fractured and a bone in his neck was dislocated. They did traction to fix his neck before taking him into surgery.\n\nHis surgery was successful and after he woke up, Kyle apologized. Brady forgave him and told him to stop apologizing and told him not to try to make it up to him because Kyle would kill him for sure.\n\n==Relationships==\n===Romantic===\nHe is domestically partnered with [[Kyle]]. They wanted to get married, but same-sex marriage wasn't legal in Washington state. Wanting to get the romantic day that everyone else gets, Kyle planned an elaborate surprise for Brady, saying that Brady's the best thing ever to happen to him.\n\n==Notes and Trivia==\n*His family is Scottish and he really likes being Scottish.\n*He was 32 at the time of his hospitalization.\n\n{{DEFAULTSORT:Sullivan, Brady}}\n[[Category:Characters]]\n[[Category:GA Characters]]\n[[Category:GA S7 Characters]]\n[[Category:Patients]]\n[[Category:Patients (ER)]]\n[[Category:Patients (Trauma)]]\n[[Category:Patients (Ortho)]]\n[[Category:Patients (Neuro)]]"}]}}}}