{"batchcomplete": "", "warnings": {"main": {"*": "Subscribe to the mediawiki-api-announce mailing list at <https://lists.wikimedia.org/postorius/lists/mediawiki-api-announce.lists.wikimedia.org/> for notice of API deprecations and breaking changes."}, "revisions": {"*": "Because \"rvslots\" was not specified, a legacy format has been used for the output. This format is deprecated, and in the future the new format will always be used."}}, "query": {"pages": {"70281": {"pageid": 70281, "ns": 0, "title": "Brad Gailis", "revisions": [{"contentformat": "text/x-wiki", "contentmodel": "wikitext", "*": "{{Patient Infobox\n|image = 15x03BradGailis.png\n|name = Brad Gailis\n|status = Alive\n|marital = [[Melissa Gailis]]\n|children = Kevin Gailis\n|other family = Mother-in-law\n|only appearance = [[Gut Feeling]]\n|seasons = '''[[Grey's Anatomy|GA]]:''' [[Season 15 (Grey's Anatomy)|15]]\n|portrayed by = [[Ruben Dario]]\n}}\n'''Brad Gailis''' is the father of Kevin Gailis.\n\n==History==\nBrad and his wife, [[Melissa Gailis|Melissa]], came to the hospital when their son, Kevin, was pushed into a table saw while he was at school. They were horrified to learn that the teacher, [[Dave Buckley]], was drunk at the time. Kevin was taken into surgery, where the saw blade was removed and his injuries were repaired. It looked like he might lose his arm because the blood flow had been compromised, but Maggie was ultimately able to save it and Kevin was stable and awake afterward. It was proven that Buckley hadn't been drinking and Buckley came to visit Kevin in his recovery room.\n\n==Relationships==\n===Romantic===\nHe is married to [[Melissa Gailis]].\n\n===Familial===\nHe and his wife have a son, Kevin, who was injured when he was pushed into a table saw.\n\n{{DEFAULTSORT:Gailis, Brad}}\n[[Category:Characters]]\n[[Category:GA Characters]]\n[[Category:GA S15 Characters]]"}]}}}}