{"batchcomplete": "", "warnings": {"main": {"*": "Subscribe to the mediawiki-api-announce mailing list at <https://lists.wikimedia.org/postorius/lists/mediawiki-api-announce.lists.wikimedia.org/> for notice of API deprecations and breaking changes."}, "revisions": {"*": "Because \"rvslots\" was not specified, a legacy format has been used for the output. This format is deprecated, and in the future the new format will always be used."}}, "query": {"pages": {"22449": {"pageid": 22449, "ns": 0, "title": "Brad McDougall", "revisions": [{"contentformat": "text/x-wiki", "contentmodel": "wikitext", "*": "{{Attending Infobox\n|image = 807BradMcDougall.png\n|name = Brad McDougall\n|status = Alive\n|title = M.D.\n|job = '''Current'''<br>[[Attending]] [[Surgery|Surgeon]]\n'''Former'''<br>[[Chief of Surgery]]\n|workplace = '''Former'''<br>[[Seattle Presbyterian Hospital]]\n|only appearance = [[Put Me In, Coach]]\n|seasons = '''[[Grey's Anatomy|GA]]:''' [[Season 8 (Grey's Anatomy)|8]]\n|portrayed by = [[Ernie Hudson]]\n}}\n'''Brad McDougall''' was the\u00a0[[Chief of Surgery]]\u00a0at [[Seattle Presbyterian Hospital]].\n\n==History==\n===Softball Game===\nBrad, as Chief of Surgery, put together a team to play in the softball game against SGMW. He was very competitive and spoke negatively about the SGMW team throughout the game. When [[Lexie Grey|Lexie]] threw a softball at [[Julia Canner|Julia]], effectively ending the game, he was upset when Owen took it to mean that he was forfeiting.\n\n==Personality==\nBrad is very competitive, as proven by the fact that he desperately wanted to win against Seattle Grace Mercy West Hospital in the softball game.\n\n==Career==\nBrad McDougall was\u00a0an [[Attending|attending surgeon]] and [[Chief of Surgery]]\u00a0at\u00a0[[Seattle Presbyterian Hospital]]. Sometime later he was replaced by [[Larry Maxwell]] as Chief of Surgery.\n\n==Notes and Trivia==\n*It is currently unknown the [[Specialties#Surgical Specialty|specialty]] that Dr. McDougall practices, however, it can be inferred, through his interaction with [[Owen Hunt|Dr. Owen Hunt]], that he does not practice [[Trauma Surgery|trauma surgery]].\n\n==Gallery==\n===Episode Stills===\n<gallery orientation=\"landscape\" position=\"center\" spacing=\"small\" bordersize=\"none\" hideaddbutton=\"true\">\n8x07-23.jpg\n</gallery>\n\n{{DEFAULTSORT:McDougall, Brad}}\n[[Category:Characters]]\n[[Category:GA Characters]]\n[[Category:GA S8 Characters]]\n[[Category:Doctors]]"}]}}}}