{"batchcomplete": "", "warnings": {"main": {"*": "Subscribe to the mediawiki-api-announce mailing list at <https://lists.wikimedia.org/postorius/lists/mediawiki-api-announce.lists.wikimedia.org/> for notice of API deprecations and breaking changes."}, "revisions": {"*": "Because \"rvslots\" was not specified, a legacy format has been used for the output. This format is deprecated, and in the future the new format will always be used."}}, "query": {"pages": {"49352": {"pageid": 49352, "ns": 0, "title": "Brad Nystrom", "revisions": [{"contentformat": "text/x-wiki", "contentmodel": "wikitext", "*": "{{Patient Infobox\n|image = 7x09BradNystrom.png\n|name = Brad Nystrom\n|status = Alive\n|marital = Wife\n|children = [[Kendrick Nystrom]]\n|only appearance = [[Slow Night, So Long]]\n|seasons = '''[[Grey's Anatomy|GA]]:''' [[Season 7 (Grey's Anatomy)|7]]\n|portrayed by = [[John Hemphill]]\n}}\n'''Brad Nystrom''' is the father of [[Kendrick Nystrom]].\n\n==History==\nBrad and his family were moving to Wisconsin. His son, Kendrick, didn't want to go because of his girlfriend, [[Lauren]], whom he didn't want to leave. They superglued themselves together, so Brad took them to the ER, where [[April Kepner]] worked to separate them. She had to tried a few differently things before she was finally able to get them apart.\n\n==Relationships==\n===Romantic===\nHe is married.\n\n===Familial===\nHis son, Kendrick, was upset when he learned that the family was moving to Wisconsin, so much that he glued himself to his girlfriend, [[Lauren]].\n\n==Notes and Trivia==\n*The Nystrom family has a pet dog.\n\n{{DEFAULTSORT:Nystrom, Brad}}\n[[Category:Characters]]\n[[Category:GA Characters]]\n[[Category:GA S7 Characters]]"}]}}}}