{"batchcomplete": "", "warnings": {"main": {"*": "Subscribe to the mediawiki-api-announce mailing list at <https://lists.wikimedia.org/postorius/lists/mediawiki-api-announce.lists.wikimedia.org/> for notice of API deprecations and breaking changes."}, "revisions": {"*": "Because \"rvslots\" was not specified, a legacy format has been used for the output. This format is deprecated, and in the future the new format will always be used."}}, "query": {"pages": {"77695": {"pageid": 77695, "ns": 0, "title": "Brad Spencer", "revisions": [{"contentformat": "text/x-wiki", "contentmodel": "wikitext", "*": "{{Patient Infobox\n|image = 16x17BradSpencer.png\n|name = Brad Spencer\n|status = Alive\n|diagnosis = *Third-degree burns\n*Compartment syndrome\n*Epidural bleed\n|doctors = *[[Amelia Shepherd]]\n*[[Atticus Lincoln]]\n*[[Jo Wilson|Dr. Jo]]\n|treatment = *Fasciotomy\n*Surgery\n|only appearance = [[Life on Mars?]]\n|seasons = '''[[Grey's Anatomy|GA]]:''' [[Season 16 (Grey's Anatomy)|16]]\n|portrayed by = [[Salim Aliaga]]\n}}\n\n'''Brad Spencer''' is a man who was electrocuted after falling on the train tracks.\n\n==History==\nBrad and his girlfriend, Paula, were at the train station, kissing to celebrate the fact that Brad had decided to give up an internship at a studio in order to go to England with Paula, who had been awarded a Rhodes Scholarship. They didn't notice the train pulling away and Brad suddenly fell down onto the tracks, where he was electrocuted. He was taken to the hospital, where they noted that both arms and his left leg were severely burned. They did fasciotomies in the ER before taking him to surgery for that and his head injury. After his surgery, Paula was told he'd need more surgery and would have a long recovery. They warned him that whoever took care of him would need to spend a lot of time in hospitals as he recovered and she decided that she couldn't stay. She wondered what that said about her that she wouldn't stay after he'd decided to give up his dream for her.\n\n==Relationships==\n===Romantic===\nHe was dating [[Paula (Life on Mars?)|Paula]]. When she was awarded a Rhodes Scholarship, he decided to go with her to England, despite having been offered an internship at a studio for himself. After he was electrocuted, however, she decided she couldn't stay and take care of him when she was told he'd have a long recovery with more surgeries.\n\n===Familial===\nPaula called his family after his accident and said they were on their way.\n\n==Notes and Trivia==\n*He was 22 at the time of his hospitalization.\n*He plays guitar.\n*He and Paula both graduated from University of Washington.\n\n{{DEFAULTSORT:Spencer, Brad}}\n[[Category:Characters]]\n[[Category:GA Characters]]\n[[Category:GA S16 Characters]]\n[[Category:Patients]]\n[[Category:Patients (ER)]]\n[[Category:Patients (Neuro)]]\n[[Category:Patients (Ortho)]]\n[[Category:Patients (Plastics)]]\n[[Category:Patients (Trauma)]]"}]}}}}