{"batchcomplete": "", "warnings": {"main": {"*": "Subscribe to the mediawiki-api-announce mailing list at <https://lists.wikimedia.org/postorius/lists/mediawiki-api-announce.lists.wikimedia.org/> for notice of API deprecations and breaking changes."}, "revisions": {"*": "Because \"rvslots\" was not specified, a legacy format has been used for the output. This format is deprecated, and in the future the new format will always be used."}}, "query": {"pages": {"28110": {"pageid": 28110, "ns": 0, "title": "Braden Morris", "revisions": [{"contentformat": "text/x-wiki", "contentmodel": "wikitext", "*": "{{Patient Infobox\n|image = 10x18BradenMorris.png\n|name = Braden Morris\n|born = 2003 or 2004\n|status = Alive\n|alias = *Brady\n*Champ\n*Brady-Bug\n*The Boy in the Bubble\n*Bubble Boy\n|diagnosis = *Severe Combined Immunodeficiency\n*Acute Frontal Sinusitis\n*Pott's Puffy Tumor\n*Viral infection\n|doctors = *[[April Kepner]]\n*[[Miranda Bailey]]\n*[[Derek Shepherd]]\n*[[Jackson Avery]]\n*[[Stephanie Edwards]]\n|treatment = *Enzyme Injections\n*Intravenous immunoglobulin\n*Antibiotics\n*Draining tumor\n|parents = *[[David Morris]]\n*[[Teresa Morris]]\n|first appearance = [[You Be Illin']]\n|last appearance = [[Everything I Try to Do, Nothing Seems to Turn Out Right]]\n|count = 6\n|seasons = '''[[Grey's Anatomy|GA]]:''' [[Season 10 (Grey's Anatomy)|10]]\n|portrayed by = [[Armani Jackson]]\n}}'''Braden Morris''' is a patient at [[Grey Sloan Memorial Hospital]].\n\n==History==\n===SCID Diagnosis===\nBraden was diagnosed with SCID after birth. They started searching for a bone marrow donor, but ethnic donors are scarce, so they were never able to find one. However, they were able to treat his condition with enzyme injections. ''(\"[[You Be Illin']]\")''\n\n===Sinusitis===\nBraden's parents brought him into the GSM ER when he became congested. He was given antibiotics and IVIG to treat the sinusitis. However, he also had a bump on his forehead which he thought was a zit but was actually a Pott's Puffy Tumor. He was taken in to surgery to have it drained. In surgery, the doctors noted cerebral spinal fluid, meaning that the abscess had penetrated his brain, meaning they needed to call in Dr. Shepherd. ''(\"[[You Be Illin']]\")''\n\n===Isolation===\nAfter surgery, Braden was put into an isolation room because the enzyme injections had stopped working, leaving him vulnerable to infection. He woke up and was scared when he saw where he was. His parents assured him through the plastic barrier that they weren't leaving him and they love him. ''(\"[[You Be Illin']]\")''\n\nTwo weeks post-op, Braden's infection had cleared up. However, his T-cell count was still zero, so he had to remain in isolation. He used a remote control car to break through the plastic and escape to play tag with [[Francesca McNeil|Frankie McNeil]], but he was quickly found and taken back into isolation. ''(\"[[I'm Winning]]\")''\n\n===Gene Therapy Treatment===\n[[Miranda Bailey]] had the idea to use deactivated HIV to deliver the enzyme to Braden's body. His parents were initially concerned about the use of HIV, but Dr. Bailey assured them that she was not going to give Braden HIV. ''(\"[[Go It Alone]]\")''\n\nAfter receiving chemotherapy to kill off the enzyme-deficient bone marrow, Braden contracted a viral infection, concerning his parents. Worried that the treatment would make Braden even sicker, Teresa withdrew consent for the gene therapy. ''(\"[[Change of Heart]]\")''\n\nUnbeknownst to the Morrises, Bailey proceeded with the gene therapy as planned. It went well and Braden's T-cell count was up to 500. He beat the infection and was able to start eating solid food again. ''(\"[[We Are Never Ever Getting Back Together]]\")''\n\n===Lawsuit===\nAfter the treatment, Braden improved enough that Bailey felt comfortable discharging him. However, before she could do that, she had to inform his parents that she had gone ahead with the treatment. When she told them, they began to doubt the results. They also decided the press charges against Bailey for assault and battery. Owen and Jackson were able to assure them that the results were as she said they were, but not to drop the charges.\n\nStephanie Edwards lied and told them that she had forgotten to tell Bailey that they had withdrawn consent and it was entirely her fault. That still didn't convince them until they held their son and they agreed to drop the charges in exchange for Dr. Edwards being suspended for a week. ''(\"[[Everything I Try to Do, Nothing Seems to Turn Out Right]]\")''\n\n===Follow-Up===\nAfter being discharged, Braden had a follow-up with his pediatrician and he was very healthy. ''(\"[[Fear (of the Unknown)]]\")''\n\n==Relationships==\n===Familial===\nBraden is annoyed by his parents, who are constantly worried about him because of his condition. He brushes off their attention and dislikes their nicknames for him.\n\n===Friendships===\n====[[Francesca McNeil]]====\nDuring his time in isolation, Braden befriended Frankie McNeil, who would visit his room and share gossip with him. He broke out of his isolation to play with her.\n\n==Notes and Trivia==\n*His parents hate when he calls SCID \"Bubble Boy Disease.\"<ref>[[You Be Illin']], 10x18</ref>\n*In the French version, his name is Brandon.\n\n==Gallery==\n===Episodic===\n<gallery type=\"slideshow\" position=\"center\" crop=\"true\" hideaddbutton=\"true\">\n10x18BradenMorris.png|[[You Be Illin']]\n10x19BradenMorris.png|[[I'm Winning]]\n10x20BradenMorris.png|[[Go It Alone]]\n10x21BradenMorris.png|[[Change of Heart]]\n10x22BradenMorris.png|[[We Are Never Ever Getting Back Together]]\n10x23BradenMorris.png|[[Everything I Try to Do, Nothing Seems to Turn Out Right]]\n</gallery>\n\n===Episode Stills===\n<gallery orientation=\"landscape\" position=\"center\" spacing=\"small\" bordersize=\"none\" hideaddbutton=\"true\">\n10x23-6.jpg\n10x23-8.jpg\n10x23-9.jpg\n10x23-10.jpg\n10x23-11.jpg\n10x23-12.jpg\n</gallery>\n\n==Appearances==\n{{Braden Morris Appearances}}\n{{Scrollbox}}\n\n{{DEFAULTSORT:Morris, Braden}}\n[[Category:Characters]]\n[[Category:GA Characters]]\n[[Category:GA S10 Characters]]\n[[Category:Patients]]\n[[Category:Patients (ER)]]\n[[Category:Patients (ID)]]\n[[Category:Patients (Neuro)]]\n[[Category:Patients (Peds)]]\n[[Category:Patients (Genetics)]]\n[[Category:Patients (Transplant)]]"}]}}}}