{"batchcomplete": "", "warnings": {"main": {"*": "Subscribe to the mediawiki-api-announce mailing list at <https://lists.wikimedia.org/postorius/lists/mediawiki-api-announce.lists.wikimedia.org/> for notice of API deprecations and breaking changes."}, "revisions": {"*": "Because \"rvslots\" was not specified, a legacy format has been used for the output. This format is deprecated, and in the future the new format will always be used."}}, "query": {"pages": {"48007": {"pageid": 48007, "ns": 0, "title": "Brad Ackles", "revisions": [{"contentformat": "text/x-wiki", "contentmodel": "wikitext", "*": "{{Patient Infobox\n|image = 225Brad.png\n|name = Brad Ackles\n|status = Deceased\n|diagnosis = *Lacerations\n*Gunshot wound\n|doctors = *[[Miranda Bailey]]\n*[[Izzie Stevens]]\n|treatment = Debridement\n|job = Manager\n|workplace = Restaurant\n|only appearance = [[17 Seconds]]\n|seasons = '''[[Grey's Anatomy|GA]]:''' [[Season 2 (Grey's Anatomy)|2]]\n|portrayed by = [[Ken Marino]]\n}}\n\n'''Brad Ackles''' was injured when [[Petey]], whom he had fired, came back to their workplace with a gun.\n\n==History==\n===Firing Petey===\nSometime prior to the shooting, Brad fired Petey for unknown reasons.\n\n===Shooting===\nAfter being fired, Petey came into the restaurant with a gun, aiming to shoot Brad. Brad got out of the way by diving through a window. He had several lacerations from glass, but was not shot. In the ER, [[Izzie Stevens]] carefully removed the shards of glass from him and bandaged him up.\n\nWhen [[Will (17 Seconds)|Will]] became annoyed at hearing Brad brag about not being in much pain, [[Miranda Bailey]] talked to him, explaining that his injuries were minor and he needed to stop because he was upsetting other people.\n\nBrad apologized to Will and said he'd talk to the owners and get him the time off to recover. While he was leaving the hospital, Petey returned and shot and killed Brad.\n\n==Relationships==\n===Professional===\nHis employees do not like him very much. When he fired [[Petey]], Petey came back with a gun to shoot him.\n\n==Career==\nBrad is the manager of a restaurant.\n\n==Notes and Trivia==\n*He's an athlete.\n\n{{DEFAULTSORT:Ackles, Brad}}\n[[Category:Characters]]\n[[Category:GA Characters]]\n[[Category:GA S2 Characters]]\n[[Category:Deceased Characters]]\n[[Category:Patients]]\n[[Category:Patients (ER)]]\n[[Category:Patients (Trauma)]]"}]}}}}