{"batchcomplete": "", "warnings": {"main": {"*": "Subscribe to the mediawiki-api-announce mailing list at <https://lists.wikimedia.org/postorius/lists/mediawiki-api-announce.lists.wikimedia.org/> for notice of API deprecations and breaking changes."}, "revisions": {"*": "Because \"rvslots\" was not specified, a legacy format has been used for the output. This format is deprecated, and in the future the new format will always be used."}}, "query": {"pages": {"83275": {"pageid": 83275, "ns": 0, "title": "Brad DiMarco", "revisions": [{"contentformat": "text/x-wiki", "contentmodel": "wikitext", "*": "{{Patient Infobox\n|image = S195x01BradDiMarco.png\n|name = Brad DiMarco\n|status = Alive\n|diagnosis = Facial trauma\n|doctors = *[[Michelle Lin]]\n*[[Richard Webber]]\n*[[Levi Schmitt]]\n*[[Sara Ortiz]]\n|treatment = Surgical repair\n|only appearance = *'''[[Grey's Anatomy|GA]]:''' [[Here Comes the Sun]]\n*'''[[Station 19|S19]]:''' [[Phoenix from the Flame]]\n|count = 2\n|seasons = *'''[[Grey's Anatomy|GA]]:''' [[Season 18 (Grey's Anatomy)|18]]\n*'''[[Station 19|S19]]:''' [[Season 5 (Station 19)|5]]\n|portrayed by = [[Antonio Roccucci]]\n}}\n\n'''Brad DiMarco''' is a patient who was seriously injured when a firework went off in his face.\n\n==History==\nBrad was at the Phoenix Fair with [[Tara Brown]], [[Mac]], [[Will]], and [[Bella]]. They were all doing mushrooms and decided to set off some fireworks. They were interrupted by the firefighters of station 19, who informed them that setting off fireworks in the park was illegal. However, Brad lit another one and it exploded directly in his face, seriously injuring him. All the friends panicked and Tara's ankle was injured in the ensuing chaos. All the friends begged the firefighters to save Brad and then Will, in a misguided attempt to help Brad, climbed into the fire engine and started to drive it out of the park. He drove it into the intersection, where it was t-boned by a delivery van and tipped on its side, trapping Will inside. While some firefighters worked to free Will, others worked on Brad, using a t-shirt to stem the bleeding from his face while they waited for an aid car to arrive. Tara frantically told them they had to save him because she loved him and he'd saved her life by dragging her out of the house after the pandemic, saying she needed to celebrate the fact that she'd lived when so many hadn't.\n\nBecause the accident will caused blocked the intersection and backed up traffic, the aid car was unable to get to the park, forcing them to walk the gurney to the park on foot and then walk Brad back to the hospital. Tara followed them despite having an injured ankle. ''(\"[[Phoenix from the Flame]]\")''\n\nAt the hospital, Brad's injuries were assessed then he was taken into surgery, where [[Michelle Lin]] did the first of what she said would be multiple surgeries to fix his face. ''(\"[[Here Comes the Sun]]\")''\n\n==Relationships==\n===Friendships===\nHe's friends with [[Tara Brown]], [[Mac]], [[Will]], and [[Bella]].\n\n==Appearances==\n{{Brad DiMarco Appearances}}\n\n{{DEFAULTSORT:DiMarco, Brad}}\n[[Category:Characters]]\n[[Category:GA Characters]]\n[[Category:GA S18 Characters]]\n[[Category:S19 Characters]]\n[[Category:S19 S5 Characters]]\n[[Category:Patients]]\n[[Category:Patients (ER)]]\n[[Category:Patients (Plastics)]]\n[[Category:Patients (Trauma)]]\n[[Category:S19 Rescuees]]"}]}}}}