{"batchcomplete": "", "warnings": {"main": {"*": "Subscribe to the mediawiki-api-announce mailing list at <https://lists.wikimedia.org/postorius/lists/mediawiki-api-announce.lists.wikimedia.org/> for notice of API deprecations and breaking changes."}, "revisions": {"*": "Because \"rvslots\" was not specified, a legacy format has been used for the output. This format is deprecated, and in the future the new format will always be used."}}, "query": {"pages": {"79142": {"pageid": 79142, "ns": 0, "title": "Brant", "revisions": [{"contentformat": "text/x-wiki", "contentmodel": "wikitext", "*": "{{Rescuee Infobox\n|image = S193x16Brant.png\n|name = Brant\n|status = Alive\n|job = Research Assistant\n|workplace = [[Pacific Northwest General Hospital]]\n|only appearance = [[Louder Than a Bomb]]\n|seasons = '''[[Station 19|S19]]:''' [[Season 3 (Station 19)|3]]\n|portrayed by = [[Scott Cooper Ryan]]\n}}\n\n'''Brant''' is a research assistant who worked under [[Miriam Alba]].\n\n==History==\nBrant worked under [[Miriam Alba]], researching a cure for lymphoma. When a series of explosions at the hospital forced an evacuation, Brant helped move research out of the building.\n\n==Career==\nHe was a research assistant at [[Pacific Northwest General Hospital]], working under [[Miriam Alba]] until her death.\n[[Category:Characters]]\n[[Category:S19 Characters]]\n[[Category:S19 S3 Characters]]\n[[Category:S19 Rescuees]]"}]}}}}