{"batchcomplete": "", "warnings": {"main": {"*": "Subscribe to the mediawiki-api-announce mailing list at <https://lists.wikimedia.org/postorius/lists/mediawiki-api-announce.lists.wikimedia.org/> for notice of API deprecations and breaking changes."}, "revisions": {"*": "Because \"rvslots\" was not specified, a legacy format has been used for the output. This format is deprecated, and in the future the new format will always be used."}}, "query": {"pages": {"34104": {"pageid": 34104, "ns": 0, "title": "Brandi Edwards", "revisions": [{"contentformat": "text/x-wiki", "contentmodel": "wikitext", "*": "{{Patient Infobox\n|image = 811BrandiEvans.png\n|name = Brandi Edwards\n|status = Alive\n|diagnosis = *Conjoined twinship\n*Kidney failure\n|doctors = *[[Arizona Robbins]]\n*[[Derek Shepherd]]\n*[[Richard Webber]]\n*[[Callie Torres]]\n*[[Mark Sloan]]\n*[[Owen Hunt]]\n*[[Alex Karev]]\n*[[Cristina Yang]]\n*[[Jackson Avery]]\n*[[Lexie Grey]]\n|treatment = *Separation surgery\n*Ileoproctostomy\n*Kidney transplant\n|siblings = [[Andi Edwards]]\n|parents = *[[Gretchen Shaw]]\n*[[Charley Edwards]]\n|only appearance = [[This Magic Moment]]\n|seasons = '''[[Grey's Anatomy|GA]]:''' [[Season 8 (Grey's Anatomy)|8]]\n}}\n'''Brandi Edwards''' was born conjoined to her sister, [[Andi Edwards]].\n\n==History==\n===Separation Surgery===\nBrandi and Andi were born conjoined, facing opposite directions. [[Arizona Robbins|Arizona]] had been treating them since birth. When their parents decided to allow the doctors to separate them, they were offered every pro bono dollar that the hospital could give them. The two teams of surgeons, one for each baby, practiced their parts many times before the time came for them to operate.\n\nLexie continuously updated the parents throughout the surgery, talking to them about each step.\n\nWhen the time came to separate the colon, they discovered that Andi had the bulk of the blood supply, so Arizona performed an ileoproctostomy. Then the babies were flipped so the surgery could continue and it went well.\n\nWhile they were separating their spines, they struggled to decide how to proceed without paralyzing Brandi. They made a decision and after the separation was complete, they stimulated each girl to test nerve function. Andi responded immediately, but Brandi needed much more stimulation for her feet to move.\n\nBrandi was then moved to a separate gurney and taken to a separate OR while Andi stayed in the original OR for her surgery to be finished.\n\n===Kidney Transplant===\nWhile Andi's surgery proceeded as expected, the one kidney left in Brandi's body failed, putting pressure on the rest of her body. They continued to operate and Alex had the idea to bring Andi, whose surgery had been finished by then, back into the OR to retrieve one of the two kidneys in her body to transplant into Brandi. As they are identical twins, there would be no need for anti-rejection meds as her body would recognize the kidney as her own. The transplant went well and both Andi and Brandi were stable in the PICU after surgery. Brandi was expected to need physical therapy, but she was already moving her legs after surgery, which was taken as a good sign.\n\n==Relationships==\n===Familial===\nBrandi was born conjoined to her identical twin sister, Andi. They were separated in a day-long surgery. While they were in surgery, the parents were very concerned for their safety. When the surgery went well and they were both stable post-op, their parents were relieved that everything had gone well.\n\n==Notes and Trivia==\n*She and her surgical team were labelled with red bands and led by Arizona.\n\n{{DEFAULTSORT:Edwards, Brandi}}\n[[Category:Characters]]\n[[Category:GA Characters]]\n[[Category:GA S8 Characters]]\n[[Category:Patients]]\n[[Category:Patients (Peds)]]\n[[Category:Patients (Neuro)]]\n[[Category:Patients (Ortho)]]\n[[Category:Patients (Plastics)]]\n[[Category:Patients (General)]]\n[[Category:Patients (Transplant)]]\n[[Category:Patients (Renal)]]"}]}}}}