{"batchcomplete": "", "warnings": {"main": {"*": "Subscribe to the mediawiki-api-announce mailing list at <https://lists.wikimedia.org/postorius/lists/mediawiki-api-announce.lists.wikimedia.org/> for notice of API deprecations and breaking changes."}, "revisions": {"*": "Because \"rvslots\" was not specified, a legacy format has been used for the output. This format is deprecated, and in the future the new format will always be used."}}, "query": {"pages": {"32522": {"pageid": 32522, "ns": 0, "title": "Brenda", "revisions": [{"contentformat": "text/x-wiki", "contentmodel": "wikitext", "*": "{{Patient Infobox\n|image = 9x22BrendaTalia.png\n|name = Brenda\n|alias = Senator Skank\n|status = Alive\n|only appearance = [[Do You Believe in Magic]]\n|seasons = '''[[Grey's Anatomy|GA]]:''' [[Season 9 (Grey's Anatomy)|9]]\n|portrayed by = [[Chelan Simmons]]\n}}\n'''Brenda''' is one of the friends of [[Kim Welles]].\n\n==History==\nBrenda the ER with her friends, [[Talia]] and [[Kim Welles]]. Kim was experiencing severe stomach pain. Her friends believed she was just drunk or that she had been drugged. However, after they relayed the events of their day, [[April Kepner]] determined that one of the drinks she'd consumed, a smoking nipple, which contained liquid nitrogen, had caused an abdominal rupture. Kim was taken into surgery, where April performed a roux-en-y anastomosis to remove her stomach and attach her intestine directly to her esophagus.\n\n==Relationships==\n===Friendships===\nShe is friends with [[Kim Welles]] and [[Talia]]. When Kim had abdominal pain after a night of drinking, the three of them went together to the ER. However, Talia and Brenda were more concerned with whether Kim would be able to go drinking with them again than if she would be okay.\n[[Category:Characters]]\n[[Category:GA Characters]]\n[[Category:GA S9 Characters]]"}]}}}}