{"batchcomplete": "", "warnings": {"main": {"*": "Subscribe to the mediawiki-api-announce mailing list at <https://lists.wikimedia.org/postorius/lists/mediawiki-api-announce.lists.wikimedia.org/> for notice of API deprecations and breaking changes."}, "revisions": {"*": "Because \"rvslots\" was not specified, a legacy format has been used for the output. This format is deprecated, and in the future the new format will always be used."}}, "query": {"pages": {"84841": {"pageid": 84841, "ns": 0, "title": "Brenda (Alone in the Dark)", "revisions": [{"contentformat": "text/x-wiki", "contentmodel": "wikitext", "*": "{{Rescuee Infobox\n|image = S195x14Brenda.png\n|name = Brenda\n|status = Alive\n|children = *[[Abby]]\n*[[Jonny]]\n|only appearance = [[Alone in the Dark]]\n|seasons = '''[[Station 19|S19]]:''' [[Season 5 (Station 19)|5]]\n|portrayed by = [[Helen Madelyn Kim]]\n}}\n\n'''Brenda''' is a woman who was separated from her children during a parking garage fire.\n\n==History==\nBrenda's kids were in the car when she stopped to get some chocolate milk at the store. Instead of bringing them in with her, she left them in the car. While she was gone, a fire started with a hybrid car in the garage. She went back to search for her children, but [[Ben Warren|Ben]] and [[Victoria Hughes|Vic]] stopped her and forced her to leave, assuring her they'd find her kids and get them back to her. Once she was out, they found her kids and evacuated them. Once they were out, they loaded Jonny onto a gurney and took all of them to the hospital.\n\n==Relationships==\n===Familial===\nShe has two children: [[Jonny]] and [[Abby]].\n\n{{DISPLAYTITLE:Brenda}}\n[[Category:Characters]]\n[[Category:S19 Characters]]\n[[Category:S19 S5 Characters]]\n[[Category:S19 Rescuees]]"}]}}}}