{"batchcomplete": "", "warnings": {"main": {"*": "Subscribe to the mediawiki-api-announce mailing list at <https://lists.wikimedia.org/postorius/lists/mediawiki-api-announce.lists.wikimedia.org/> for notice of API deprecations and breaking changes."}, "revisions": {"*": "Because \"rvslots\" was not specified, a legacy format has been used for the output. This format is deprecated, and in the future the new format will always be used."}}, "query": {"pages": {"75340": {"pageid": 75340, "ns": 0, "title": "Brett (My Shot)", "revisions": [{"contentformat": "text/x-wiki", "contentmodel": "wikitext", "*": "{{Other Characters Infobox\n|image = 16x08Brett.png\n|name = Brett\n|status = Alive\n|alias = Jake\n|job = Bartender\n|only appearance = [[My Shot]]\n|seasons = '''[[Grey's Anatomy|GA]]:''' [[Season 16 (Grey's Anatomy)|16]]\n|portrayed by = [[David Abed]]\n}}\n\n'''Brett''' is a bartender at the hotel where Meredith's hearing was taking place.\n\n==History==\nBrett served Maggie drinks at the bar while everyone else was at the hearing. Maggie took his pen and drew a picture on a napkin to explain Sabrina's problem to Brett. She asked him if he had a red pen, but he said he didn't and actually needed the other pen back.\n\n==Career==\nHe is a bartender at a hotel.\n\n{{DISPLAYTITLE:Brett}}\n[[Category:Characters]]\n[[Category:GA Characters]]\n[[Category:GA S16 Characters]]"}]}}}}