{"batchcomplete": "", "warnings": {"main": {"*": "Subscribe to the mediawiki-api-announce mailing list at <https://lists.wikimedia.org/postorius/lists/mediawiki-api-announce.lists.wikimedia.org/> for notice of API deprecations and breaking changes."}, "revisions": {"*": "Because \"rvslots\" was not specified, a legacy format has been used for the output. This format is deprecated, and in the future the new format will always be used."}}, "query": {"pages": {"66514": {"pageid": 66514, "ns": 0, "title": "Brett", "revisions": [{"contentformat": "text/x-wiki", "contentmodel": "wikitext", "*": "{{Patient Infobox\n|image = 14x14Brett.png\n|name = Brett\n|status = Alive\n|diagnosis = Dislocated shoulder\n|doctors = *[[Richard Webber]]\n*[[Andrew DeLuca]]\n*[[Levi Schmitt]]\n|treatment = Closed reduction\n|only appearance = [[Games People Play]]\n|seasons = '''[[Grey's Anatomy|GA]]:''' [[Season 14 (Grey's Anatomy)|14]]\n|portrayed by = [[Dio Johnson]]\n}}\n\n'''Brett''' is a member of a rugby team that came into the ER after a fight.\n\n==History==\nBrett came into the ER after being injured in a fight during a rugby match. His shoulder was dislocated and Richard and Levi had trouble reducing it in the ER, so they called in Andrew to help.\n[[Category:Characters]]\n[[Category:GA Characters]]\n[[Category:GA S14 Characters]]\n[[Category:Patients]]\n[[Category:Patients (ER)]]\n[[Category:Patients (Ortho)]]"}]}}}}