{"batchcomplete": "", "warnings": {"main": {"*": "Subscribe to the mediawiki-api-announce mailing list at <https://lists.wikimedia.org/postorius/lists/mediawiki-api-announce.lists.wikimedia.org/> for notice of API deprecations and breaking changes."}, "revisions": {"*": "Because \"rvslots\" was not specified, a legacy format has been used for the output. This format is deprecated, and in the future the new format will always be used."}}, "query": {"pages": {"46394": {"pageid": 46394, "ns": 0, "title": "Brett Hayes", "revisions": [{"contentformat": "text/x-wiki", "contentmodel": "wikitext", "*": "{{Patient Infobox\n|image = 107BrettHayes.png\n|name = Brett Hayes\n|status = Alive\n|marital = [[Gwen Hayes]] ''(wife)''\n|children = [[Jamie Hayes]]\n|only appearance = [[The Self-Destruct Button]]\n|seasons = '''[[Grey's Anatomy|GA]]:''' [[Season 1 (Grey's Anatomy)|1]]\n|portrayed by = [[Doug Sinclair]]\n}}\n\n'''Brett Hayes''' is the father of [[Jamie Hayes]].\n\n==History==\nHe and his wife noticed that their daughter's foot was twitching periodically, so they took her to County Hospital. They ran a CT which revealed a brain abnormality, so they referred the family to [[Seattle Grace Hospital]]. Derek ran an MRI and diagnosed Rasmussen's encephalitis. Half of Jamie's brain had died and needed to be removed to prevent the condition from spreading.\n\nIn her surgery, her anesthesiologist, who had been drinking, nodded off and Jamie started to wake up. They were able to rouse him and he put Jamie back out, but Derek told him to leave the OR after he was replaced by another anesthesiologist. Jamie's surgery was completed successfully.\n\n==Relationships==\n===Romantic===\nHe is married to [[Gwen Hayes]]. Together they have a daughter.\n\n===Familial===\nHe has a daughter, Jamie, who was hospitalized for brain surgery.\n\n{{DEFAULTSORT:Hayes, Brett}}\n[[Category:Characters]]\n[[Category:GA Characters]]\n[[Category:GA S1 Characters]]"}]}}}}