{"batchcomplete": "", "warnings": {"main": {"*": "Subscribe to the mediawiki-api-announce mailing list at <https://lists.wikimedia.org/postorius/lists/mediawiki-api-announce.lists.wikimedia.org/> for notice of API deprecations and breaking changes."}, "revisions": {"*": "Because \"rvslots\" was not specified, a legacy format has been used for the output. This format is deprecated, and in the future the new format will always be used."}}, "query": {"pages": {"42621": {"pageid": 42621, "ns": 0, "title": "Brett Gibson", "revisions": [{"contentformat": "text/x-wiki", "contentmodel": "wikitext", "*": "{{Patient Infobox\n|image = 11x18BrettGibson.png\n|name = Brett Gibson\n|status = Deceased\n|diagnosis = *Gunshot wounds\n*Stroke\n*Brain death\n|doctors = *[[April Kepner]]\n*[[Meredith Grey]]\n*[[Jo Wilson]]\n*[[Miranda Bailey]]\n*[[Jackson Avery]]\n|treatment = *Cricothyrotomy\n*Surgery\n*Tracheal repair\n*Organ harvest\n|siblings = [[Peter Gibson]] \u2020\n|parents = [[Mrs. Gibson]]\n|job = Police Officer\n|workplace = Seattle Police Department\n|only appearance = [[When I Grow Up]]\n|seasons = '''[[Grey's Anatomy|GA]]:''' [[Season 11 (Grey's Anatomy)|11]]\n|portrayed by = [[William Nicol]]\n}}\n'''Brett Gibson''' is a police officer who came into the hospital after being shot during a bank robbery.\n\n==History==\n===Childhood===\nWhen he and his brother, Pete, were kids, Pete used to follow Brett around and do what he wanted, but they both always loved helping people according to their mother.\n\n===Pot Luck===\nSome time before the shooting, Brett's mother hosted a pot luck for all the officers. While Brett's brother, [[Peter Gibson|Pete]], was being treated in the ER, he told his mother they needed to hold another one and invite the doctors.\n\n===Jared===\nWhile working, Brett and his partner, [[Dan Pruitt]], arrested a teenager named Jared, whom they described as a good kid, but susceptible to falling in with the wrong crowd. They put him in juvie and got him in the foster care system. They hoped he could get his moment, the moment when he would either turn his life around or ended up dead or in lockup.\n\n===Bank Robbery===\nJared was the getaway driver for an armed robbery in which Dan, Brett, and Pete were all shot. Brett was rushed to the hospital by his partner and even carried into the ER. Brett had been shot in the neck and abdomen. He was rushed into surgery to repair his trachea and abdominal injuries. As they were finishing his surgery and preparing to close, Brett threw a clot and had a stroke, after which he was declared brain dead. His mother had to make the difficult choice to donate his organs and after speaking with Dan about Jared, she agreed to allow a directed donation of Brett's liver to Jared. After his organ harvest was completed, [[Jackson Avery]] worked on his body to make it look nice for his mother.\n\n==Relationships==\n===Familial===\nBrett has a brother named Pete. According to their mother, when they were kids, Pete just followed Brett around. They both grew up to be police officers. When both her sons died on the same day, their mother was devastated.\n\n===Friendships===\nBrett is friends with his partner, Dan. When they were both hospitalized, Dan kept asking for updates on Brett's condition.\n\n===Professional===\nWhile working, Brett met and dealt with a teenager named Jared. He and his partner showed great concern for Jared and worked hard to get him on the right path.\n\n==Career==\nHe was a police officer in [[Seattle]]. His partner was [[Dan Pruitt]].\n\n==Notes and Trivia==\n*Brett always wanted to be a cop according to his mother.\n\n{{DEFAULTSORT:Gibson, Brett}}\n[[Category:Characters]]\n[[Category:GA Characters]]\n[[Category:GA S11 Characters]]\n[[Category:Deceased Characters]]\n[[Category:Patients]]\n[[Category:Patients (ER)]]\n[[Category:Patients (General)]]\n[[Category:Patients (Trauma)]]\n[[Category:Patients (Transplant)]]\n[[Category:Patients (Neuro)]]\n[[Category:Patients (Plastics)]]\n[[Category:Police Officers]]"}]}}}}