{"batchcomplete": "", "warnings": {"main": {"*": "Subscribe to the mediawiki-api-announce mailing list at <https://lists.wikimedia.org/postorius/lists/mediawiki-api-announce.lists.wikimedia.org/> for notice of API deprecations and breaking changes."}, "revisions": {"*": "Because \"rvslots\" was not specified, a legacy format has been used for the output. This format is deprecated, and in the future the new format will always be used."}}, "query": {"pages": {"48013": {"pageid": 48013, "ns": 0, "title": "Brian (Season Two)", "revisions": [{"contentformat": "text/x-wiki", "contentmodel": "wikitext", "*": "{{Other Characters Infobox\n|image = 226Brian.png\n|name = Brian\n|status = Alive\n|first appearance = [[Deterioration of the Fight or Flight Response]]\n|last appearance = [[Losing My Religion]]\n|count = 2\n|seasons = '''[[Grey's Anatomy|GA]]:''' [[Season 2 (Grey's Anatomy)|2]]\n|portrayed by = [[Charles Duckworth]]\n}}\n\n'''Brian''' is the boyfriend of [[Camille Travis]].\n\n==History==\n===Prom===\nBrian went to the prom with [[Camille Travis]]. During the prom, they had sex, during which Camille lost consciousness and had to be taken to the ER. He waited with her at the ER, but was told to get lost when Richard saw them. Richard went after Brian, scaring him. ''(\"[[Deterioration of the Fight or Flight Response]]\")''\n\n===Hospital Prom===\nBrian later went to the hospital prom with Camille. They danced together until her uncle cut in to dance with her. ''(\"[[Losing My Religion]]\")''\n\n==Relationships==\n===Romantic===\nHe is dating Camille Travis. They went to the prom together and had sex afterward, during which Camille lost consciousness. ''(\"[[Deterioration of the Fight or Flight Response]]\")''\n\nHe later came to the hospital prom the interns organized. ''(\"[[Losing My Religion]]\")''\n\n==Gallery==\n===Episodic===\n<gallery type=\"slideshow\" position=\"center\" crop=\"true\" hideaddbutton=\"true\">\n226Brian.png|[[Deterioration of the Fight or Flight Response]]\n227Brian.png|[[Losing My Religion]]\n</gallery>\n\n===Episode Stills===\n<gallery orientation=\"portrait\" position=\"center\" spacing=\"small\" bordersize=\"none\" hideaddbutton=\"true\">\n2x27-46.jpg\n</gallery>\n\n==Appearances==\n{{Brian (Season 2) Appearances}}\n\n[[es:Brian (Temporada 2)]]\n\n{{DISPLAYTITLE:Brian}}\n[[Category:Characters]]\n[[Category:GA Characters]]\n[[Category:GA S2 Characters]]"}]}}}}