{"batchcomplete": "", "warnings": {"main": {"*": "Subscribe to the mediawiki-api-announce mailing list at <https://lists.wikimedia.org/postorius/lists/mediawiki-api-announce.lists.wikimedia.org/> for notice of API deprecations and breaking changes."}, "revisions": {"*": "Because \"rvslots\" was not specified, a legacy format has been used for the output. This format is deprecated, and in the future the new format will always be used."}}, "query": {"pages": {"24539": {"pageid": 24539, "ns": 0, "title": "Brian (Season 10)", "revisions": [{"contentformat": "text/x-wiki", "contentmodel": "wikitext", "*": "{{Patient Infobox\n|image = 10x01Brian.png\n|name = Brian\n|status = Alive\n|diagnosis = Broken ribs\n|doctors = [[Alex Karev]]\n|marital = [[Sasha (Season 10)|Sasha]] ''(wife)''\n|job = Firefighter\n|workplace = [[Seattle Fire Department]]\n|first appearance = [[Seal Our Fate]]\n|last appearance = [[I Want You With Me]]\n|count = 2\n|seasons = '''[[Grey's Anatomy|GA]]:''' [[Season 10 (Grey's Anatomy)|10]]\n|portrayed by = [[Bobby Campo]]\n}}\n'''Brian''' is a firefighter who was injured while helping with the evacuation after the Super Storm.\n\n==History==\n===Rescue Efforts===\nHe was caught in an air pocket while trying to help with evacuations, preventing him from helping. After checking in at the hospital, he left to go back and help before being treated. ''(\"[[Seal Our Fate]]\")''\n\n===Hospitalization===\nBrian was brought into the hospital covered in mud with some broken ribs. Before he could be treated, he went back out into the pile to continue the rescue efforts. ''(\"[[Seal Our Fate]]\")''\n\n==Relationships==\n===Romantic===\n====[[Sasha (Season 10)|Sasha]]====\nWhen it looked like Sasha\u2019s organ failure might kill her, Brian and Sasha decided to get married right away, so that they\u2019d be married no matter what happened. When there weren't any chaplains available, Jackson officiated the wedding with April as a witness. ''(\u201c[[I Want You With Me]]\u201d)''\n\n==Career==\nBrian is a firefighter with the [[Seattle Fire Department]] who was part of the rescue efforts after the Super Storm and mudslide.\n\n==Gallery==\n===Episodic===\n<gallery type=\"slideshow\" position=\"center\" crop=\"true\" hideaddbutton=\"true\">\n10x01Brian.png|[[Seal Our Fate]]\n10x02BrianSasha.png|[[I Want You With Me]]\n</gallery>\n\n==Appearances==\n{{Brian Appearances}}\n\n{{DISPLAYTITLE:Brian}}\n[[Category:Characters]]\n[[Category:GA Characters]]\n[[Category:GA S10 Characters]]\n[[Category:Patients]]\n[[Category:Patients (ER)]]\n[[Category:Patients (Ortho)]]\n[[Category:Firefighters]]"}]}}}}