{"batchcomplete": "", "warnings": {"main": {"*": "Subscribe to the mediawiki-api-announce mailing list at <https://lists.wikimedia.org/postorius/lists/mediawiki-api-announce.lists.wikimedia.org/> for notice of API deprecations and breaking changes."}, "revisions": {"*": "Because \"rvslots\" was not specified, a legacy format has been used for the output. This format is deprecated, and in the future the new format will always be used."}}, "query": {"pages": {"27381": {"pageid": 27381, "ns": 0, "title": "Brian Williams", "revisions": [{"contentformat": "text/x-wiki", "contentmodel": "wikitext", "*": "{{Patient Infobox\n|image = 10x14PatriciaBrianWilliams.png\n|name = Brian Williams\n|status = Alive\n|marital = [[Patricia Williams]] ''(wife)''\n|children = *[[Rory Williams]] \u2020\n*[[Ariel Williams]]\n|other family = Billy ''(unknown)''\n|only appearance = [[You've Got to Hide Your Love Away]]\n|seasons = '''[[Grey's Anatomy|GA]]:''' [[Season 10 (Grey's Anatomy)|10]]\n|portrayed by = [[Mark Atteberry]]\n}}\n'''Brian Williams''' is the father of [[Rory Williams]], a patient at [[Grey Sloan Memorial Hospital]].\n\n==History==\n===Cancer===\nHis wife's family has a history of repeated cancer, which manifested in his daughter, [[Rory Williams|Rory]].\n\n===Rory\u2019s Cancer===\nRory had brain cancer at age ten which was fully cured. However, when Rory was sixteen, she was diagnosed with osteosarcoma and was also discovered to have a tumor in her chest.\n\n===Li-Fraumeni===\nRory having three cancers by age sixteen and the family history of prominent cancer diagnoses prompted [[Miranda Bailey]] to look for a genetic reason. She discovered a mutation of the P53 gene and concluded that the family carried Li-Fraumeni Syndrome, which affects their bodies' ability to regulate cell growth.\n\n===Rory\u2019s Death===\nRory became unresponsive and wasn't breathing properly, so she was rushed into surgery. Despite the doctors' best efforts, Rory bled out into her chest and died. When the doctors came to tell the Williams family, they were distraught and it prompted Ariel to ask the doctors if she also had Li-Fraumeni, which she did.\n\n==Relationships==\n===Romantic===\n====[[Patricia Williams]]====\nBrian is married to Patricia Williams, with whom he has two daughters, [[Rory Williams|Rory]] and [[Ariel Williams|Ariel]].\n\n==Notes and Trivia==\n*Brian \"Smash\" Williams was the name of the character played by [[Gaius Charles]] ([[Shane Ross|Dr. Shane Ross]]) on Friday Night Lights, but that character was a football player.\n\n{{DEFAULTSORT:Williams, Brian}}\n[[Category:Characters]]\n[[Category:GA Characters]]\n[[Category:GA S10 Characters]]\n[[Category:Patients]]\n[[Category:Patients (Genetics)]]"}]}}}}