{"batchcomplete": "", "warnings": {"main": {"*": "Subscribe to the mediawiki-api-announce mailing list at <https://lists.wikimedia.org/postorius/lists/mediawiki-api-announce.lists.wikimedia.org/> for notice of API deprecations and breaking changes."}, "revisions": {"*": "Because \"rvslots\" was not specified, a legacy format has been used for the output. This format is deprecated, and in the future the new format will always be used."}}, "query": {"pages": {"31983": {"pageid": 31983, "ns": 0, "title": "Brian Turner", "revisions": [{"contentformat": "text/x-wiki", "contentmodel": "wikitext", "*": "{{Patient Infobox\n|image = 9x12BrianTurner.png\n|name = Brian Turner\n|status = Alive\n|diagnosis = Minor head injury\n|doctors = *[[April Kepner]]\n*[[Stephanie Edwards]]\n|only appearance = [[Walking on a Dream]]\n|seasons = '''[[Grey's Anatomy|GA]]:''' [[Season 9 (Grey's Anatomy)|9]]\n|portrayed by = [[Kirk Bovill]]\n}}\n'''Brian Turner''' is a patient who came into the ER at [[Seattle Grace Mercy West Hospital]].\n\n==History==\nWhile cleaning his gutters, Brian fell off the ladder and hit his head. He was taken to the ER at [[Seattle Grace Mercy West Hospital]]. He did not lose consciousness after his fall.\n\n==Notes and Trivia==\n*He was 55 at the time of his hospitalization.\n\n{{DEFAULTSORT:Turner, Brian}}\n[[Category:Characters]]\n[[Category:GA Characters]]\n[[Category:GA S9 Characters]]\n[[Category:Patients]]\n[[Category:Patients (ER)]]\n[[Category:Patients (Trauma)]]"}]}}}}