{"batchcomplete": "", "warnings": {"main": {"*": "Subscribe to the mediawiki-api-announce mailing list at <https://lists.wikimedia.org/postorius/lists/mediawiki-api-announce.lists.wikimedia.org/> for notice of API deprecations and breaking changes."}, "revisions": {"*": "Because \"rvslots\" was not specified, a legacy format has been used for the output. This format is deprecated, and in the future the new format will always be used."}}, "query": {"pages": {"59620": {"pageid": 59620, "ns": 0, "title": "Brian Young", "revisions": [{"contentformat": "text/x-wiki", "contentmodel": "wikitext", "*": "{{Patient Infobox\n|image = 13x16BrianYoung.png\n|name = Brian Young\n|status = Deceased\n|diagnosis = *Brain death\n*Throat lesion\n|doctors = *[[Steve Corridan]]\n*[[Jackson Avery]]\n*[[April Kepner]]\n|treatment = Organ harvest\n|parents = [[Eric Young]]\n|only appearance = [[Who Is He (And What Is He To You)?]]\n|seasons = '''[[Grey's Anatomy|GA]]:''' [[Season 13 (Grey's Anatomy)|13]]\n}}\n\n'''Brian Young''' is a patient who was in a skiing accident.\n\n==History==\nBrian was in a skiing accident and he was declared brain dead. His father had a hard time accepting that and believed Jackson and April were coming to save Brian's life. They went to Eric and told him Brian was gone and they wanted to talk to him about organ donation. He initially refused, but when Jackson talked about losing his own son and trying to find some meaning in it, Eric agreed to donate his organs. They wanted to retrieve his throat to transplant into [[Caroline Hodges]], but there was a lesion in his throat that made it ineligible for transplant.\n\n==Relationships==\n===Familial===\nHis father took him skiing on his tenth birthday, which he loved. He kept asking to do one more run.\n\n==Notes and Trivia==\n*He died on his tenth birthday.\n\n{{DEFAULTSORT:Young, Brian}}\n[[Category:Characters]]\n[[Category:GA Characters]]\n[[Category:GA S13 Characters]]\n[[Category:Deceased Characters]]\n[[Category:Patients]]\n[[Category:Patients (Peds)]]\n[[Category:Patients (Transplant)]]\n[[Category:Patients (Trauma)]]"}]}}}}