{"batchcomplete": "", "warnings": {"main": {"*": "Subscribe to the mediawiki-api-announce mailing list at <https://lists.wikimedia.org/postorius/lists/mediawiki-api-announce.lists.wikimedia.org/> for notice of API deprecations and breaking changes."}, "revisions": {"*": "Because \"rvslots\" was not specified, a legacy format has been used for the output. This format is deprecated, and in the future the new format will always be used."}}, "query": {"pages": {"23333": {"pageid": 23333, "ns": 0, "title": "Brian Reynolds", "revisions": [{"contentformat": "text/x-wiki", "contentmodel": "wikitext", "*": "{{Attending Infobox\n|image = PP306BrianReynolds.png\n|name= Brian Reynolds\n|status= Alive\n|title= M.D.\n|job = [[Attending]] [[Oncology|Oncologist]]\n|workplace= [[St. Ambrose Hospital]]\n|only appearance = [[Slip Slidin' Away]]\n|seasons = '''[[Private Practice|PP]]:''' [[Season 3 (Private Practice)|3]]\n|portrayed by = [[George Newbern]]\n}}\n'''Brian Reynolds''' is an [[Attending|attending]] [[Oncology|oncologist]] working at [[St. Ambrose Hospital]].\n\n==History==\nBrian started seeing [[Lillie Jordan]] when she was admitted to the hospital when her ovarian cancer got worse. She talked to him and decided to stop treatment, which he supported. He later went to see her with Addison, but when they arrived, she was dead.\n\n==Relationships==\n===Romantic===\nWhile they were on their way to visit Lillie, Brian asked Addison out for coffee. She agreed, but after Lillie died, she said she couldn't do it.\n\n==Career==\nDr. Brian Reynolds is an [[Attending|attending physician]] at [[St. Ambrose Hospital|St. Ambrose Hospital's]] [[Oncology|oncology department]].\n\nDr. Reynolds' most recent case was consulting on [[Addison Forbes Montgomery|Dr. Addison Montgomery's]] ovarian cancer patient when it spread to the liver. Dr. Reynolds became [[Lillie Jordan|the patient's]] new primary oncologist and agreed with the patient's choice to withhold chemotherapy.\n\n==Gallery==\n===Episode Stills===\n<gallery orientation=\"landscape\" position=\"center\" spacing=\"small\" bordersize=\"none\" hideaddbutton=\"true\">\nPP3x06-9.jpg\nPP3x06-14.jpg\n</gallery>\n\n{{DEFAULTSORT:Reynolds, Brian}}\n[[Category:Characters]]\n[[Category:PP Characters]]\n[[Category:PP S3 Characters]]\n[[Category:Doctors]]"}]}}}}