{"batchcomplete": "", "warnings": {"main": {"*": "Subscribe to the mediawiki-api-announce mailing list at <https://lists.wikimedia.org/postorius/lists/mediawiki-api-announce.lists.wikimedia.org/> for notice of API deprecations and breaking changes."}, "revisions": {"*": "Because \"rvslots\" was not specified, a legacy format has been used for the output. This format is deprecated, and in the future the new format will always be used."}}, "query": {"pages": {"76905": {"pageid": 76905, "ns": 0, "title": "Brian (A Diagnosis)", "revisions": [{"contentformat": "text/x-wiki", "contentmodel": "wikitext", "*": "{{Patient Infobox\n|image = 16x14Brian.png\n|name = Brian\n|status = Alive\n|parents = Parents\n|job = Teacher\n|only appearance = [[A Diagnosis]]\n|seasons = '''[[Grey's Anatomy|GA]]:''' [[Season 16 (Grey's Anatomy)|16]]\n|portrayed by = [[Rich Ceraulo Ko]]\n}}\n\n'''Brian''' is [[Rachel Burke|Rachel Burke's]] secret boyfriend.\n\n==History==\nBrian came to hospital when he learned that his girlfriend, Rachel Burke, was attacked by a bear. He sat by her bedside after she had surgery. He then explained to the doctors that while he knew Rachel was married, he couldn't help but fall in love with her himself. He didn't believe this made him a bad person. After Rachel's husband, Scott, died of his injuries, sustained while trying to protect Rachel from the bear, Rachel pushed Brian away, telling him to leave.\n\n==Relationships==\n===Romantic===\nHe was dating [[Rachel Burke]], whom he knows to be married. However, she seemingly ended things with him after her husband died.\n\n===Familial===\nHe says he takes care of his parents.\n\n==Career==\nHe is a teacher.\n\n==Notes and Trivia==\n*He plants trees on the weekends.\n\n{{DISPLAYTITLE:Brian}}\n[[Category:Characters]]\n[[Category:GA Characters]]\n[[Category:GA S16 Characters]]"}]}}}}