{"batchcomplete": "", "warnings": {"main": {"*": "Subscribe to the mediawiki-api-announce mailing list at <https://lists.wikimedia.org/postorius/lists/mediawiki-api-announce.lists.wikimedia.org/> for notice of API deprecations and breaking changes."}, "revisions": {"*": "Because \"rvslots\" was not specified, a legacy format has been used for the output. This format is deprecated, and in the future the new format will always be used."}}, "query": {"pages": {"49765": {"pageid": 49765, "ns": 0, "title": "Brian (In Which Addison Has a Very Casual Get Together)", "revisions": [{"contentformat": "text/x-wiki", "contentmodel": "wikitext", "*": "{{Patient Infobox\n|image = PP1x04-12.jpg\n|name = Brian\n|status = Alive\n|only appearance = [[In Which Addison Has a Very Casual Get Together]]\n|seasons = '''[[Private Practice|PP]]:''' [[Season 1 (Private Practice)|1]]\n|portrayed by = [[Dean Misch]]\n}}\n\n'''Brian''' is the best friend of [[Michael (In Which Addison Has a Very Casual Get Together)|Michael]], who had a crush on him.\n\n==History==\nBrian was shocked when his best friend, Michael, asked him out on a date. He responded by beating Michael up. When Michael went missing, Cooper came to Brian and asked if he knew where Michael was. When pressed, Brian mentioned a parking lot where they liked to skateboard together sometimes. Cooper used that information to find Michael.\n\n==Relationships==\n===Friendships===\nHe is friends with Michael. However, when Michael asked him out on a date, he responded by beating Michael up.\n\n==Gallery==\n===Episode Stills===\n<gallery orientation=\"landscape\" position=\"center\" spacing=\"small\" bordersize=\"none\" hideaddbutton=\"true\">\nPP1x04-8.jpg\nPP1x04-11.jpg\nPP1x04-12.jpg\nPP1x04-21.jpg\nPP1x04-23.jpg\n</gallery>\n\n{{DISPLAYTITLE:Brian}}\n[[Category:Characters]]\n[[Category:PP Characters]]\n[[Category:PP S1 Characters]]"}]}}}}