{"batchcomplete": "", "warnings": {"main": {"*": "Subscribe to the mediawiki-api-announce mailing list at <https://lists.wikimedia.org/postorius/lists/mediawiki-api-announce.lists.wikimedia.org/> for notice of API deprecations and breaking changes."}, "revisions": {"*": "Because \"rvslots\" was not specified, a legacy format has been used for the output. This format is deprecated, and in the future the new format will always be used."}}, "query": {"pages": {"35114": {"pageid": 35114, "ns": 0, "title": "Brian", "revisions": [{"contentformat": "text/x-wiki", "contentmodel": "wikitext", "*": "{{Patient Infobox\n|image = 11x02Brian.png\n|name = Brian\n|status = Alive\n|only appearance = [[Puzzle With a Piece Missing]]\n|seasons = '''[[Grey's Anatomy|GA]]:''' [[Season 11 (Grey's Anatomy)|11]]\n|portrayed by = [[Chad Buchanan]]\n}}\n'''Brian''' came into the ER with [[Tracey Mitchell]] after she had a stroke while they were having sex.\n\n==History==\nWhile he was having sex with Tracey, she had a stroke. He accompanied her to the ER and wondered if anything he had done had caused the stroke. After he was told that Tracey would be okay, he asked [[Maggie Pierce|Drs. Pierce]] and [[Amelia Shepherd|Shepherd]] if he should stick around, because he liked Tracey before she had the stroke. Pierce said she\u2019d think it\u2019s sweet, but Amelia said that she was the kind of girl who did what Tracey had done and advised him to leave. He then asked for her number and was told to leave.\n\n==Relationships==\n===Romantic===\nHe slept with [[Tracey Mitchell]], whom he had met at the gym. While they were having sex, she had a stroke. He was unsure if he should stick around after he heard she was going to be okay, because he liked her and wanted to ask her out on a date. After speaking with the doctors about it, he left.\n[[Category:Characters]]\n[[Category:GA Characters]]\n[[Category:GA S11 Characters]]"}]}}}}