{"batchcomplete": "", "warnings": {"main": {"*": "Subscribe to the mediawiki-api-announce mailing list at <https://lists.wikimedia.org/postorius/lists/mediawiki-api-announce.lists.wikimedia.org/> for notice of API deprecations and breaking changes."}, "revisions": {"*": "Because \"rvslots\" was not specified, a legacy format has been used for the output. This format is deprecated, and in the future the new format will always be used."}}, "query": {"pages": {"32018": {"pageid": 32018, "ns": 0, "title": "Brian Weston", "revisions": [{"contentformat": "text/x-wiki", "contentmodel": "wikitext", "*": "{{Patient Infobox\n|image = 9x14-5.jpg\n|name = Brian Weston\n|status = Alive\n|doctors = *[[Jackson Avery]]\n*[[Alex Karev]]\n|treatment = Bilateral mastectomy\n|parents = [[Mr. Weston]]\n|only appearance = [[The Face of Change]]\n|seasons = '''[[Grey's Anatomy|GA]]:''' [[Season 9 (Grey's Anatomy)|9]]\n|portrayed by = [[Rachel Brosnahan]]\n}}\n'''Brian Weston''' is a patient who was at [[Seattle Grace Mercy West Hospital]] to have his breasts removed as part of his sex reassignment.\n\n==History==\nWhen Brian was 14, he booked an appointment with [[Alex Karev]] to find out how old he had to be to start his sex reassignment. Alex referred him to a transgender support group, where he met [[Jess (The Face of Change)|Jess]].\n\nAt 18, Brian came back to the hospital after saving up for the last four years to have his breasts removed. Jess came to the hospital to support him. On the other hand, Mr. Weston was highly unsupportive and felt that Brian would change his mind.\n\nThe surgery went well. Jess talked to Mr. Weston afterward and admitted that she had sent the e-mail informing him about the surgery because she believed he should know. He offered her all the money he had on him to help out with their rent, but left without speaking to Brian.\n\n==Relationships==\n===Romantic===\nBrian is dating Jess, whom he met at a transgender support group. Jess was supportive of Brian's decision to have surgery and stayed at the hospital with him.\n\n===Familial===\nBrian's father was not supportive of his decision to have surgery and believed that Brian would change his mind. While speaking to Jess, Mr. Weston repeatedly misgendered his son.\n\n==Notes and Trivia==\n*He was 18 at the time of his hospitalization.\n*He is a freshman at the University of Washington.\n\n==Gallery==\n===Episode Stills===\n<gallery orientation=\"landscape\" position=\"center\" spacing=\"small\" bordersize=\"none\" hideaddbutton=\"true\">\n9x14-1.jpg\n9x14-5.jpg\n9x14-6.jpg\n9x14-16.jpg\n9x14-19.jpg\n9x14-21.jpg\n9x14-28.jpg\n</gallery>\n\n{{DEFAULTSORT:Weston, Brian}}\n[[Category:Characters]]\n[[Category:GA Characters]]\n[[Category:GA S9 Characters]]\n[[Category:Patients]]\n[[Category:Patients (Plastics)]]"}]}}}}