{"batchcomplete": "", "warnings": {"main": {"*": "Subscribe to the mediawiki-api-announce mailing list at <https://lists.wikimedia.org/postorius/lists/mediawiki-api-announce.lists.wikimedia.org/> for notice of API deprecations and breaking changes."}, "revisions": {"*": "Because \"rvslots\" was not specified, a legacy format has been used for the output. This format is deprecated, and in the future the new format will always be used."}}, "query": {"pages": {"49003": {"pageid": 49003, "ns": 0, "title": "Brian Wilson", "revisions": [{"contentformat": "text/x-wiki", "contentmodel": "wikitext", "*": "{{Patient Infobox\n|image = 6x13BrianWilson.png\n|name = Brian Wilson\n|status = Alive\n|marital = [[Leslie Wilson]] ''(wife)''\n|only appearance = [[State of Love and Trust]]\n|seasons = '''[[Grey's Anatomy|GA]]:''' [[Season 6 (Grey's Anatomy)|6]]\n|portrayed by = [[Corey Mendell Parker]]\n}}\n'''Brian Wilson''' is the husband of [[Leslie Wilson]].\n\n==History==\nBrian came to the hospital when his wife, Leslie, had surgery to remove a tumor from her abdominal wall. When Leslie woke up during the surgery and needed another one, he told her that she didn't have to do anything she didn't want to do, including having another surgery at [[Seattle Grace Mercy West Hospital]].\n\n==Relationships==\n===Romantic===\nHe is married to [[Leslie Wilson]].\n\n{{DEFAULTSORT:Wilson, Brian}}\n[[Category:Characters]]\n[[Category:GA Characters]]\n[[Category:GA S6 Characters]]"}]}}}}