{"batchcomplete": "", "warnings": {"main": {"*": "Subscribe to the mediawiki-api-announce mailing list at <https://lists.wikimedia.org/postorius/lists/mediawiki-api-announce.lists.wikimedia.org/> for notice of API deprecations and breaking changes."}, "revisions": {"*": "Because \"rvslots\" was not specified, a legacy format has been used for the output. This format is deprecated, and in the future the new format will always be used."}}, "query": {"pages": {"70656": {"pageid": 70656, "ns": 0, "title": "Brian (Lost and Found)", "revisions": [{"contentformat": "text/x-wiki", "contentmodel": "wikitext", "*": "{{Rescuee Infobox\n|image = S192x04Brian.png\n|name = Brian\n|status = Alive\n|only appearance = [[Lost and Found]]\n|seasons = '''[[Station 19|S19]]:''' [[Season 2 (Station 19)|2]]\n|portrayed by = [[Stuart Allan]]\n}}\n\n'''Brian''' is a kid who was stuck in a building after it caught fire.\n\n==History==\nBrian was asleep when the building he was squatting in caught on fire. By the time he was awakened, the building was engulfed in flames and he was having trouble breathing. He was trapped in the building along with the rest of a group of kids who were all sleeping there. He was found by the firefighters, but remained trapped when the sprinklers were turned on, but contained an accelerant instead of water. When access to water finally came through, Brian was rescued along with the others and was then treated for smoke inhalation.\n\n==Relationships==\n===Friendships===\nBrian, [[Tori (Lost and Found)|Tori]], [[Sean (Lost and Found)|Sean]], and [[Zoe]] became close as they all squatted in a building together while experiencing homelessness. Zoe was upset to know that the police would separate them after the fire.\n\n{{DISPLAYTITLE:Brian}}\n[[Category:Characters]]\n[[Category:S19 Characters]]\n[[Category:S19 S2 Characters]]\n[[Category:S19 Rescuees]]"}]}}}}