{"batchcomplete": "", "warnings": {"main": {"*": "Subscribe to the mediawiki-api-announce mailing list at <https://lists.wikimedia.org/postorius/lists/mediawiki-api-announce.lists.wikimedia.org/> for notice of API deprecations and breaking changes."}, "revisions": {"*": "Because \"rvslots\" was not specified, a legacy format has been used for the output. This format is deprecated, and in the future the new format will always be used."}}, "query": {"pages": {"48485": {"pageid": 48485, "ns": 0, "title": "Brian (Physical Attraction... Chemical Reaction)", "revisions": [{"contentformat": "text/x-wiki", "contentmodel": "wikitext", "*": "{{Patient Infobox\n|image = 407Brian.png\n|name = Brian\n|status = Alive\n|diagnosis = *Swallowed foreign object\n*Bowel perforation\n|doctors = *[[Miranda Bailey]]\n*[[George O'Malley]]\n|treatment = Surgery\n|parents = *[[Jane]]\n*[[Don (Physical Attraction... Chemical Reaction)|Don]]\n|grandparents = Grandmother \u2020\n|only appearance = [[Physical Attraction... Chemical Reaction]]\n|seasons = '''[[Grey's Anatomy|GA]]:''' [[Season 4 (Grey's Anatomy)|4]]\n|portrayed by = [[Braeden Lemasters]]\n}}\n\n'''Brian''' is a kid who came into the hospital after swallowing a marble.\n\n==History==\nBrian's parents brought him into the clinic after he swallowed a marble. [[George O'Malley]] examined him and said they'd just have to wait for it to pass. Having been told that he could get whatever he wanted after going to the hospital, Brian asked his parents to get a divorce. They fought all the time and put him in the middle. They dismissed his request. The marble passed that night.\n\nThe next day, the brought him in with severe abdominal pain. He said he'd swallowed eight more marbles, but when he spit some up, George saw that he'd actually swallowed eight magnets. One of the magnets had perforated his bowel and the magnets were still moving inside him. They rushed him into surgery and removed the magnets and repaired the damage they had caused. After his surgery, his mother was told he'd be okay.\n\n==Relationships==\n===Familial===\nHis parents fought all the time and put him in the middle. Because of this, he wanted them to get a divorce and made himself sick so they'd take him seriously.\n\n==Notes and Trivia==\n*He was 8 at the time of his hospitalization.\n*He was a colicky baby.\n\n{{DISPLAYTITLE:Brian}}\n[[Category:Characters]]\n[[Category:GA Characters]]\n[[Category:GA S4 Characters]]\n[[Category:Patients]]\n[[Category:Patients (General)]]\n[[Category:Patients (Peds)]]\n[[Category:Patients (Clinic)]]"}]}}}}