{"batchcomplete": "", "warnings": {"main": {"*": "Subscribe to the mediawiki-api-announce mailing list at <https://lists.wikimedia.org/postorius/lists/mediawiki-api-announce.lists.wikimedia.org/> for notice of API deprecations and breaking changes."}, "revisions": {"*": "Because \"rvslots\" was not specified, a legacy format has been used for the output. This format is deprecated, and in the future the new format will always be used."}}, "query": {"pages": {"52243": {"pageid": 52243, "ns": 0, "title": "Bridget", "revisions": [{"contentformat": "text/x-wiki", "contentmodel": "wikitext", "*": "{{Other Characters Infobox\n|image = PP5x12-8.jpg\n|name = Bridget\n|status = Alive\n|only appearance = [[Losing Battles]]\n|seasons = '''[[Private Practice|PP]]:''' [[Season 5 (Private Practice)|5]]\n|portrayed by = [[Shelli Boone]]\n}}\n\n'''Bridget''' is a woman Sam met at the gym.\n\n==History==\nWhen Sam and Sheldon went to the gym to try to pick up women, Bridget approached Sam. Sam thought she was interested in him and introduced himself, but she just asked if he was done with the bike he was on because there was a time limit on cardio equipment.\n\n==Gallery==\n===Episode Stills===\n<gallery orientation=\"landscape\" position=\"center\" spacing=\"small\" bordersize=\"none\" hideaddbutton=\"true\">\nPP5x12-7.jpg\nPP5x12-8.jpg\nPP5x12-14.jpg\n</gallery>\n[[Category:Characters]]\n[[Category:PP Characters]]\n[[Category:PP S5 Characters]]"}]}}}}