{"batchcomplete": "", "warnings": {"main": {"*": "Subscribe to the mediawiki-api-announce mailing list at <https://lists.wikimedia.org/postorius/lists/mediawiki-api-announce.lists.wikimedia.org/> for notice of API deprecations and breaking changes."}, "revisions": {"*": "Because \"rvslots\" was not specified, a legacy format has been used for the output. This format is deprecated, and in the future the new format will always be used."}}, "query": {"pages": {"31984": {"pageid": 31984, "ns": 0, "title": "Brie", "revisions": [{"contentformat": "text/x-wiki", "contentmodel": "wikitext", "*": "{{Patient Infobox\n|image = 9x12Brie.png\n|name = Brie\n|status = Alive\n|diagnosis = Liver failure\n|doctors = *[[Meredith Grey]]\n*[[Miranda Bailey]]\n*[[Shane Ross]]\n|treatment = Liver transplant\n|marital = [[Heidi]] ''(wife)''\n|children = Child\n|other family = Sister-in-law\n|only appearance = [[Walking on a Dream]]\n|seasons = '''[[Grey's Anatomy|GA]]:''' [[Season 9 (Grey's Anatomy)|9]]\n|portrayed by = [[Elizabeth Anweis]]\n}}\n'''Brie''' is a patient at [[Seattle Grace Mercy West Hospital]] who went into liver failure while she was pregnant.\n\n==History==\nBrie, who was pregnant, came into the hospital with severe abdominal pain. Meredith determined that she was definitely not in labor and the baby was stable. Labs revealed that she was in liver failure. Heidi, her wife, was advised that without a transplant, Brie's liver might not last 72 hours. She was immediately put on the transplant list.\n\nA liver became available and [[Meredith Grey]] and [[Shane Ross]] went to retrieve it. While retrieving it, Shane accidentally cut the hepatic artery and the hilum, rendering it useless for transplant. Brie was returned to the transplant list and Heidi was advised that if things got worse, they might have to perform a C-section to deliver the baby.\n\nA second liver became available, but a mass was discovered. They had it biopsied and it was thankfully benign, so the transplant went on as planned following the c-section delivery of the baby.\n\n==Relationships==\n===Romantic===\nShe is married to [[Heidi]]. They have one child.\n\n===Familial===\nWhile she was waiting for her liver transplant, her first child was delivered via c-section.\n\n==Notes and Trivia==\n*According to [[Heidi]], Brie is the quiet one.\n[[Category:Characters]]\n[[Category:GA Characters]]\n[[Category:GA S9 Characters]]\n[[Category:Patients]]\n[[Category:Patients (General)]]\n[[Category:Patients (Transplant)]]"}]}}}}