{"batchcomplete": "", "warnings": {"main": {"*": "Subscribe to the mediawiki-api-announce mailing list at <https://lists.wikimedia.org/postorius/lists/mediawiki-api-announce.lists.wikimedia.org/> for notice of API deprecations and breaking changes."}, "revisions": {"*": "Because \"rvslots\" was not specified, a legacy format has been used for the output. This format is deprecated, and in the future the new format will always be used."}}, "query": {"pages": {"70480": {"pageid": 70480, "ns": 0, "title": "Brit Logue", "revisions": [{"contentformat": "text/x-wiki", "contentmodel": "wikitext", "*": "{{Police Officer Infobox\n|image = S192x02BritLogue.png\n|name = Brit Logue\n|title = Sergeant\n|status = Alive\n|job = Police Officer\n|workplace = Seattle Metropolitan Police Department\n|only appearance = [[Under the Surface]]\n|seasons = '''[[Station 19|S19]]:''' [[Season 2 (Station 19)|2]]\n|portrayed by = [[Stefanie Black]]\n}}\n'''Brit Logue''' is a police officer who led the search for [[Max Forrester]].\n\n==History==\nWhen [[Max Forrester]] disappeared from [[Grey Sloan Memorial Hospital]], Brit gave assignments to her officers to search within a four-block radius of the hospital for Max. She was riding with [[Ryan Tanner]] when they spotted Max on the side of road. They called out to him, but he ran from them and fell into a manhole.\n\n==Career==\nShe is a sergeant with the Seattle Metropolitan Police Department.\n\n==Episode Stills==\n<gallery orientation=\"landscape\" position=\"center\" spacing=\"small\" bordersize=\"none\" hideaddbutton=\"true\">\nS192x02-5.jpg\nS192x02-9.jpg\nS192x02-14.jpg\nS192x02-15.jpg\n</gallery>\n\n{{DEFAULTSORT:Logue, Brit}}\n[[Category:Characters]]\n[[Category:S19 Characters]]\n[[Category:S19 S2 Characters]]\n[[Category:Police Officers]]"}]}}}}