{"batchcomplete": "", "warnings": {"main": {"*": "Subscribe to the mediawiki-api-announce mailing list at <https://lists.wikimedia.org/postorius/lists/mediawiki-api-announce.lists.wikimedia.org/> for notice of API deprecations and breaking changes."}, "revisions": {"*": "Because \"rvslots\" was not specified, a legacy format has been used for the output. This format is deprecated, and in the future the new format will always be used."}}, "query": {"pages": {"31997": {"pageid": 31997, "ns": 0, "title": "Brock", "revisions": [{"contentformat": "text/x-wiki", "contentmodel": "wikitext", "*": "{{Patient Infobox\n|image = 9x13Brock.png\n|name = Brock\n|status = Alive\n|workplace = Skate Shop\n|only appearance = [[Bad Blood]]\n|seasons = '''[[Grey's Anatomy|GA]]:''' [[Season 9 (Grey's Anatomy)|9]]\n|portrayed by = [[Michael James Olsen]]\n}}\n'''Brock''' is the friend of [[Rich Campion]] who came into the ER at [[Seattle Grace Mercy West Hospital]] after he was hit by a car while skateboarding.\n\n==History==\nWhile slaloming hills on their skateboards, Brock's friend, Rich, was hit by a car. He was brought into the ER with suspected cardiac trauma. Cristina ordered blood to be transfused, but before it could be transfused, a medic alert bracelet was located stating that he was a Jehovah's Witness and could not receive blood transfusions.\n\nHe was taken into the OR where they planned a bloodless surgery to repair his aortic transection. Before she made the first cut, Cristina determined that if she cut into him, he'd lose too much blood, so they instead planned to go in percutanously.\n\nHe survived the procedure, but was not doing well. Due to his friend, Brock's, doubt that he was really a Jehovah's Witness, they appealed to the parents to allow the doctors to give Rich blood. However, they stood by the decision not to allow any blood transfusions.\n\nDespite this order, [[Leah Murphy]] tried to give him a blood transfusion. However, she was caught by [[Bob Richardson]] who was watching through his camera.\n\nWhen Rich later crashed, Cristina tried resuscitating him for over 20 minutes. However, there was not enough blood circulating and he was pronounced dead at 6:42.\n\n==Relationships==\n===Friendships===\nHe was good friends with [[Rich Campion]] until his death. They worked the same shift at a skate shop and hung out just about every day. Brock was with Rich when he was hit by a car.\n\n==Career==\nHe works at a skate shop. His friend, Rich, also worked there until his death.\n[[Category:Characters]]\n[[Category:GA Characters]]\n[[Category:GA S9 Characters]]"}]}}}}