{"batchcomplete": "", "warnings": {"main": {"*": "Subscribe to the mediawiki-api-announce mailing list at <https://lists.wikimedia.org/postorius/lists/mediawiki-api-announce.lists.wikimedia.org/> for notice of API deprecations and breaking changes."}, "revisions": {"*": "Because \"rvslots\" was not specified, a legacy format has been used for the output. This format is deprecated, and in the future the new format will always be used."}}, "query": {"pages": {"31524": {"pageid": 31524, "ns": 0, "title": "Bryan Greenberg", "revisions": [{"contentformat": "text/x-wiki", "contentmodel": "wikitext", "*": "{{Patient Infobox\n|image = 9x04BryanGreenberg.png\n|name = Bryan Greenberg\n|status = Alive\n|diagnosis = Scrotal lymphedema\n|doctors = *[[Catherine Fox|Catherine Avery]]\n*[[Richard Webber]]\n*[[April Kepner]]\n*[[Jackson Avery]]\n*[[Miranda Bailey]]\n|treatment = *Surgery\n*Skin flap\n|only appearance = [[I Saw Her Standing There]]\n|seasons = '''[[Grey's Anatomy|GA]]:''' [[Season 9 (Grey's Anatomy)|9]]\n|portrayed by = [[Trever O'Brien]]\n}}\n'''Bryan Greenberg''' came into the hospital with scrotal lymphedema, which had caused his scrotum to swell to several times its normal size.\n\n==History==\n===Scrotal Lymphedema===\nBryan came into [[Seattle Grace Mercy West Hospital]] with an enlarged scrotum. When asked why he had let it get so bad, his best friend, Paula, said he was using it to avoid their 10-year high school reunion. He had previously taken pills for it, but they never worked. They were able to fix the problem in surgery, leaving him with a much smaller scrotum.\n\n==Relationships==\n===Romantic===\nIn high school, Bryan liked a classmate named Amy Miller. Because of her, he was avoiding his high school reunion.\n\n===Friendships===\nHe was best friends with [[Paula (I Saw Her Standing There)|Paula]]. However, after his surgery, he confessed to [[Richard Webber|Richard]] and [[Catherine Fox|Catherine]] that he liked her as more than a friend. When Paula came back into the room, he asked the doctors to excuse them and once they were out of the room, he told Paula he likes her and they embraced.\n\n==Notes and Trivia==\n*In high school, he was in the rocketry club.\n\n{{DEFAULTSORT:Greenberg, Bryan}}\n[[Category:Characters]]\n[[Category:GA Characters]]\n[[Category:GA S9 Characters]]\n[[Category:Patients]]\n[[Category:Patients (Urology)]]\n[[Category:Patients (Plastics)]]\n[[Category:Patients (General)]]"}]}}}}