{"batchcomplete": "", "warnings": {"main": {"*": "Subscribe to the mediawiki-api-announce mailing list at <https://lists.wikimedia.org/postorius/lists/mediawiki-api-announce.lists.wikimedia.org/> for notice of API deprecations and breaking changes."}, "revisions": {"*": "Because \"rvslots\" was not specified, a legacy format has been used for the output. This format is deprecated, and in the future the new format will always be used."}}, "query": {"pages": {"60352": {"pageid": 60352, "ns": 0, "title": "Bryan", "revisions": [{"contentformat": "text/x-wiki", "contentmodel": "wikitext", "*": "{{Patient Infobox\n|image = 13x20Bryan.png\n|name = Bryan\n|status = Alive\n|marital = [[Marisela]] ''(wife)''\n|children = [[Diego (In the Air Tonight)|Diego]]\n|only appearance = [[In the Air Tonight]]\n|seasons = '''[[Grey's Anatomy|GA]]:''' [[Season 13 (Grey's Anatomy)|13]]\n|portrayed by = [[Luca Malacrino]]\n}}\n\n'''Bryan''' is the father of [[Diego (In the Air Tonight)|Diego]].\n\n==History==\nBryan and his wife, [[Marisela]], were on their first family trip with their son, Diego, a last-minute decision. Because of this, they hadn't been able to get seats together. After talking to Marisela, Meredith, who was in a row with Marisela and Diego, offered to trade seats with Bryan so the family could sit together. They gratefully accepted.\n\nShortly after take-off, the plane hit severe turbulence, causing luggage to fall from the overhead compartment. Bryan and Marisela tried to block it, but it hit Diego, cutting his forehead. After the turbulence settled, the three doctors on board went around checking on the passengers who had been injured. [[Harrison Peters]] bandaged Diego's forehead and Meredith told him he might need a few stitches in it.\n\n==Relationships==\n===Romantic===\nHe is married to [[Marisela]].\n\n==Gallery==\n===Episode Stills===\n<gallery orientation=\"landscape\" position=\"center\" spacing=\"small\" bordersize=\"none\" hideaddbutton=\"true\">\n13x20-11.jpg\n13x20-13.jpg\n13x20-14.jpg\n</gallery>\n\n[[Category:Characters]]\n[[Category:GA Characters]]\n[[Category:GA S13 Characters]]"}]}}}}