{"batchcomplete": "", "warnings": {"main": {"*": "Subscribe to the mediawiki-api-announce mailing list at <https://lists.wikimedia.org/postorius/lists/mediawiki-api-announce.lists.wikimedia.org/> for notice of API deprecations and breaking changes."}, "revisions": {"*": "Because \"rvslots\" was not specified, a legacy format has been used for the output. This format is deprecated, and in the future the new format will always be used."}}, "query": {"pages": {"61891": {"pageid": 61891, "ns": 0, "title": "Bryce Johnson", "revisions": [{"contentformat": "text/x-wiki", "contentmodel": "wikitext", "*": "{{Patient Infobox\n|image = 1x02BryceJohnson.png\n|name = Bryce Johnson\n|born = May 15; [[Seattle]], Washington\n|status = Alive\n|diagnosis = Tetralogy of fallot with pulmonary atresia\n|doctors = *[[Preston Burke]]\n*[[Meredith Grey]]\n*[[Paul Kay]]\n*[[Elizabeth Chen]]\n|treatment = Transventricular repair with a right ventriculotomy\n|parents = *[[Mr. Johnson]]\n*[[Ms. Johnson]]\n|only appearance = [[The First Cut Is the Deepest]]\n|seasons = '''[[Grey's Anatomy|GA]]:''' [[Season 1 (Grey's Anatomy)|1]]\n}}\n\n'''Bryce Johnson''' is a baby who was born with a heart defect.\n\n==History==\nBryce was in the hospital nursery when Meredith saw him turn blue briefly. She went to [[Elizabeth Chen]] with her concern, but was dismissed. Later, Meredith talk to Bryce's parents, who worried immediately that something was seriously wrong. They demanded that their child be treated if he was sick. Burke backed Meredith up and ordered tests which showed tetralogy of fallot with pulmonary atresia. Bryce was taken into surgery to repair the defect.\n\n==Notes and Trivia==\n*He weighed 7 lbs., 2 oz. at birth.\n\n{{DEFAULTSORT:Johnson, Bryce}}\n[[Category:Characters]]\n[[Category:GA Characters]]\n[[Category:GA S1 Characters]]\n[[Category:Patients]]\n[[Category:Patients (Cardio)]]\n[[Category:Patients (Peds)]]"}]}}}}