{"batchcomplete": "", "warnings": {"main": {"*": "Subscribe to the mediawiki-api-announce mailing list at <https://lists.wikimedia.org/postorius/lists/mediawiki-api-announce.lists.wikimedia.org/> for notice of API deprecations and breaking changes."}, "revisions": {"*": "Because \"rvslots\" was not specified, a legacy format has been used for the output. This format is deprecated, and in the future the new format will always be used."}}, "query": {"pages": {"50139": {"pageid": 50139, "ns": 0, "title": "Bryce", "revisions": [{"contentformat": "text/x-wiki", "contentmodel": "wikitext", "*": "{{Other Characters Infobox\n|image = PP219Bryce.png\n|name = Bryce\n|status = Alive\n|only appearance = [[What Women Want]]\n|seasons = '''[[Private Practice|PP]]:''' [[Season 2 (Private Practice)|2]]\n|portrayed by = [[Roger Bridges]]\n}}\n'''Bryce''' is one of the men who played basketball against Sam, Pete, and Cooper.\n\n==History==\nBryce was playing basketball against Sam, Pete, and Cooper while Naomi watched. She thought he was cute, so she asked Sam to call him and give Bryce her number. Sam agreed to call, but didn't because he was jealous. Sam finally did make the call and Bryce and Naomi set up a dinner date.\n\n==Relationships==\n===Romantic===\nHe and [[Naomi Bennett]] had a mutual attraction.\n[[Category:Characters]]\n[[Category:PP Characters]]\n[[Category:PP S2 Characters]]"}]}}}}