{"batchcomplete": "", "warnings": {"main": {"*": "Subscribe to the mediawiki-api-announce mailing list at <https://lists.wikimedia.org/postorius/lists/mediawiki-api-announce.lists.wikimedia.org/> for notice of API deprecations and breaking changes."}, "revisions": {"*": "Because \"rvslots\" was not specified, a legacy format has been used for the output. This format is deprecated, and in the future the new format will always be used."}}, "query": {"pages": {"63665": {"pageid": 63665, "ns": 0, "title": "Buck (Grey's Anatomy)", "revisions": [{"contentformat": "text/x-wiki", "contentmodel": "wikitext", "*": "{{Other Characters Infobox\n|image = 14x02Buck.png\n|name = Buck\n|status = Alive\n|job = [[Clerkship|Sub-intern]]\n|workplace = [[Grey Sloan Memorial Hospital]]\n|first appearance = [[Break Down the House]]\n|last appearance = [[Get Off on the Pain]]\n|count = 2\n|seasons = '''[[Grey's Anatomy|GA]]:''' [[Season 14 (Grey's Anatomy)|14]]\n|portrayed by = [[Steven Michael Eich]]\n}}\n\n'''Buck''' is a fourth-year medical student who did a [[Clerkship|rotation]] at [[Grey Sloan Memorial Hospital]].\n\n==History==\nBuck came to the hospital to work as a [[Clerkship|sub-intern]]. On his first day, while he was on a tour, he saw April do a thoracotomy in the ER and fainted at the sight. ''(\"[[Break Down the House]]\")''\n\nAfter the sub-interns were challenged to find Megan Hunt a suitable abdominal wall donor, Buck suggested a woman who had died of a shotgun wound to the abdomen, making her ineligible. ''(\"[[Get Off on the Pain]]\")''\n\n==Career==\nBuck is a fourth-year medical student doing a six-week rotation as a [[Clerkship|sub-intern]] at Grey Sloan Memorial.\n\n==Notes and Trivia==\n*Buck is in the top 10% of his medical school program.\n\n==Gallery==\n===Episodic===\n<gallery type=\"slideshow\" position=\"center\" hideaddbutton=\"true\" crop=\"true\">\n14x01Buck.png|[[Break Down the House]]\n14x02Buck.png|[[Get Off on the Pain]]\n</gallery>\n\n===Episode Stills===\n<gallery orientation=\"landscape\" position=\"center\" spacing=\"small\" bordersize=\"none\" hideaddbutton=\"true\">\n14x01-1.jpg\n</gallery>\n\n==Appearances==\n{{Buck Appearances}}\n\n{{DISPLAYTITLE:Buck}}\n[[Category:Characters]]\n[[Category:GA Characters]]\n[[Category:GA S14 Characters]]\n[[Category:Medical Students]]"}]}}}}