{"batchcomplete": "", "warnings": {"main": {"*": "Subscribe to the mediawiki-api-announce mailing list at <https://lists.wikimedia.org/postorius/lists/mediawiki-api-announce.lists.wikimedia.org/> for notice of API deprecations and breaking changes."}, "revisions": {"*": "Because \"rvslots\" was not specified, a legacy format has been used for the output. This format is deprecated, and in the future the new format will always be used."}}, "query": {"pages": {"50287": {"pageid": 50287, "ns": 0, "title": "Buck", "revisions": [{"contentformat": "text/x-wiki", "contentmodel": "wikitext", "*": "{{Patient Infobox\n|image = PP307Buck.png\n|name = Buck\n|status = Alive\n|only appearance = [[The Hard Part]]\n|seasons = '''[[Private Practice|PP]]:''' [[Season 3 (Private Practice)|3]]\n|portrayed by = [[Roberto Santos]]\n}}'''Buck''' is a friend of [[Brendon]].\n\n==History==\nBuck came to the practice with his friend Brendon, who had priapism. When he saw Charlotte, he tried to pretend he was the patient to get her attention. However, he stepped back when she described what she'd be doing to the penis of the patient.\n\n==Relationships==\n===Friendships===\nHe, [[Dan]], and [[Brendon]] are friends. Buck and Dan were Brendon's groomsmen.\n[[Category:Characters]]\n[[Category:PP Characters]]\n[[Category:PP S3 Characters]]"}]}}}}