{"batchcomplete": "", "warnings": {"main": {"*": "Subscribe to the mediawiki-api-announce mailing list at <https://lists.wikimedia.org/postorius/lists/mediawiki-api-announce.lists.wikimedia.org/> for notice of API deprecations and breaking changes."}, "revisions": {"*": "Because \"rvslots\" was not specified, a legacy format has been used for the output. This format is deprecated, and in the future the new format will always be used."}}, "query": {"pages": {"24681": {"pageid": 24681, "ns": 0, "title": "C.J.", "revisions": [{"contentformat": "text/x-wiki", "contentmodel": "wikitext", "*": "{{Patient Infobox\n|image = 10x08CJ.png\n|name = C.J.\n|status = Alive\n|diagnosis = Fainting\n|doctors = *[[April Kepner]]\n*[[Richard Webber]]\n|treatment = *Cardiopulmonary resuscitation\n*Epinephrine\n*Amiodarone\n|only appearance = [[Two Against One]]\n|seasons = '''[[Grey's Anatomy|GA]]:''' [[Season 10 (Grey's Anatomy)|10]]\n|portrayed by = [[Lainie Kazan]]\n}}\n'''C.J.''' is a patient at [[Grey Sloan Memorial Hospital]].\n\n==History==\n===Hospitalization===\nC.J. was in the room next door to [[Richard Webber]]. She frequently teased him, even yelling through the walls, making fun of his stories.\n\nC.J. walked back and forth outside Richard\u2019s hospital room, telling him a story which was actually just a recipe, but she said it got him to shut up and it\u2019s useful. While she was talking, she fainted out in the hallway. Richard got up out of his bed and went to her aid, performing CPR and calling for additional help.\n\n==Notes and Trivia==\n*She has a famous meatball recipe.\n[[Category:Characters]]\n[[Category:GA Characters]]\n[[Category:GA S10 Characters]]\n[[Category:Patients]]"}]}}}}