{"batchcomplete": "", "warnings": {"main": {"*": "Subscribe to the mediawiki-api-announce mailing list at <https://lists.wikimedia.org/postorius/lists/mediawiki-api-announce.lists.wikimedia.org/> for notice of API deprecations and breaking changes."}, "revisions": {"*": "Because \"rvslots\" was not specified, a legacy format has been used for the output. This format is deprecated, and in the future the new format will always be used."}}, "query": {"pages": {"77930": {"pageid": 77930, "ns": 0, "title": "Caitlin Freeman", "revisions": [{"contentformat": "text/x-wiki", "contentmodel": "wikitext", "*": "{{Patient Infobox\n|image = 16x18CaitlinFreeman.png\n|name = Caitlin Freeman\n|status = Alive\n|parents = [[Shara Freeman]]\n|only appearance = [[Give a Little Bit]]\n|seasons = '''[[Grey's Anatomy|GA]]:''' [[Season 16 (Grey's Anatomy)|16]]\n|portrayed by = [[Gail Bean]]\n}}\n\n'''Caitlin Freeman''' is the daughter of [[Shara Freeman]].\n\n==History==\nCaitlin came to the hospital with her mother, Shara, who had a history of abdominal wall sarcoma, which left her with painful scar tissue. After Shara's surgery was delayed, Caitlin became upset with Meredith. Meredith tried to reassure her. When it was delayed a second time, Meredith announced that they had permission to extend the day until everyone had gotten their surgery and they'd be doing more days, one per month.\n\n==Relationships==\n===Familial===\nShe was a strong advocate for her mother getting the surgery she needed to relieve her pain.\n\n==Gallery==\n===Episode Stills===\n<gallery orientation=\"landscape\" position=\"center\" spacing=\"small\" bordersize=\"none\" hideaddbutton=\"true\">\n16x18-1.jpg\n16x18-2.jpg\n16x18-3.jpg\n</gallery>\n\n{{DEFAULTSORT:Freeman, Caitlin}}\n[[Category:Characters]]\n[[Category:GA Characters]]\n[[Category:GA S16 Characters]]"}]}}}}