{"batchcomplete": "", "warnings": {"main": {"*": "Subscribe to the mediawiki-api-announce mailing list at <https://lists.wikimedia.org/postorius/lists/mediawiki-api-announce.lists.wikimedia.org/> for notice of API deprecations and breaking changes."}, "revisions": {"*": "Because \"rvslots\" was not specified, a legacy format has been used for the output. This format is deprecated, and in the future the new format will always be used."}}, "query": {"pages": {"68557": {"pageid": 68557, "ns": 0, "title": "Caitlin", "revisions": [{"contentformat": "text/x-wiki", "contentmodel": "wikitext", "*": "{{Rescuee Infobox\n|image = S191x07Caitlin.png\n|name = Caitlin\n|status = Alive\n|job = Waitress\n|workplace = Flanner's\n|only appearance = [[Let It Burn]]\n|seasons = '''[[Station 19|S19]]:''' [[Season 1 (Station 19)|1]]\n|portrayed by = [[Wyndoline Landry]]\n}}\n\n'''Caitlin''' is a waitress at Flanner's who was present when it burned down.\n\n==History==\nCaitlin helped [[Chris (Let It Burn)|Chris]] with his sixth birthday presentation of the day, but was unaware that the match he used and then threw away reignited in the trash and caused a large fire which ultimately burned the whole building down.\n\n==Career==\nShe was a waitress at Flanner's until it burned down.\n\n==Notes and Trivia==\n*She's named after a friend of [[Barbara Friend|Barbara Kaye Friend]] who once almost burned their apartment down.\n[[Category:Characters]]\n[[Category:S19 Characters]]\n[[Category:S19 S1 Characters]]\n[[Category:S19 Rescuees]]"}]}}}}