{"batchcomplete": "", "warnings": {"main": {"*": "Subscribe to the mediawiki-api-announce mailing list at <https://lists.wikimedia.org/postorius/lists/mediawiki-api-announce.lists.wikimedia.org/> for notice of API deprecations and breaking changes."}, "revisions": {"*": "Because \"rvslots\" was not specified, a legacy format has been used for the output. This format is deprecated, and in the future the new format will always be used."}}, "query": {"pages": {"51508": {"pageid": 51508, "ns": 0, "title": "Caleb", "revisions": [{"contentformat": "text/x-wiki", "contentmodel": "wikitext", "*": "{{Attending Infobox\n|image = PP5x02Caleb.png\n|name = Caleb\n|status = Alive\n|title = M.D.\n|job = [[Attending]] Endocrinologist\n|only appearance = [[Breaking the Rules]]\n|seasons = '''[[Private Practice|PP]]:''' [[Season 5 (Private Practice)|5]]\n|portrayed by = [[Bob Turton]]\n}}\n'''Caleb''' is one of the doctors who was interviewed to replace Naomi.\n\n==History==\nCaleb interviewed for a job at [[Seaside Health and Wellness]]. He'd graduated medical school in three years and did an endocrinology residency in four. The doctors interviewing him were startled by his super enthusiastic energy, fueled by coffee.\n\n[[Jake Reilly]] was ultimately hired for the position.\n\n==Career==\nHe is an endocrinologist.\n[[Category:Characters]]\n[[Category:PP Characters]]\n[[Category:PP S5 Characters]]\n[[Category:Doctors]]"}]}}}}