{"batchcomplete": "", "warnings": {"main": {"*": "Subscribe to the mediawiki-api-announce mailing list at <https://lists.wikimedia.org/postorius/lists/mediawiki-api-announce.lists.wikimedia.org/> for notice of API deprecations and breaking changes."}, "revisions": {"*": "Because \"rvslots\" was not specified, a legacy format has been used for the output. This format is deprecated, and in the future the new format will always be used."}}, "query": {"pages": {"83998": {"pageid": 83998, "ns": 0, "title": "Caleb (A House Is Not a Home)", "revisions": [{"contentformat": "text/x-wiki", "contentmodel": "wikitext", "*": "{{Rescuee Infobox\n|image = S195x07Caleb.png\n|name = Caleb\n|status = Alive\n|only appearance = [[A House Is Not a Home]]\n|seasons = '''[[Station 19|S19]]:''' [[Season 5 (Station 19)|5]]\n|portrayed by = [[Kevin Welbeck]]\n}}\n\n'''Caleb''' is a resident in a building that caught on fire.\n\n==History==\nCaleb was in his apartment when a fire broke out in his neighbor, [[Naomi|Naomi's]], apartment. When he realized where the fire was, Caleb tried to refuse to evacuate, but Theo was able to get him out of the building to safety.\n\n==Relationships==\n===Friendships===\nHe, [[Ivy]], and [[Naomi]] are friends. When Naomi wasn't answering her door after calling for help for a burn, he tried to refuse to evacuate without her.\n\n{{DISPLAYTITLE:Caleb}}\n[[Category:Characters]]\n[[Category:S19 Characters]]\n[[Category:S19 S5 Characters]]\n[[Category:S19 Rescuees]]"}]}}}}