{"batchcomplete": "", "warnings": {"main": {"*": "Subscribe to the mediawiki-api-announce mailing list at <https://lists.wikimedia.org/postorius/lists/mediawiki-api-announce.lists.wikimedia.org/> for notice of API deprecations and breaking changes."}, "revisions": {"*": "Because \"rvslots\" was not specified, a legacy format has been used for the output. This format is deprecated, and in the future the new format will always be used."}}, "query": {"pages": {"72613": {"pageid": 72613, "ns": 0, "title": "Cameron", "revisions": [{"contentformat": "text/x-wiki", "contentmodel": "wikitext", "*": "{{Other Characters Infobox\n|image = S192x15Cameron.png\n|name = Cameron\n|alias = Cam\n|status = Alive\n|job = Manager\n|workplace = Astro Corner Coffee Shop\n|first appearance = [[Crash and Burn]]\n|last appearance = [[For Whom the Bell Tolls]]\n|count = 3\n|seasons = '''[[Station 19|S19]]:''' [[Season 2 (Station 19)|2]]\n|portrayed by = [[Shawn Patrick Clifford]]\n}}\n'''Camercon''' is the manager of Astro Corner Coffee Shop who caught Vic and Ripley making out in the car.\n\n==History==\n===Catching Vic and Ripley===\nCameron was out in the parking lot outside the coffee shop he manages when he saw Vic and Ripley making out in a car and getting ready to have sex. He awkwardly knocked on the window and asked them to stop. ''(\"[[Crash and Burn]]\")''\n\n===Vic and Ripley's Courtship===\nCameron continued to wait on Vic and Ripley as they continued to come in to Astro. He believed they were married because of the way they interacted with each other. ''(\"[[Always Ready]]\")''\n\n===Learning the Truth===\nAfter Ripley died, Vic continued to go to Astro. She told Cameron that her \"hubby\" was working, which is why she was there alone.\n\nAfter Ripley's funeral, Vic went to the coffee shop again, where she finally told Cameron the truth about Ripley not being her husband and being dead. Cameron sat in the booth with her and said it sucked. ''(\"[[For Whom the Bell Tolls]]\")''\n\n==Career==\nHe is the manager of Astro Corner Coffee Shop.\n\n==Notes and Trivia==\n*For his first appearance, Cameron was credited as Pimply Manager.\n\n==Gallery==\n===Episodic===\n<gallery type=\"slideshow\" position=\"center\" crop=\"true\" hideaddbutton=\"true\">\nS192x08Cameron.png|[[Crash and Burn]]\nS192x15Cameron.png|[[Always Ready]]\nS192x16Cameron.png|[[For Whom the Bell Tolls]]\n</gallery>\n\n==Appearances==\n{{Cameron Appearances}}\n[[Category:Characters]]\n[[Category:S19 Characters]]\n[[Category:S19 S2 Characters]]"}]}}}}