{"batchcomplete": "", "warnings": {"main": {"*": "Subscribe to the mediawiki-api-announce mailing list at <https://lists.wikimedia.org/postorius/lists/mediawiki-api-announce.lists.wikimedia.org/> for notice of API deprecations and breaking changes."}, "revisions": {"*": "Because \"rvslots\" was not specified, a legacy format has been used for the output. This format is deprecated, and in the future the new format will always be used."}}, "query": {"pages": {"48251": {"pageid": 48251, "ns": 0, "title": "Cami Davis", "revisions": [{"contentformat": "text/x-wiki", "contentmodel": "wikitext", "*": "{{Patient Infobox\n|image = PP104CamiDavis.png\n|name = Cami Davis\n|status = Alive\n|diagnosis = Bladder infection\n|doctors = [[Naomi Bennett]]\n|treatment = Antibiotics\n|marital = [[Allan]] ''(husband)''\n|only appearance = *'''[[Grey's Anatomy|GA]]:''' [[The Other Side of This Life, Part 1]]\n*'''[[Private Practice|PP]]:''' [[In Which Addison Has a Very Casual Get Together]]\n|count = 2\n|seasons = *'''[[Grey's Anatomy|GA]]:''' [[Season 3 (Grey's Anatomy)|3]]\n*'''[[Private Practice|PP]]:''' [[Season 1 (Private Practice)|1]]\n|portrayed by = [[Parisa Fitz-Henley]]\n}}\n\n'''Cami Davis''' is the wife of [[Allan]].\n\n==History==\n===Grocery Store===\nWhile shopping at the grocery store with her new husband, they met up with [[Allan|Allan's]] ex-girlfriend, [[Violet Turner]], who was shocked that he had gotten remarried. ''(\"[[The Other Side of This Life, Part 1]]\")''\n\n===Bladder Infection===\nCami came into the practice for a bladder infection, which she got from having too much sex. Violet confronted her about why she had come to the practice instead of going somewhere else and Cami confessed that Allan talked about them and how good they were, so she wanted to check them out. Violet insisted that she wasn't a threat, but Cami still wasn't sure. ''(\"[[In Which Addison Has a Very Casual Get Together]]\")''\n\n==Relationships==\n===Romantic===\nShe is married to [[Allan]].\n\n==Gallery==\n===Episodic===\n<gallery type=\"slideshow\" position=\"center\" crop=\"true\" hideaddbutton=\"true\">\n322Cammy.png|[[The Other Side of This Life, Part 1]]\nPP104CamiDavis.png|[[In Which Addison Has a Very Casual Get Together]]\n</gallery>\n\n==Appearances==\n{{Cami Davis Appearances}}\n\n{{DEFAULTSORT:Davis, Cami}}\n[[Category:Characters]]\n[[Category:GA Characters]]\n[[Category:GA S3 Characters]]\n[[Category:PP Characters]]\n[[Category:PP S1 Characters]]\n[[Category:Patients]]\n[[Category:Patients (OB/GYN)]]"}]}}}}