{"batchcomplete": "", "warnings": {"main": {"*": "Subscribe to the mediawiki-api-announce mailing list at <https://lists.wikimedia.org/postorius/lists/mediawiki-api-announce.lists.wikimedia.org/> for notice of API deprecations and breaking changes."}, "revisions": {"*": "Because \"rvslots\" was not specified, a legacy format has been used for the output. This format is deprecated, and in the future the new format will always be used."}}, "query": {"pages": {"63664": {"pageid": 63664, "ns": 0, "title": "Candace Warner", "revisions": [{"contentformat": "text/x-wiki", "contentmodel": "wikitext", "*": "{{Other Characters Infobox\n|image = 14x02CandaceWarner.png\n|name = Candace Warner\n|status = Alive\n|job = [[Clerkship|Sub-intern]]\n|workplace = [[Grey Sloan Memorial Hospital]]\n|first appearance = [[Break Down the House]]\n|last appearance = [[Get Off on the Pain]]\n|count = 2\n|seasons = '''[[Grey's Anatomy|GA]]:''' [[Season 14 (Grey's Anatomy)|14]]\n|portrayed by = [[Liberty Hobbs]]\n}}\n\n'''Candace Warner''' is a fourth-year medical student who did a [[Clerkship|rotation]] at [[Grey Sloan Memorial Hospital]].\n\n==History==\nCandace came to the hospital to work as a [[Clerkship|sub-intern]]. On her first day, while she was on a tour, she annoyed Richard by using the voice-to-notes app on her phone to record the tour and later, she screamed after seeing [[April Kepner]] do a thoracotomy in the ER. ''(\"[[Break Down the House]]\")''\n\nAfter the sub-interns were challenged to find [[Megan Hunt]] a suitable abdominal wall donor, Candace suggested a male patient. ''(\"[[Get Off on the Pain]]\")''\n\n==Career==\nCandace is a fourth-year medical student doing a six-week rotation as a [[Clerkship|sub-intern]] at Grey Sloan Memorial.\n\n==Notes and Trivia==\n*Candace is in the top 10% of her medical school program.\n*Candace prefers to dictate notes into her phone.\n\n==Gallery==\n===Episodic===\n<gallery type=\"slideshow\" position=\"center\" hideaddbutton=\"true\" crop=\"true\">\n14x01CandaceWarner.png|[[Break Down the House]]\n14x02CandaceWarner.png|[[Get Off on the Pain]]\n</gallery>\n\n==Appearances==\n{{Candace Warner Appearances}}\n\n{{DEFAULTSORT:Warner, Candace}}\n[[Category:Characters]]\n[[Category:GA Characters]]\n[[Category:GA S14 Characters]]\n[[Category:Medical Students]]"}]}}}}