{"batchcomplete": "", "warnings": {"main": {"*": "Subscribe to the mediawiki-api-announce mailing list at <https://lists.wikimedia.org/postorius/lists/mediawiki-api-announce.lists.wikimedia.org/> for notice of API deprecations and breaking changes."}, "revisions": {"*": "Because \"rvslots\" was not specified, a legacy format has been used for the output. This format is deprecated, and in the future the new format will always be used."}}, "query": {"pages": {"60356": {"pageid": 60356, "ns": 0, "title": "Candace", "revisions": [{"contentformat": "text/x-wiki", "contentmodel": "wikitext", "*": "{{Patient Infobox\n|image = 13x20Candace.png\n|name = Candace\n|status = Alive\n|diagnosis = Broken wrist\n|doctors = [[Nathan Riggs]]\n|treatment = *Resetting\n*Bandaging\n|job = Flight Attendant\n|workplace = Skytrip\n|only appearance = [[In the Air Tonight]]\n|seasons = '''[[Grey's Anatomy|GA]]:''' [[Season 13 (Grey's Anatomy)|13]]\n|portrayed by = [[Spencer Grammer]]\n}}\n\n'''Candace''' is a flight attendant whose wrist was broken during a turbulent flight.\n\n==History==\nCandace was attending a flight out of Seattle when the flight hit severe turbulence, breaking her wrist and injuring several other passengers. Nathan checked on her and told her her wrist was broken. She got into the medical kit, but there was no brace, so he had to reset her wrist and then wrap it until they could land and get proper medical care.\n\nCandace helped them treat the other patients while they waited for clearance to land somewhere. Once they'd landed, she was told to follow-up with her regular doctor about her wrist.\n\n==Relationships==\n===Romantic===\nAfter they landed, she flirted with Nathan, asking if she should call him for a follow-up, but Nathan brushed her off.\n\n==Career==\nShe is a flight attendant. Her route services Seattle.\n[[Category:Characters]]\n[[Category:GA Characters]]\n[[Category:GA S13 Characters]]\n[[Category:Patients]]\n[[Category:Patients (Ortho)]]\n[[Category:Patients (Trauma)]]"}]}}}}