{"batchcomplete": "", "warnings": {"main": {"*": "Subscribe to the mediawiki-api-announce mailing list at <https://lists.wikimedia.org/postorius/lists/mediawiki-api-announce.lists.wikimedia.org/> for notice of API deprecations and breaking changes."}, "revisions": {"*": "Because \"rvslots\" was not specified, a legacy format has been used for the output. This format is deprecated, and in the future the new format will always be used."}}, "query": {"pages": {"84840": {"pageid": 84840, "ns": 0, "title": "Captain Henderson", "revisions": [{"contentformat": "text/x-wiki", "contentmodel": "wikitext", "*": "{{Firefighter Infobox\n|image = S195x14CaptainHenderson.png\n|name = Captain Henderson\n|status = Alive\n|title = Captain\n|job = Fire Captain\n|workplace = [[Seattle Fire Department]], Professional Standards Unit\n|only appearance = [[Alone in the Dark]]\n|seasons = '''[[Station 19|S19]]:''' [[Season 5 (Station 19)|5]]\n|portrayed by = [[Woody Schultz]]\n}}\n\n'''Captain Henderson''' is a fire captain with [[Seattle Fire Department]].\n\n==History==\nHenderson came to station 19 with [[Natasha Ross|Chief Ross]] after Sullivan told her he suspected [[Sean Beckett]] of drinking on the job. They went into Beckett's office, where they explained that they were investigating some of his recent calls and a claim that he was drinking on the job. Henderson accompanied him to the bathroom so he could provide a sample of his urine for testing.\n\n==Career==\nHe is a captain in the [[Seattle Fire Department]], working in the Professional Standards Unit.\n\n{{DEFAULTSORT:Henderson, Captain}}\n[[Category:Characters]]\n[[Category:S19 Characters]]\n[[Category:S19 S5 Characters]]\n[[Category:Firefighters]]"}]}}}}