{"batchcomplete": "", "warnings": {"main": {"*": "Subscribe to the mediawiki-api-announce mailing list at <https://lists.wikimedia.org/postorius/lists/mediawiki-api-announce.lists.wikimedia.org/> for notice of API deprecations and breaking changes."}, "revisions": {"*": "Because \"rvslots\" was not specified, a legacy format has been used for the output. This format is deprecated, and in the future the new format will always be used."}}, "query": {"pages": {"60350": {"pageid": 60350, "ns": 0, "title": "Captain LeVantine", "revisions": [{"contentformat": "text/x-wiki", "contentmodel": "wikitext", "*": "{{Other Characters Infobox\n|image = 13x20CaptainLeVantine.png\n|name = Captain LeVantine\n|status = Alive\n|title = Captain\n|job = Pilot\n|workplace = Skytrip\n|only appearance = [[In the Air Tonight]]\n|seasons = '''[[Grey's Anatomy|GA]]:''' [[Season 13 (Grey's Anatomy)|13]]\n|portrayed by = [[Wendy Braun]]\n}}\n\n'''Captain LeVantine''' is the pilot who was flying a plane that hit severe turbulence, injuring several passengers.\n\n==History==\nWhile flying out of Seattle, the plane LeVantine was piloting hit severe turbulence, which injured multiple passengers, including flight attendant [[Candace]], and [[Max]], who had a brain bleed. Despite this, she was unable to land because they were flying with a storm above and below them, which made landing very risky to the other passengers.\n\nAfter getting through the storm, LeVantine was cleared for an emergency landing in Sioux Falls. Once they were on the ground, all the passengers de-planed and those who needed immediate care were met by ambulances. LeVantine found Meredith and shook her hand and told her it had been a pleasure flying with her.\n\n==Career==\nShe is a pilot.\n\n{{DEFAULTSORT:LeVantine, Captain}}\n[[Category:Characters]]\n[[Category:GA Characters]]\n[[Category:GA S13 Characters]]"}]}}}}