{"batchcomplete": "", "warnings": {"main": {"*": "Subscribe to the mediawiki-api-announce mailing list at <https://lists.wikimedia.org/postorius/lists/mediawiki-api-announce.lists.wikimedia.org/> for notice of API deprecations and breaking changes."}, "revisions": {"*": "Because \"rvslots\" was not specified, a legacy format has been used for the output. This format is deprecated, and in the future the new format will always be used."}}, "query": {"pages": {"85087": {"pageid": 85087, "ns": 0, "title": "Captain Khalidi", "revisions": [{"contentformat": "text/x-wiki", "contentmodel": "wikitext", "*": "{{Rescuee Infobox\n|image = S195x16CaptainKhalidi.png\n|name = Captain Khalidi\n|status = Alive\n|title = Captain\n|job = Fire Captain\n|workplace = [[Seattle Fire Department]] Station 88\n|only appearance = [[Death and the Maiden]]\n|seasons = '''[[Station 19|S19]]:''' [[Season 5 (Station 19)|5]]\n|portrayed by = [[Mike Eshaq]]\n}}\n\n'''Captain Khalidi''' is the captain of station 88 of the [[Seattle Fire Department]].\n\n==History==\nCaptain Khalidi led his team to a scene where a building was on fire. They started fighting the fire, but didn't have sufficient resources to do search and rescue, so when station 19 arrived, he sent them to do that. Once the first had been put out and they had evacuated a security guard and twelve women being held in a secret room, Khalidi thanked them for their help.\n\n==Career==\nHe is the captain of [[Seattle Fire Department]] Station 88.\n\n==Gallery==\n===Episode Stills===\n<gallery orientation=\"landscape\" position=\"center\" spacing=\"small\" bordersize=\"none\" hideaddbutton=\"true\">\nS195x16-23.jpg\nS195x16-26.jpg\nS195x16-27.jpg\n</gallery>\n\n{{DEFAULTSORT:Khalidi, Captain}}\n[[Category:Characters]]\n[[Category:S19 Characters]]\n[[Category:S19 S5 Characters]]\n[[Category:Firefighters]]"}]}}}}