{"batchcomplete": "", "warnings": {"main": {"*": "Subscribe to the mediawiki-api-announce mailing list at <https://lists.wikimedia.org/postorius/lists/mediawiki-api-announce.lists.wikimedia.org/> for notice of API deprecations and breaking changes."}, "revisions": {"*": "Because \"rvslots\" was not specified, a legacy format has been used for the output. This format is deprecated, and in the future the new format will always be used."}}, "query": {"pages": {"21053": {"pageid": 21053, "ns": 0, "title": "Carlos McAdams", "revisions": [{"contentformat": "text/x-wiki", "contentmodel": "wikitext", "*": "{{Patient Infobox\n|image = 10x03CarlosMcAdams.png\n|name = Carlos McAdams\n|status = Alive\n|marital = [[Cara McAdams]] ''(wife)''\n|only appearance = [[Everybody's Crying Mercy]]\n|seasons = '''[[Grey's Anatomy|GA]]:''' [[Season 10 (Grey's Anatomy)|10]]\n|portrayed by = [[Richard Augustine]]\n}}\n'''Carlos McAdams''' is the husband of [[Cara McAdams]], a patient at [[Grey Sloan Memorial Hospital]].\n\n==History==\nCarlos came into the hospital with Cara when she was having surgery to reconstruct her face. He talked to the doctors about her previous surgeries and how their insurance capped out, which is why her facial reconstruction was pro bono.\n\n==Relationships==\n===Romantic===\nHe and [[Cara McAdams]] are married.\n\n{{DEFAULTSORT:McAdams, Carlos}}\n[[Category:Characters]]\n[[Category:GA Characters]]\n[[Category:GA S10 Characters]]"}]}}}}