{"batchcomplete": "", "warnings": {"main": {"*": "Subscribe to the mediawiki-api-announce mailing list at <https://lists.wikimedia.org/postorius/lists/mediawiki-api-announce.lists.wikimedia.org/> for notice of API deprecations and breaking changes."}, "revisions": {"*": "Because \"rvslots\" was not specified, a legacy format has been used for the output. This format is deprecated, and in the future the new format will always be used."}}, "query": {"pages": {"48202": {"pageid": 48202, "ns": 0, "title": "Carly Height", "revisions": [{"contentformat": "text/x-wiki", "contentmodel": "wikitext", "*": "{{Patient Infobox\n|image = 316CarlyHeight.png\n|name = Carly Height\n|status = Alive\n|diagnosis = *Open abdominal wound\n*Evisceration\n|doctors = *[[Miranda Bailey]]\n*[[George O'Malley]]\n|treatment = Surgery\n|children = Christopher Height\n|first appearance = [[Walk on Water]]\n|last appearance = [[Drowning on Dry Land]]\n|count = 2\n|seasons = '''[[Grey's Anatomy|GA]]:''' [[Season 3 (Grey's Anatomy)|3]]\n|portrayed by = [[Kelly Wolf]]\n}}\n\n'''Carly Height''' is a woman who was injured in the ferry boat crash.\n\n==History==\nCarly was in the ferry crash. She had a large abdominal injury, but refused to be examined or sent to the hospital because her seven year old son was still missing. [[George O'Malley]] took the picture of her son and said he'd find her son while she went to the hospital to get treated.\n\nAt the hospital, she was rushed into surgery. However, she didn't want to be put under until she knew her son was safe. ''(\"[[Walk on Water]]\")''\n\nGeorge lied and said that he'd found her son in order to get her to agree to have surgery. When confronted about his lie, he said he was okay with it if his lie helped save her life.\n\nIn surgery, Bailey found out that the damage missed all major organs and was able to repair the damage quickly. While she was in surgery, George found her son. ''(\"[[Drowning on Dry Land]]\")''\n\n==Relationships==\n===Familial===\nShe has a seven year old son named Christopher. When she was in the ferry crash, she refused to have surgery until she knew her son was okay.\n\n==Notes and Trivia==\n*She was 45 at the time of the ferry boat crash.\n\n==Gallery==\n===Episodic===\n<gallery type=\"slideshow\" position=\"center\" crop=\"true\" hideaddbutton=\"true\">\n315CarlyHeight.png|[[Walk on Water]]\n316CarlyHeight.png|[[Drowning on Dry Land]]\n</gallery>\n\n==Appearances==\n{{Carly Height Appearances}}\n\n{{DEFAULTSORT:Height, Carly}}\n[[Category:Characters]]\n[[Category:GA Characters]]\n[[Category:GA S3 Characters]]\n[[Category:Patients]]\n[[Category:Patients (Trauma)]]\n[[Category:Patients (ER)]]\n[[Category:Patients (General)]]"}]}}}}