{"batchcomplete": "", "warnings": {"main": {"*": "Subscribe to the mediawiki-api-announce mailing list at <https://lists.wikimedia.org/postorius/lists/mediawiki-api-announce.lists.wikimedia.org/> for notice of API deprecations and breaking changes."}, "revisions": {"*": "Because \"rvslots\" was not specified, a legacy format has been used for the output. This format is deprecated, and in the future the new format will always be used."}}, "query": {"pages": {"75007": {"pageid": 75007, "ns": 0, "title": "Carly Davis", "revisions": [{"contentformat": "text/x-wiki", "contentmodel": "wikitext", "*": "{{Patient Infobox\n|image = 16x05CarlyDavis.png\n|name = Carly Davis\n|status = Alive\n|diagnosis = *Carbon monoxide posoning\n*Diabetes\n|doctors = *[[Miranda Bailey]]\n*[[Jo Wilson|Jo Karev]]\n*[[Levi Schmitt]]\n|treatment = *Hyperbaric therapy\n*D50\n|job = [[Attending]] [[Psychiatry|Psychiatrist]]\n|workplace = Mercer Island Treatment Center\n|only appearance = [[Breathe Again]]\n|seasons = '''[[Grey's Anatomy|GA]]:''' [[Season 16 (Grey's Anatomy)|16]]\n|portrayed by = [[Rachel Bay Jones]]\n}}\n\n'''Carly Davis''' is Jo's therapist who came into the hospital with carbon monoxide poisoning.\n\n==History==\n===Jo's Therapy===\nWhile Jo was in residential treatment, Carly was one of her therapists. She did EMDR with Jo, who wasn't convinced it would be helpful. Despite this, Jo went through with the first session. That night, Jo tried to sneak out of the facility, but was stopped by Carly, who was waiting for her. She said the therapists rotate every night waiting for runners. Later, when Jo admitted in therapy that she was angry, she was also upset because she felt that it made her like Paul. Carly said she wasn't like Paul because she was able to feel the anger, but control her behavior. They then threw toys at the wall to release the anger.\n\n===Carbon Monoxide Poisoning===\nCarly came into the Grey Sloan ER with carbon monoxide in what they believed to be an attempted suicide. She was taken to the hyperbaric chamber to treat her. The chamber worked and her CO level came down, but she was still unconscious. When she had a seizure, they thought she must be diabetic and her sugar had crashed. They gave her D50 and she regained consciousness. After her therapy was complete, she was moved to a room. Jo told her that she would have to call psych to report the suicide attempt. Carly corrected that it wasn't a suicide attempt. Her carbon monoxide detector had a dead battery she'd ignored and she was just curled up with a book and her heater and the next thing she knew, she was in the chamber. Jo then took herself off Carly's case, which Carly noted was her putting up a healthy boundary.\n\n==Career==\nShe is a psychiatrist at the Mercer Island Treatment Center. She also used to be an on-call social worker for Safe Haven.\n\n==Notes and Trivia==\n*She was 13 years sober at the time of her carbon monoxide poisoning.\n*She likes almonds and science fiction.\n*She was 46 at the time of her poisoning.\n\n==Gallery==\n===Episode Stills===\n<gallery orientation=\"landscape\" position=\"center\" spacing=\"small\" bordersize=\"none\" hideaddbutton=\"true\">\n16x05-1.jpg\n16x05-2.jpg\n16x05-3.jpg\n16x05-4.jpg\n16x05-6.jpg\n16x05-7.jpg\n16x05-9.jpg\n16x05-10.jpg\n16x05-11.jpg\n16x05-12.jpg\n16x05-14.jpg\n16x05-15.jpg\n16x05-18.jpg\n16x05-19.jpg\n16x05-20.jpg\n16x05-21.jpg\n16x05-22.jpg\n16x05-23.jpg\n16x05-24.jpg\n</gallery>\n\n{{DEFAULTSORT:Davis, Carly}}\n[[Category:Characters]]\n[[Category:GA Characters]]\n[[Category:GA S16 Characters]]\n[[Category:Patients]]\n[[Category:Patients (ER)]]\n[[Category:Patients (General)]]\n[[Category:Patients (Trauma)]]"}]}}}}