{"batchcomplete": "", "warnings": {"main": {"*": "Subscribe to the mediawiki-api-announce mailing list at <https://lists.wikimedia.org/postorius/lists/mediawiki-api-announce.lists.wikimedia.org/> for notice of API deprecations and breaking changes."}, "revisions": {"*": "Because \"rvslots\" was not specified, a legacy format has been used for the output. This format is deprecated, and in the future the new format will always be used."}}, "query": {"pages": {"31986": {"pageid": 31986, "ns": 0, "title": "Carla McAdams", "revisions": [{"contentformat": "text/x-wiki", "contentmodel": "wikitext", "*": "{{Patient Infobox\n|image = 9x12Carla.png\n|name = Carla McAdams\n|status = Alive\n|siblings = [[Jimmy McAdams]]\n|other family = Dora ''(cousin)''\n|only appearance = [[Walking on a Dream]]\n|seasons = '''[[Grey's Anatomy|GA]]:''' [[Season 9 (Grey's Anatomy)|9]]\n|portrayed by = [[Laura Heisler]]\n}}\n'''Carla McAdams''' is the sister of [[Jimmy McAdams]], a patient at [[Seattle Grace Mercy West Hospital]].\n\n==History==\n===Diagnosis===\nCarla's brother, Jimmy, was diagnosed with an acoustic neuroma, a type of brain tumor. [[Derek Shepherd]] was supposed to operate on him, but then his plane crashed. Because no one else would attempt to operate, Jimmy waited until Derek had recovered to have surgery.\n\n===Surgery===\nBy the time he was able to get his surgery, Jimmy was experiencing severe headaches and was so dizzy that he could barely stand up. Scans revealed that the tumor had progressed, which increased the risks of the surgery. He decided to proceed anyway.\n\nIn surgery, they had to test his facial function continuously. His face twitched throughout the surgery until after a bleeder. They had to wait until after he woke up to see if they had paralyzed half his face. After he woke up, he was able to hear and his facial expression was symmetrical.\n\n==Relationships==\n===Familial===\nCarla took care of her brother after he was diagnosed with his tumor. She later said that while she hated that Derek had been in a plane crash, she was grateful it had given her a few more months with her brother because those months had been the best of their lives.\n\n==Notes and Trivia==\n*While her brother was in surgery, she ate the jumbo cookie their cousin, Dora, had sent to him.\n\n{{DEFAULTSORT:McAdams, Carla}}\n[[Category:Characters]]\n[[Category:GA Characters]]\n[[Category:GA S9 Characters]]"}]}}}}