{"batchcomplete": "", "warnings": {"main": {"*": "Subscribe to the mediawiki-api-announce mailing list at <https://lists.wikimedia.org/postorius/lists/mediawiki-api-announce.lists.wikimedia.org/> for notice of API deprecations and breaking changes."}, "revisions": {"*": "Because \"rvslots\" was not specified, a legacy format has been used for the output. This format is deprecated, and in the future the new format will always be used."}}, "query": {"pages": {"3269": {"pageid": 3269, "ns": 0, "title": "Carlos Torres", "revisions": [{"contentformat": "text/x-wiki", "contentmodel": "wikitext", "*": "{{Character Family Infobox\n|image = 10x09-23.jpg\n|name = Carlos Torres\n|status = Alive\n|marital = [[Lucia Torres]] ''(wife)''\n|children = *[[Callie Torres]]\n*[[Aria Torres]] ''(stepdaughter)''\n|grandchildren = [[Sofia Robbin Sloan Torres]]\n|other family = Sisters or sisters-in-law\n|first appearance = [[My Favorite Mistake]]\n|last appearance = [[Sorry Seems to Be the Hardest Word]]\n|count = 5\n|seasons = '''[[Grey's Anatomy|GA]]:''' [[Season 3 (Grey's Anatomy)|3]], [[Season 5 (Grey's Anatomy)|5]], [[Season 6 (Grey's Anatomy)|6]], [[Season 7 (Grey's Anatomy)|7]], and [[Season 10 (Grey's Anatomy)|10]]\n|portrayed by = [[H\u00e9ctor Elizondo]]\n}}\n'''Carlos Torres''' is the very affluent father of [[Callie Torres]].\n\n==History==\n===Visiting Callie===\nCarlos came to [[Seattle Grace Hospital|Seattle Grace]] after Callie told him that she had married [[George O'Malley|George]]. He wanted to make sure his daughter was looked after, so at [[Emerald City Bar|Joe's]], he tried to give them a house and car, but decided to make sure it was all in Callie's name. George told him that they did not want the help and left. Later, Carlos commended George for standing up to him and told him that he just wanted his daughter looked after. ''(\"[[My Favorite Mistake]]\")''\n\n===Meeting Arizona===\nHe returned later to see his daughter once more. Almost as soon as he arrived, he slammed George against the wall and asked why he shouldn't kill him for cheating on Callie. Callie quickly defended him by saying that she had cheated on him with Mark too so then he let George go and slammed [[Mark Sloan|Mark]] up against the wall. Callie however convinced him to let go of Mark after telling him she was dating and she was happy. She then asked him to remember she was happy and introduced him to her girlfriend Arizona.\n\nAfter a short while he came to the decision that Callie had to come home, after an argument with her he went to [[Richard Webber|the Chief]] and asked him to allow Callie to leave and offered him money. Richard told him that Callie was a grown woman, but Mr. Torres instead told him that it didn't matter how old she was, she was still his child. After another fight with Callie, he threatened to cut her off if she refused to go home. Callie stayed anyway and he took away all her money and got all his family to stop speaking to her. ''(\"[[Sweet Surrender]]\")''\n\nAfter he left, Callie's entire family stopped speaking to her because of his influence. ''(\"[[No Good at Saying Sorry (One More Chance)]]\")''\n\n===Attempt to Convert Callie===\nCarlos returned to Seattle Grace again, this time with the family's priest, [[Father Kevin]], in tow. Callie was furious that her father had brought the priest in an attempt to \"pray away the gay.\" Following Arizona talking to both Callie, about being understanding of her father as he made a big adjustment, as it was Callie who changed the game after all this time, and to Carlos, about her upbringing and being the person her father raised her to be, Carlos and Callie forgave each other. He also asked if she'd still be getting married and having kids, which she said she would. ''(\"[[Invasion]]\")''\n\n===Callie and Arizona's Wedding===\nCarlos and [[Lucia Torres|Lucia]] came to Seattle a few days before their daughter's marriage to [[Arizona Robbins]]. He talked about meeting a gay man on the flight there and easily accepted the relationship. However, his wife was cold and distant, which came to a head when she decided to leave and not attend the wedding. Callie told Carlos to leave as well, but he returned during the reception and danced with her, saying he'd dreamed about it since she was a little girl. ''(\"[[White Wedding]]\")''\n\n===Callie's Lawsuit===\nWhen Callie was being sued by [[Travis Reed]], Carlos came to visit her, to give her support. When he learned that Arizona had cheated on Callie and they had separated, he revealed to her that he'd cheated on her mother before she was born and that her mother had forgiven him. This prompted her to reconcile with Arizona. ''(\"[[Sorry Seems to Be the Hardest Word]]\")''\n\n==Relationships==\n===Romantic===\nHe is married to [[Lucia Torres]]. They've been married for over 30 years. Early on in their marriage, he cheated on Lucia, but she forgave him and later, they had [[Callie Torres|Callie]]. ''(\"[[Sorry Seems to Be the Hardest Word]]\")''\n\n===Familial===\nHe has two daughters, [[Callie Torres]] and his step-daughter, [[Aria Torres|Aria]].\n\n==Notes and Trivia==\n*He claimed in [[My Favorite Mistake]] that Callie was his only little girl, yet in Season 5, it was revealed that Callie has a sister named Aria. Shonda Rhimes stated through Twitter that the two girls have different fathers.\n*He eats three salads a day, yet still has high cholesterol.\n*He stated that he\u00a0has been sued so many times that he has his lawyer on speed dial.<ref>[[Sorry Seems to Be the Hardest Word]], 10x09</ref>\n\n==Gallery==\n===Episodic===\n<gallery type=\"slideshow\" position=\"center\" crop=\"true\" hideaddbutton=\"true\">\n319CarlosTorres.png|[[My Favorite Mistake]]\n520CarlosTorres.png|[[Sweet Surrender]]\n6x05CarlosTorres.png|[[Invasion]]\n720CarlosTorres.png|[[White Wedding]]\n10x09CarlosTorres.png|[[Sorry Seems to Be the Hardest Word]]\n</gallery>\n\n===Episode Stills===\n<gallery orientation=\"landscape\" position=\"center\" bordersize=\"none\" spacing=\"small\" hideaddbutton=\"true\">\n3x19-5.jpg\n3x19-11.jpg\n3x19-12.jpg\n5x20-7.jpg\n5x20-2.jpg\n5x20-4.jpg\n5x20-5.jpg\n5x20-27.jpg\n5x20-35.jpg\n5x20-36.jpg\n6x05-4.jpg\n6x05-5.jpg\n6x05-10.jpg\n10x09-3.jpg\n10x09-4.jpg\n10x09-5.jpg\n10x09-7.jpg\n10x09-8.jpg\n10x09-9.jpg\n10x09-10.jpg\n10x09-11.jpg\n10x09-19.jpg\n10x09-23.jpg\n10x09-24.jpg\n</gallery>\n\n==Appearances==\n{{Carlos Torres Appearances}}\n\n{{Scrollbox}}\n\n[[de:Carlos Torres]]\n[[fr:Carlos Torres]]\n\n{{DEFAULTSORT:Torres, Carlos}}\n[[Category:Characters]]\n[[Category:GA Characters]]\n[[Category:GA S3 Characters]]\n[[Category:GA S5 Characters]]\n[[Category:GA S6 Characters|Carlos Torres]]\n[[Category:GA S7 Characters|Carlos Torres]]\n[[Category:GA S10 Characters]]"}]}}}}