{"batchcomplete": "", "warnings": {"main": {"*": "Subscribe to the mediawiki-api-announce mailing list at <https://lists.wikimedia.org/postorius/lists/mediawiki-api-announce.lists.wikimedia.org/> for notice of API deprecations and breaking changes."}, "revisions": {"*": "Because \"rvslots\" was not specified, a legacy format has been used for the output. This format is deprecated, and in the future the new format will always be used."}}, "query": {"pages": {"74706": {"pageid": 74706, "ns": 0, "title": "Carla (Season 16)", "revisions": [{"contentformat": "text/x-wiki", "contentmodel": "wikitext", "*": "{{Patient Infobox\n|image = 16x02Carla.png\n|name = Carla\n|status = Alive\n|diagnosis = *Steam burn\n*Infection\n|doctors = [[Meredith Grey]]\n|treatment = *Debridement\n*Antibiotics\n|job = Dry Cleaner\n|first appearance = [[Nothing Left to Cling To]]\n|last appearance = [[Back in the Saddle]]\n|count = 2\n|seasons = '''[[Grey's Anatomy|GA]]:''' [[Season 16 (Grey's Anatomy)|16]]\n|portrayed by = [[Ada Luz Pla]]\n}}\n\n'''Carla''' is a member of Meredith's work crew who came to her for medical advice.\n\n==History==\nCarla was assigned to work crew community service for an unknown offense. ''(\"[[Nothing Left to Cling To]]\")'' While working, she heard that Meredith was a doctor and asked her to look at a burn on her arm she'd gotten at work. Meredith looked at the burn and told Carla it was infected and she needed debridement and antibiotics. Carla asked her to do that for her. ''(\"[[Back in the Saddle]]\")''\n\n==Career==\nShe works at a dry cleaner's. When she was burned, they told her to run it under cold water.\n\n==Notes and Trivia==\n*She only appears in the background in her first episode and has no lines.\n\n==Gallery==\n===Episodic===\n<gallery type=\"slideshow\" position=\"center\" hideaddbutton=\"true\" crop=\"true\">\n16x01Carla.png|[[Nothing Left to Cling To]]\n16x02Carla.png|[[Back in the Saddle]]\n</gallery>\n\n==Appearances==\n{{Carla (Season 16) Appearances}}\n\n{{DISPLAYTITLE:Carla}}\n[[Category:Characters]]\n[[Category:GA Characters]]\n[[Category:GA S16 Characters]]\n[[Category:Patients]]\n[[Category:Patients (Plastics)]]"}]}}}}