{"batchcomplete": "", "warnings": {"main": {"*": "Subscribe to the mediawiki-api-announce mailing list at <https://lists.wikimedia.org/postorius/lists/mediawiki-api-announce.lists.wikimedia.org/> for notice of API deprecations and breaking changes."}, "revisions": {"*": "Because \"rvslots\" was not specified, a legacy format has been used for the output. This format is deprecated, and in the future the new format will always be used."}}, "query": {"pages": {"27256": {"pageid": 27256, "ns": 0, "title": "Caroline King-Freedman", "revisions": [{"contentformat": "text/x-wiki", "contentmodel": "wikitext", "*": "{{Character Family Infobox\n|image = CarolineKingFreedman1.png\n|name = Caroline King-Freedman\n|born = 2012; [[Los Angeles]], California\n|status = Alive\n|parents = *[[Cooper Freedman]]\n*[[Charlotte King]]\n|siblings = *[[Mason Warner]] ''(half-brother)''\n*[[Georgia King-Freedman]]\n*[[Rachel King-Freedman]]\n|grandparents = *[[Lawrence Freedman]]\n*[[Myra Freedman]]\n*[[Augusta King]]\n*[[\"Big Daddy\" King]] \u2020\n|other family = *[[Duke King]] ''(uncle)''\n*[[Landry King]] ''(uncle)''\n*Andy Freedman \u2020 ''(uncle)''\n|first appearance = [[Full Release]]\n|last appearance = [[In Which We Say Goodbye]]\n|seasons = '''[[Private Practice|PP]]:''' [[Season 6 (Private Practice)|6]]}}\n'''Caroline King-Freedman''' is the second/middle daughter of\u00a0[[Charlotte King]]\u00a0and\u00a0[[Cooper Freedman]].\n\n==History==\n===Birth===\nEight weeks after Georgia was born, Charlotte went into labor with the remaining two triplets. Caroline was born first and was followed not long after by Rachel.\n\nWhile holding her after birth, Mason looked at the baby and said he thought Caroline was her name. ''(\"[[Full Release]]\")''\n\n===Infancy===\nAfter they went home, Cooper decided to stay home to raise the triplets. However, after doing so for a while, he decided that they needed to hire a nanny. ''(\"[[In Which We Say Goodbye]]\")''\n\n==Relationships==\n===Familial===\nCaroline is one of a set of triplets, along with [[Rachel King-Freedman|Rachel]] and [[Georgia King-Freedman|Georgia]]. They live with their parents and older brother, Mason.\n\n==Notes and Trivia==\n*Along with her sister, Rachel, she was born at 34 weeks.\n*She was the only King-Freedman triplet who was born head first.\n*Her brother,\u00a0[[Mason Warner|Mason]]\u00a0chose her name.\n*She likes the pink bunny. ''(\"[[In Which We Say Goodbye]]\")''\n\n==Gallery==\n<gallery type=\"slideshow\" position=\"center\" crop=\"true\">\nPP6x12CarolineKingFreedman.png|[[Full Release]]\nPP6x13Triplets.png|[[In Which We Say Goodbye]] (with her family)\n</gallery>\n\n[[de:Caroline King-Freedman]]\n{{DEFAULTSORT:King-Freedman, Caroline}}\n[[Category:Characters]]\n[[Category:PP Characters]]\n[[Category:PP S6 Characters]]\n[[Category:Patients]]\n[[Category:Patients (Neonatal)]]"}]}}}}