{"batchcomplete": "", "warnings": {"main": {"*": "Subscribe to the mediawiki-api-announce mailing list at <https://lists.wikimedia.org/postorius/lists/mediawiki-api-announce.lists.wikimedia.org/> for notice of API deprecations and breaking changes."}, "revisions": {"*": "Because \"rvslots\" was not specified, a legacy format has been used for the output. This format is deprecated, and in the future the new format will always be used."}}, "query": {"pages": {"48234": {"pageid": 48234, "ns": 0, "title": "Caroline Klein", "revisions": [{"contentformat": "text/x-wiki", "contentmodel": "wikitext", "*": "{{Patient Infobox\n|image = 320CarolineKlein.png\n|name = Caroline Klein\n|status = Alive\n|marital = [[Dustin Klein]] ''(husband)''\n|children = [[Hannah Klein]]\n|other family = Mother-in-law\n|only appearance = [[Time After Time]]\n|seasons = '''[[Grey's Anatomy|GA]]:''' [[Season 3 (Grey's Anatomy)|3]]\n|portrayed by = [[Suzanne Cryer]]\n}}\n\n'''Caroline Klein''' is the mother of [[Hannah Klein]].\n\n==History==\nCaroline and her husband, Dustin, came to the hospital when their daughter, Hannah, was diagnosed with cancer. They had a bone marrow donor lined up, but the donor died, so they decided to look up Hannah's birth mother, [[Izzie Stevens]], as a possible match. They approached her and asked if she'd donate despite being only a half-match. She agreed, but asked to see Hannah. Her parents went and asked her, but she said she was too tired. Izzie then went to have her bone marrow extracted to donate to Hannah.\n\n==Relationships==\n===Romantic===\nShe is married to [[Dustin Klein]].\n\n===Familial===\nShe has one daughter, Hannah. When Hannah was diagnosed with leukemia, her parents brought her to Seattle Grace in order to find her biological mother, [[Izzie Stevens]], to see if she'd be willing to donate bone marrow.\n\n{{DEFAULTSORT:Klein, Caroline}}\n[[Category:Characters]]\n[[Category:GA Characters]]\n[[Category:GA S3 Characters]]"}]}}}}