{"batchcomplete": "", "warnings": {"main": {"*": "Subscribe to the mediawiki-api-announce mailing list at <https://lists.wikimedia.org/postorius/lists/mediawiki-api-announce.lists.wikimedia.org/> for notice of API deprecations and breaking changes."}, "revisions": {"*": "Because \"rvslots\" was not specified, a legacy format has been used for the output. This format is deprecated, and in the future the new format will always be used."}}, "query": {"pages": {"57564": {"pageid": 57564, "ns": 0, "title": "Carolyn Adkins", "revisions": [{"contentformat": "text/x-wiki", "contentmodel": "wikitext", "*": "{{Patient Infobox\n|image = 13x09CarolynAdkins.png\n|name = Carolyn Adkins\n|status = Alive\n|marital = [[Harry Adkins]] ''(husband)''\n|children = [[Winnie Adkins]] \u2020\n|only appearance = [[You Haven't Done Nothin']]\n|seasons = '''[[Grey's Anatomy|GA]]:''' [[Season 13 (Grey's Anatomy)|13]]\n|portrayed by = [[Katherine Kirkpatrick]]\n}}\n\n'''Carolyn Adkins''' is the mother of [[Winnie Adkins]].\n\n==History==\nCarolyn was having coffee a block away from her home with her husband, Harry, when their apartment building collapsed. Their daughter, Winnie, was injured, so they drove her to the hospital. After Winnie was taken into surgery, they learned that their landlord, [[Micah (You Haven't Done Nothin')|Micah]], knew the building wasn't sound, angering them. Harry swore his revenge, along with several of the other tenants. When they learned Winnie had died, Carolyn went to the ICU and tried to kill Micah herself by disconnecting his vent. She was restrained and then arrested.\n\n==Relationships==\n===Romantic===\nShe is married to [[Harry Adkins]].\n\n===Familial===\nShe was devastated when her daughter, Winnie, died.\n\n{{DEFAULTSORT:Adkins, Carolyn}}\n[[Category:Characters]]\n[[Category:GA Characters]]\n[[Category:GA S13 Characters]]"}]}}}}