{"batchcomplete": "", "warnings": {"main": {"*": "Subscribe to the mediawiki-api-announce mailing list at <https://lists.wikimedia.org/postorius/lists/mediawiki-api-announce.lists.wikimedia.org/> for notice of API deprecations and breaking changes."}, "revisions": {"*": "Because \"rvslots\" was not specified, a legacy format has been used for the output. This format is deprecated, and in the future the new format will always be used."}}, "query": {"pages": {"48254": {"pageid": 48254, "ns": 0, "title": "Carol", "revisions": [{"contentformat": "text/x-wiki", "contentmodel": "wikitext", "*": "{{Patient Infobox\n|image = 323Carol.png\n|name = Carol\n|status = Alive\n|marital = *[[Rick (The Other Side of This Life)|Rick]] ''(ex-husband)''\n*[[Doug]] ''(husband)''\n|children = Daughter\n|first appearance = [[The Other Side of This Life, Part 1]]\n|last appearance = [[The Other Side of This Life, Part 2]]\n|count = 2\n|seasons = '''[[Grey's Anatomy|GA]]:''' [[Season 3 (Grey's Anatomy)|3]]\n|portrayed by = [[Stephanie Niznik]]\n}}\n'''Carol''' is a woman who tried to have a baby with a surrogate.\n\n==History==\n[[Lisa (The Other Side of This Life)|Lisa]] was chosen by Carol and [[Rick (The Other Side of This Life)|Rick]], who were married at the time, to be their surrogate. However, the week she was inseminated, she had sex with Rick, [[Doug]] (Carol's current husband), and her own husband, [[Jim (Season 3)|Jim]], meaning that any of them could be the father of the baby.\n\nRight after having sex, she left town, meaning she hadn't had any prenatal care. [[Addison Forbes Montgomery]] brought her in for an examination. She did an ultrasound and an amniocentesis. The ultrasound showed placenta accreta. The tests also determined that despite Lisa being implanted with an embryo made of Carol's egg and Rick's sperm, the baby had no genetic ties to Carol.\n\nThey held a meeting with all the people involved and told them the situation. Lisa asked if that meant that she could keep the baby and she was told that legally, she could. She was also told that she would be taken in for a c-section if she went into labor. Lisa said she wanted Addison to take over her medical care. ''(\"[[The Other Side of This Life, Part 1]]\")''\n\nLisa later came into the practice in pain. Her water broke and she was rushed to the hospital. Addison planned to do a c-section, but in the OR, Lisa started crowning. Addison warned her not to push as the cord was wrapped around the baby's neck. The baby was quickly delivered. Addison said she should be able to deliver the placenta easily, but Lisa hemorrhaged from a uterine rupture, likely due to her placenta accreta. Addison had her sedated and she repaired the damage.\n\nAddison was able to stop the bleeding and Lisa and the baby were both stable, so went to deliver the news to the group, but they were more concerned with which of them was the father. Because of their reaction, Addison ordered that none of them could go near Lisa or the baby.\n\nLisa held the baby and the doctors asked her what she wanted to do with the baby. They had the paternity results, but Lisa didn't want to know and she already knew what she wanting to do with the baby. She turned the baby over to Carol on the condition they'd all be in her life. ''(\"[[The Other Side of This Life, Part 2]]\")''\n\n==Relationships==\n===Romantic===\nCarol was married to [[Rick (The Other Side of This Life)|Rick]], but they divorced and she married [[Doug]]. Before they divorced, Rick and Carol used [[Lisa (The Other Side of This Life)|Lisa]] as a surrogate to have a baby.\n\n===Familial===\nLisa gave birth to a healthy baby girl. She decided to turn the baby over to Carol on the condition that they'd all be a part of her life, giving the baby two moms and three dads.\n\n==Gallery==\n===Episodic===\n<gallery type=\"slideshow\" position=\"center\" crop=\"true\" hideaddbutton=\"true\">\n322Carol.png|[[The Other Side of This Life, Part 1]]\n323Carol.png|[[The Other Side of This Life, Part 2]]\n</gallery>\n\n===Episode Stills===\n<gallery orientation=\"landscape\" position=\"center\" spacing=\"small\" bordersize=\"none\" hideaddbutton=\"true\">\n3x22-33.jpg\n3x22-34.jpg\n</gallery>\n\n==Appearances==\n{{Carol Appearances}}\n[[Category:Characters]]\n[[Category:GA Characters]]\n[[Category:GA S3 Characters]]"}]}}}}