{"batchcomplete": "", "warnings": {"main": {"*": "Subscribe to the mediawiki-api-announce mailing list at <https://lists.wikimedia.org/postorius/lists/mediawiki-api-announce.lists.wikimedia.org/> for notice of API deprecations and breaking changes."}, "revisions": {"*": "Because \"rvslots\" was not specified, a legacy format has been used for the output. This format is deprecated, and in the future the new format will always be used."}}, "query": {"pages": {"2359": {"pageid": 2359, "ns": 0, "title": "Carolyn Shepherd", "revisions": [{"contentformat": "text/x-wiki", "contentmodel": "wikitext", "*": "{{Character Family Infobox\n|name = Carolyn Shepherd\n|image = 5x12-27.jpg\n|status = Alive\n|alias = Carolyn Maloney\n|title = *R.N.\n*Lieutenant\n|marital = [[Mr. Shepherd]] \u2020 ''(husband)''\n|siblings = Adam \u2020 ''(brother or brother-in-law)''\n|children = *[[Derek Shepherd]] \u2020\n*[[Amelia Shepherd]]\n*[[Liz Shepherd]]\n*[[Nancy Shepherd]]\n*[[Kathleen Shepherd]]\n|grandchildren = *[[Zola Grey Shepherd]]\n*[[Derek Bailey Shepherd]]\n*[[Ellis Shepherd]]\n*[[Christopher Shepherd]] \u2020\n*[[Scout Derek Shepherd Lincoln]]\n*[[Lucas Adams]]\n*Nine additional granddaughters\n*Four additional grandsons\n|other family = *[[Meredith Grey]] ''(daughter-in-law)''\n*John ''(son-in-law)''\n*Children-in-law\n|job = '''Former'''<br>\nNavy Nurse\n|workplace = '''Former'''<br>\nUS Navy\n|first appearance = [[Sympathy for the Devil]]\n|last appearance = [[Good Shepherd]]\n|count = 2\n|seasons = '''[[Grey's Anatomy|GA]]:''' [[Season 5 (Grey's Anatomy)|5]] and [[Season 15 (Grey's Anatomy)|15]]\n|portrayed by = [[Tyne Daly]]\n}}'''Carolyn Shepherd''' (n\u00e9e '''Maloney''') is the mother of [[Derek Shepherd|Derek]] and [[Amelia Shepherd]], as well as [[Liz Shepherd|Liz]], [[Nancy Shepherd|Nancy]], and [[Kathleen Shepherd]].\n\n==History==\n===Early Life===\nShe met\u00a0[[Mr. Shepherd|her husband]]\u00a0on the dance floor. They saw each other and they immediately knew they wanted to be together.\n\n===Visiting Seattle===\nDuring her visit to Seattle on a layover on her cruise, she met [[Meredith Grey|Meredith]] for the first time, during which Meredith panicked and with the help of [[Izzie Stevens|Izzie]], she was made to be presentable and likable for Mrs. Shepherd. However, Mrs. Shepherd did not approve of Meredith until Meredith finally came clean and revealed she was not the type of girl that mothers like, much to Izzie's dismay. While talking to Derek, Carolyn admitted she did approve of Meredith, claiming that unlike Derek, who only sees things in black and white, Meredith doesn't and that Meredith is the one for him, giving Derek a ring that his father wanted to give to Derek for the right girl, which Carolyn believed was Meredith. ''(\"[[Sympathy for the Devil]]\")''\n\n===Derek's Visit===\nWhile he was working for the NIH, Derek went to visit his mother. She told him he looked tired and miserable, which was true. And then she told him to look at his life and if it wasn't working, to shut up and fix it. ''(\"[[When I Grow Up]]\")''\n\n===Boycotting Amelia's Wedding===\nWhen Amelia and Owen decided to get married, Carolyn and the rest of the family decided not to attend, believing it was Amelia being impulsive and even wondering if she'd broken her sobriety. ''(\"[[Family Affair]]\")''\n\n===Amelia's Visit===\nWhile Amelia was in New York for a surgery, [[Kathleen Shepherd|Kathleen]] told Carolyn that Amelia was coming to dinner at Nancy's. Carolyn surprised Amelia and exposed the lie she told Nancy and Kathleen, that [[Atticus Lincoln|Atticus]] was her husband [[Owen Hunt|Owen]]. This led to her sisters berating her as Carolyn stood by. Link stood up for Amelia and the two left the dinner. The next day, Carolyn caught Amelia at the hospital and they went to the park to talk. Carolyn told Amelia that of all her children, Amelia reminded her the most of her father, which made her hard to be around after he died. When Derek offered to watch after her, Carolyn let him, which became her biggest regret to this day. When Amelia questioned if she was incapable of love, Carolyn told her to blame that on her because she wasn't there for her when Amelia needed a mother to make sense of life, loss, and love. She hoped Amelia could accept that and move on. They reconciled and Carolyn told her she was sorry she wasn't closer to her sisters. \u00a0''(\"[[Good Shepherd]]\")''\n\n==Relationships==\n===Romantic===\nShe is widowed and had five children with her husband, one boy and four girls. Her husband was murdered by two people that wanted his watch.\n\n===Familial===\n====Children====\nShe has five children ([[Derek Shepherd|Derek]], [[Liz Shepherd|Liz]], [[Nancy Shepherd|Nancy]], [[Kathleen Shepherd|Kathleen]], and [[Amelia Shepherd|Amelia]]), all of whom are doctors. Derek and Amelia are [[Neurosurgery|neurosurgeons]], Nancy is an [[Obstetrics and Gynecology|OB/GYN]], and Kathleen is a [[Psychiatry|psychiatrist]]. It has not been stated what [[Specialties|specialty]] Liz practices.\n\n====[[Mark Sloan]]====\nCarolyn practically raised Mark along with her other five children. He was lonely a lot as a child, so Carolyn would tell Derek to bring Mark home with him.\n\n====[[Meredith Grey]]====\nCarolyn did not approve of Meredith until Meredith finally came clean and revealed she was not the type of girl that mothers like, much to Izzie's dismay. While talking to Derek, Carolyn admitted she did approve of Meredith, claiming that unlike Derek, who only sees things in black and white, Meredith doesn't and that Meredith is the one for him, giving Derek a ring that his father wanted to give to Derek for the right girl, which Carolyn believed was Meredith.\n\n====[[Lexie Grey]]====\nLexie appeared intimidated by Carolyn, following Carolyn's confrontation with Lexie after Mark revealed he was sleeping with her, even though [[Derek Shepherd|Derek]] asked him not to. Like Meredith, Carolyn also approved of Lexie for Mark even though she was much younger than him, claiming he had \"the emotional maturity of a horny 15-year-old.\"\n\n====[[Addison Forbes Montgomery]]====\nWhen Derek and Addison were married, Addison was under the impression that Carolyn liked her and after their divorce, Derek admitted she didn't and after meeting Meredith, Carolyn offered him a family ring to give to Meredith telling him Addison was obviously not the one for it.\n\n===Friendships===\n====[[Owen Hunt]]====\nCarolyn expressed some concern over [[Owen Hunt]], after learning he was an army medic in Iraq, asking if he'd been able to sleep since his return and even suggesting herbs that worked for her. However, she disapproved of her daughter Amelia marrying him, believing it to be just another rushed decision, given that the pair had been on and off for a year. ''(\"[[Family Affair]]\")''\n\n==Career==\nShe was a navy nurse for 25 years.\n\n==Notes and Trivia==\n*Carolyn is very much aware that she \"gave birth to 5 doctors\" and is prepared to wait to visit her children, as demonstrated when she came to Seattle to visit Derek.\n*She uses valerian root to help her sleep.<ref>[[Sympathy for the Devil]], 5x12</ref>\n*She still can't sleep on her late husband's side of the bed. The mattress is wearing unevenly.<ref>[[Sympathy for the Devil]], 5x12</ref>\n*She is no longer angry at the death of her husband.<ref>[[Sympathy for the Devil]], 5x12</ref>\n*She was wearing both an engagement ring and a wedding band when she visited her son, likely the same rings she was given by her late husband.\n*According to Amelia, she's very withholding.<ref>[[Put the Squeeze On Me]], 18x15</ref>\n\n==Gallery==\n===Episodic===\n<gallery type=\"slideshow\" position=\"center\" crop=\"true\" hideaddbutton=\"true\">\n512CarolynShepherd.png|[[Sympathy for the Devil]]\n15x21CarolynShepherd.png|[[Good Shepherd]]\n</gallery>\n\n===Episode Stills===\n<gallery orientation=\"landscape\" position=\"center\" spacing=\"small\" bordersize=\"none\" hideaddbutton=\"true\">\n5x12-1.jpg\n5x12-2.jpg\n5x12-3.jpg\n5x12-4.jpg\n5x12-5.jpg\n5x12-9.jpg\n5x12-10.jpg\n5x12-13.jpg\n5x12-15.jpg\n5x12-27.jpg\n15x21-15.jpg\n15x21-16.jpg\n15x21-17.jpg\n15x21-18.jpg\n15x21-20.jpg\n15x21-21.jpg\n15x21-22.jpg\n15x21-23.jpg\n15x21-24.jpg\n15x21-25.jpg\n15x21-26.jpg\n15x21-27.jpg\n15x21-28.jpg\n15x21-29.jpg\n15x21-30.jpg\n15x21-31.jpg\n</gallery>\n\n==Memorable Quotes==\n:'''Carolyn (to [[Derek Shepherd|Derek]]):''' You see things in black and white. Meredith doesn't.\u00a0You need a spoonful of that. You need her. She's the one.\n----\n:'''Carolyn:''' Amelia Frances Shepherd, you have a brain tumor and you didn't tell your mother?!\n\n==Appearances==\n{{Carolyn Shepherd Appearances}}\n\n[[de:Carolyn Shepherd]]\n[[fr:Carolyn Shepherd]]\n\n{{Scrollbox}}\n\n{{DEFAULTSORT:Shepherd, Carolyn}}\n[[Category:Characters]]\n[[Category:GA Characters]]\n[[Category:GA S5 Characters]]\n[[Category:GA S15 Characters]]\n[[Category:Nurses]]"}]}}}}