{"batchcomplete": "", "warnings": {"main": {"*": "Subscribe to the mediawiki-api-announce mailing list at <https://lists.wikimedia.org/postorius/lists/mediawiki-api-announce.lists.wikimedia.org/> for notice of API deprecations and breaking changes."}, "revisions": {"*": "Because \"rvslots\" was not specified, a legacy format has been used for the output. This format is deprecated, and in the future the new format will always be used."}}, "query": {"pages": {"50128": {"pageid": 50128, "ns": 0, "title": "Carol (Wait and See)", "revisions": [{"contentformat": "text/x-wiki", "contentmodel": "wikitext", "*": "{{Patient Infobox\n|image = PP217Carol.png\n|name = Carol\n|status = Alive\n|diagnosis = Marital conflict\n|doctors = *[[Violet Turner]]\n*[[Sheldon Wallace]]\n|treatment = Couples group counseling\n|marital = [[Greg (Wait and See)|Greg]] ''(husband)''\n|only appearance = [[Wait and See]]\n|seasons = '''[[Private Practice|PP]]:''' [[Season 2 (Private Practice)|2]]\n|portrayed by = [[Wendy Douglas]]\n}}\n\n'''Carol''' is a member of the couples support group run by Violet and Sheldon.\n\n==History==\nThree couples ([[Sasha (Wait and See)|Sasha]] and [[Ryan (Wait and See)|Ryan]], [[Eleanor (Wait and See)|Eleanor]] and [[Paul (Wait and See)|Paul]], and [[Greg (Wait and See)|Greg]] and Carol) were in a therapy group together. Not much progress was made until Eleanor admitted to having an affair and Paul left her mid-session.\n\nGreg confessed that he was worried Carol would leave him, caused by her coming home and talking about how great the guys she works with are. It made him feel small and insignificant. Carol said he should have talked to her because she loves him and wants him.\n\n==Relationships==\n===Romantic===\nShe is married to [[Greg (Wait and See)|Greg]]. He worried that she'd leave him because the way she talked about the guys she works with made him feel inadequate. One he told her that, she assured him she loved him and wanted him.\n\n{{DISPLAYTITLE:Carol}}\n[[Category:Characters]]\n[[Category:PP Characters]]\n[[Category:PP S2 Characters]]\n[[Category:Patients]]\n[[Category:Patients (Psych)]]"}]}}}}