{"batchcomplete": "", "warnings": {"main": {"*": "Subscribe to the mediawiki-api-announce mailing list at <https://lists.wikimedia.org/postorius/lists/mediawiki-api-announce.lists.wikimedia.org/> for notice of API deprecations and breaking changes."}, "revisions": {"*": "Because \"rvslots\" was not specified, a legacy format has been used for the output. This format is deprecated, and in the future the new format will always be used."}}, "query": {"pages": {"72139": {"pageid": 72139, "ns": 0, "title": "Carol Dickinson", "revisions": [{"contentformat": "text/x-wiki", "contentmodel": "wikitext", "*": "{{Other Characters Infobox\n|image = 15x13CarolDickinson.png\n|name = Carol Dickinson\n|status = Alive\n|marital = [[John Dickinson]] ''(husband)''\n|children = [[Betty Nelson]]\n|first appearance = [[I Walk the Line]]\n|last appearance = [[We Didn't Start the Fire]]\n|count = 3\n|seasons = '''[[Grey's Anatomy|GA]]:''' [[Season 15 (Grey's Anatomy)|15]]\n|portrayed by = [[Jennifer Grey]]\n}}\n\n'''Carol Dickinson''' is the mother of [[Betty Nelson]].\n\n==History==\nWhen their daughter, Britney, called them from rehab, Carol and her husband John came to Seattle to find her. When they learned she'd run away from rehab, they went over to the hospital, where they found Amelia. They were confused as to how Britney had met her in the first place and she explained that it was through Leo. They hadn't known she had given birth to a baby and asked to see him immediately. After meeting Leo, they decided they wanted to take him back to the hotel with them, but Owen said he was Leo's legal guardian and wouldn't allow it. ''(\"[[I Walk the Line]]\")''\n\nWhen they came back to the house to pick up Leo to take him home with them, Owen was paged to the hospital to deal with a mass overdose. Amelia stayed behind, but was later called in because Betty was among those brought in and had collapsed with chest pain. John and Carol waited in the waiting room with Owen and Amelia for news on Betty while she had heart surgery. When they were told Betty would be okay, they were excited. However, Carol wasn't sure how they'd tell Betty that Linus, her boyfriend, had died while she was in surgery. John didn't want to, but Amelia said she needed to know and hoped it would be Betty's bottom as Ryan had been for her. ''(\"[[I Want a New Drug]]\")''\n\nTwo weeks later, when Betty had mostly healed from her surgery, they packed up Leo's things and left to take both of them home. However, later that night, they brought Leo back, as Betty had decided she wanted to get to be a kid and she couldn't do that if she had to be Leo's mom. She decided to give Leo to Owen and Amelia. ''(\"[[We Didn't Start the Fire]]\")''\n\n==Relationships==\n===Romantic===\nShe is married to [[John Dickinson]].\n\n===Familial===\nCarol's daughter, Britney (aka Betty), ran away from home after becoming addicted to drugs following a soccer injury. She had a baby by her drug dealer and he was placed in foster care after he was born. After running away from rehab and nearly dying when drugs she'd taken damaged her heart, they went to take her and Leo back home with them, but Britney decided she wanted Leo to stay with Owen and Amelia because she wanted to be able to be a kid.\n\n==Gallery==\n===Episodic===\n<gallery type=\"slideshow\" position=\"center\" hideaddbutton=\"true\" crop=\"true\">\n15x13CarolDickinson.png|[[I Walk the Line]]\n15x14CarolDickinson.png|[[I Want a New Drug]]\n15x15CarolDickinson.png|[[We Didn't Start the Fire]]\n</gallery>\n\n===Episode Stills===\n<gallery orientation=\"landscape\" position=\"center\" spacing=\"small\" bordersize=\"none\" hideaddbutton=\"true\">\n15x14-9.jpg\n15x14-10.jpg\n15x14-11.jpg\n15x14-12.jpg\n15x14-13.jpg\n15x14-14.jpg\n15x14-16.jpg\n15x14-17.jpg\n</gallery>\n\n==Appearances==\n{{Carol Dickinson Appearances}}\n\n[[de:Carol Dickinson]]\n{{DEFAULTSORT:Dickinson, Carol}}\n[[Category:Characters]]\n[[Category:GA Characters]]\n[[Category:GA S15 Characters]]"}]}}}}