{"batchcomplete": "", "warnings": {"main": {"*": "Subscribe to the mediawiki-api-announce mailing list at <https://lists.wikimedia.org/postorius/lists/mediawiki-api-announce.lists.wikimedia.org/> for notice of API deprecations and breaking changes."}, "revisions": {"*": "Because \"rvslots\" was not specified, a legacy format has been used for the output. This format is deprecated, and in the future the new format will always be used."}}, "query": {"pages": {"36286": {"pageid": 36286, "ns": 0, "title": "Caroline", "revisions": [{"contentformat": "text/x-wiki", "contentmodel": "wikitext", "*": "{{Patient Infobox\n|image = 11x06Caroline.png\n|name = Caroline\n|status = Alive\n|job = Computer Repairperson\n|workplace = Office Hub\n|only appearance = [[Don't Let's Start]]\n|seasons = '''[[Grey's Anatomy|GA]]:''' [[Season 11 (Grey's Anatomy)|11]]\n|portrayed by = [[Daisy Lightfoot]]\n}}\n'''Caroline''' works at Office Hub with [[Melissa (Don't Let's Start)|Melissa]].\n\n==History==\nWhen her co-worker, Melissa, was carjacked and had to be taken to the hospital, Caroline, along with two other co-workers, [[Keith (Don't Let's Start)|Keith]] and [[Jacki]], accompanied her to the hospital. When asked by the doctors for information, they had to admit that they don't know Melissa well. Despite this, they waited of her at the hospital and came to her room to see her after she had surgery.\n\n==Relationships==\n===Friendships===\nShe seems to get along well with her co-workers Keith, Jacki, and Melissa. When Melissa was hospitalized, the others visited her together.\n\n==Career==\nShe repairs computers at Office Hub.\n[[Category:Characters]]\n[[Category:GA Characters]]\n[[Category:GA S11 Characters]]"}]}}}}