{"batchcomplete": "", "warnings": {"main": {"*": "Subscribe to the mediawiki-api-announce mailing list at <https://lists.wikimedia.org/postorius/lists/mediawiki-api-announce.lists.wikimedia.org/> for notice of API deprecations and breaking changes."}, "revisions": {"*": "Because \"rvslots\" was not specified, a legacy format has been used for the output. This format is deprecated, and in the future the new format will always be used."}}, "query": {"pages": {"8474": {"pageid": 8474, "ns": 0, "title": "Casey Hedges", "revisions": [{"contentformat": "text/x-wiki", "contentmodel": "wikitext", "*": "{{Patient Infobox\n|image = SarahChalkefull.jpg\n|name = Casey Hedges\n|status = Alive\n|children = [[Parker Hedges]]\n|job = Waitress\n|only appearance = [[Can't Fight This Feeling]]\n|seasons = '''[[Grey's Anatomy|GA]]:''' [[Season 9 (Grey's Anatomy)|9]]\n|portrayed by = [[Sarah Chalke]]\n}}\n'''Casey Hedges''' is\u00a0[[Parker Hedges]]' mother. Her son was sick, but no doctor believed her or could diagnose his disease.\n\n==History==\n===Misdiagnosis of Parker===\nCasey Hedges came to the ER with her son, Parker Hedges. She approached Jo Wilson and said they were in the hospital the other night. Jo remember them and asked if Parker was still sick. Casey informed Jo that Parker's fever went down at first, but it spiked again later and she showed her the rash on his belly. Jo asked if Casey gave her son\u00a0the meds and lots of fluids. Casey said she did, but that his fever was still above 103, which it had been for over a week. Jo tried to assure her that it was a virus and that it was normal for the fever to last more than 5 days. Casey then pulled out a bunch of papers, saying she did some online research. Jo rapidly looked at them, but didn't seem convinced. Casey told her she knew her son and that she was sure it wasn't a virus. Jo then agreed to give them a chart.\n\nMeanwhile, Casey accosted Meredith, giving her some names of illnesses she found on the Internet. Jo then came over and told them it was strep, giving them a prescription for omoxacillin. Casey was relieved it wasn't a virus and left with Parker.\n\n===Demanding Another Doctor===\nHowever, some time later, Casey returned to the ER with her son. She told a nurse the fever was getting higher, which didn't make any sense. When Jo came to talk to her, Casey said it wasn't strep and that whatever Jo prescribed wasn't helping. Jo tried to calm her down, saying the meds would take 24 hours to work, but Casey said that he wouldn't have gotten worse if they did. Casey said Jo was dismissing them, just like the doctors at\u00a0[[Seattle Presbyterian Hospital]]\u00a0and Urgent Care. Jo looked startled and asked her if she really had been to all those hospitals. Casey said she did, but that she wanted another doctor because Jo either didn't believe her or she didn't care about her son, Parker.\n\nAfter that, Jo got a psychiatrist to talk to Casey. She started screaming at Jo about her thinking she was crazy. She desperately told them that her son didn't do anything anymore, when Meredith overheard her talking. She came over and told Casey she believed her. She told Jo to admit Parker.\n\nIn his room, Meredith said his [[Computed Tomography|CT]] was completely normal. Meredith then patiently overheard all of Casey's research, but none of them seemed to be the one. Meredith said she couldn't come up with anything other than strep, but Casey replied he should've gotten better if it was. Meredith said she'd do some more tests.\n\n===The Right Diagnosis===\nThe morning after, Meredith told Casey she couldn't find anything else than the strep, that he wasn't surgical, and that his labs kept coming back clean. Casey insisted she had a feeling that something was seriously wrong with her son.\n\nRight before discharging Parker, Meredith and Jo went through Parker's labs one last time. Suddenly, the labs were updated. The previous day's strep test was a false positive. Meredith then realized Parker had Kawasaki disease. She checked her calendar to look if ten days had passed since the fever started. It turned out to be the tenth day. Meredith then ran over to Parker's room to check if he had red eyes.\n\nAfter she found out he did, she told Jo to page peds and cardio and to start IVIG. She told Casey that Parker had Kawasaki disease and it was the last day they would be able to prevent permanent heart damage.\n\nIn the evening, Meredith showed Casey her son's echo. She informed her that the IVIG would fix the fluid around his heart. She added that Parker would need another echo in six months and after showing Casey's note on Kawasaki disease, she smilingly told Casey that she had fought for her son and saved his life. Meredith later walked by their room, where Parker showed his mother a drawing with crayons he made for her.\n\n==Relationships==\n===Romantic===\nDuring her short conversation with the psychiatrist, Casey said she didn't have a husband or a boyfriend and that she was raising Parker all by herself.\u00a0\n\n===Familial===\n====Parker Hedges====\nCasey was highly concerned about her son, Parker's, illness. She took him to multiple hospitals and clinics in search for an answer. When she finally got one and he started treatment, she was delighted to see him more active again.\n\n===Friendships===\nCasey appeared to have a good relationship with her neighbor, as she watched Parker while Casey was at work.\n\n==Career==\nCasey is a waitress.\n\n==Notes and Trivia==\nIn this episode, Casey's son was diagnosed with Kawasaki disease. The actress who played Casey, Sarah Chalke, has a son who was also diagnosed with the same disease.\n\n==Gallery==\n===Episode Stills===\n<gallery orientation=\"landscape\" position=\"center\" spacing=\"small\" bordersize=\"none\" hideaddbutton=\"true\">\n919SarahChalke.jpg\nSarahChalkefull.jpg\n</gallery>\n\n{{DEFAULTSORT:Hedges, Casey}}\n[[Category:Characters]]\n[[Category:GA Characters]]\n[[Category:GA S9 Characters]]"}]}}}}