{"batchcomplete": "", "warnings": {"main": {"*": "Subscribe to the mediawiki-api-announce mailing list at <https://lists.wikimedia.org/postorius/lists/mediawiki-api-announce.lists.wikimedia.org/> for notice of API deprecations and breaking changes."}, "revisions": {"*": "Because \"rvslots\" was not specified, a legacy format has been used for the output. This format is deprecated, and in the future the new format will always be used."}}, "query": {"pages": {"32450": {"pageid": 32450, "ns": 0, "title": "Cash Keller", "revisions": [{"contentformat": "text/x-wiki", "contentmodel": "wikitext", "*": "{{Patient Infobox\n|image = 9x21CashKeller.png\n|name = Cash Keller\n|status = Alive\n|diagnosis = Finger amputation\n|treatment = Finger replantation\n|parents = [[Deedee Keller]]\n|other family = *[[Al Keller]] ''(uncle)''\n*[[Tony Keller]] ''(uncle)''\n*[[Jane Keller]] ''(aunt)''\n*[[Frances Keller]] ''(cousin)''\n|only appearance = [[Sleeping Monster]]\n|seasons = '''[[Grey's Anatomy|GA]]:''' [[Season 9 (Grey's Anatomy)|9]]\n|portrayed by = [[Sam L. Fuller]]\n}}\n'''Cash Keller''' is a member of the Keller family who came in when a few of its members, including Cash himself, were injured playing tug-o-war with a clothesline at a family reunion.\n\n==History==\nAt a Keller family reunion, Al suggested that they play tug-o-war. They used a clothesline to play. The tugging motion led to Cash, [[Deedee Keller|Deedee]], and [[Jane Keller|Jane]] losing fingers. [[Frances Keller]] was also injured in the game when her hand was crushed.\n\nThe family went together to the ER, where the fingers were matched with their rightful owners. All the fingers were successfully re-attached and Frances was expected to regain full use of her hand after physical therapy. However, when Al tried to say that that it was good that they had family, his brother, [[Tony Keller|Tony]], punched him in the face, giving Al a nosebleed and possibly breaking Tony's hand.\n\n==Relationships==\n===Familial===\nThough Cash initially blamed [[Gunnar]] for the finger amputations, [[Tony Keller|his Uncle Tony]] told him it was really the fault of [[Al Keller|Uncle Al]], who was the reason they were playing in the first place.\n\n{{DEFAULTSORT:Keller, Cash}}\n[[Category:Characters]]\n[[Category:GA Characters]]\n[[Category:GA S9 Characters]]\n[[Category:Patients]]\n[[Category:Patients (ER)]]\n[[Category:Patients (Trauma)]]\n[[Category:Patients (Plastics)]]"}]}}}}