{"batchcomplete": "", "warnings": {"main": {"*": "Subscribe to the mediawiki-api-announce mailing list at <https://lists.wikimedia.org/postorius/lists/mediawiki-api-announce.lists.wikimedia.org/> for notice of API deprecations and breaking changes."}, "revisions": {"*": "Because \"rvslots\" was not specified, a legacy format has been used for the output. This format is deprecated, and in the future the new format will always be used."}}, "query": {"pages": {"52826": {"pageid": 52826, "ns": 0, "title": "Cassandra Kelly", "revisions": [{"contentformat": "text/x-wiki", "contentmodel": "wikitext", "*": "{{Other Characters Infobox\n|image = PP6x12CassandraKelly.png\n|name = Cassandra Kelly\n|title = J.D.\n|status = Alive\n|job = Lawyer\n|only appearance = [[Full Release]]\n|seasons = '''[[Private Practice|PP]]:''' [[Season 6 (Private Practice)|6]]\n|portrayed by = [[Jennifer Say Gan]]\n}}\n\n'''Cassandra Kelly''' is Addison's lawyer.\n\n==History==\nCassandra was present as Addison's counsel during her final adoption hearing for Henry. When they learned that [[Mildred Clemons]] said she had concerns, which forced the judge to postpone the adoption, Cassandra asked Addison if anything unusual had happened at Mildred's last visit. Addison remembered that she'd met Jake and found out about his prior arrest. Addison was worried she could lose Henry.\n\n==Career==\nShe is a lawyer.\n\n{{DEFAULTSORT:Kelly, Cassandra}}\n[[Category:Characters]]\n[[Category:PP Characters]]\n[[Category:PP S6 Characters]]"}]}}}}