{"batchcomplete": "", "warnings": {"main": {"*": "Subscribe to the mediawiki-api-announce mailing list at <https://lists.wikimedia.org/postorius/lists/mediawiki-api-announce.lists.wikimedia.org/> for notice of API deprecations and breaking changes."}, "revisions": {"*": "Because \"rvslots\" was not specified, a legacy format has been used for the output. This format is deprecated, and in the future the new format will always be used."}}, "query": {"pages": {"75238": {"pageid": 75238, "ns": 0, "title": "Cassidy Gardner", "revisions": [{"contentformat": "text/x-wiki", "contentmodel": "wikitext", "*": "{{Patient Infobox\n|image = 16x07-13.jpg\n|name = Cassidy Gardner\n|status = Alive\n|diagnosis = *Abdominal bleeding\n*Pregnancy\n|doctors = *[[Owen Hunt]]\n*[[Amelia Shepherd]]\n|treatment = *Splenectomy\n*Medication abortion\n|children = [[Henry Gardner]]\n|only appearance = [[Papa Don't Preach]]\n|seasons = '''[[Grey's Anatomy|GA]]:''' [[Season 16 (Grey's Anatomy)|16]]\n|portrayed by = [[Hayley Chase]]\n}}\n\n'''Cassidy Gardner''' is a woman who came into the ER after falling down a flight of stairs.\n\n==History==\nCassidy came into the ER after falling down the stairs into her basement. Her son, Henry, came home and called 911 when he found her. In the ER, an ultrasound showed abdominal bleeding and that she was pregnant. She was upset that she was still pregnant, leading Owen to believe she'd thrown herself down the stairs to induce abortion. He told Amelia about his concern and Amelia went to talk to Cassidy herself in the hopes of figuring out what happened. Amelia explained that Cassidy needed surgery, but surgery would put the fetus at risk, so she needed to know if Cassidy wanted to continue the pregnancy. Cassidy said she couldn't afford another child. She was already struggling with just Henry. Owen asked her if she tried to abort by throwing herself down the stairs. She said she hadn't. She'd never do anything that could take her away from Henry. She had tried to go to a clinic with financial assistance, but something always came up and she couldn't go. So she used an herb she found on the internet and doubled it to make sure it would work. But the herb made her dizzy, which is how she fell down the stairs. Amelia said if she didn't want to continue the pregnancy, Owen could have someone from OB come during her surgery and do the abortion after the bleeding was controlled. However, Owen immediately contradicted that and said he'd rather deal with the bleeding and then deal with the pregnancy after she was done. Cassidy had her surgery and afterward, Amelia got a nurse from OB to come give her the first pill to induce abortion. The nurse explained that she'd take another pill at home and that she might have some discomfort as the pregnancy released and she had to follow up with an OB to make sure it worked and she didn't have an infection.\n\n==Relationships==\n===Familial===\nShe is a single mother to her son Henry. She says Henry is a great kid and is happy with the little she can give him.\n\n==Career==\nShe works at two different restaurants to make ends meet.\n\n==Gallery==\n===Episode Stills===\n<gallery orientation=\"landscape\" position=\"center\" spacing=\"small\" bordersize=\"none\" hideaddbutton=\"true\">\n16x07-1.jpg\n16x07-2.jpg\n16x07-3.jpg\n16x07-6.jpg\n16x07-7.jpg\n16x07-8.jpg\n16x07-9.jpg\n16x07-10.jpg\n16x07-11.jpg\n16x07-13.jpg\n16x07-14.jpg\n</gallery>\n\n{{DEFAULTSORT:Gardner, Cassidy}}\n[[Category:Characters]]\n[[Category:GA Characters]]\n[[Category:GA S16 Characters]]\n[[Category:Patients]]\n[[Category:Patients (ER)]]\n[[Category:Patients (OB/GYN)]]\n[[Category:Patients (Trauma)]]"}]}}}}