{"batchcomplete": "", "warnings": {"main": {"*": "Subscribe to the mediawiki-api-announce mailing list at <https://lists.wikimedia.org/postorius/lists/mediawiki-api-announce.lists.wikimedia.org/> for notice of API deprecations and breaking changes."}, "revisions": {"*": "Because \"rvslots\" was not specified, a legacy format has been used for the output. This format is deprecated, and in the future the new format will always be used."}}, "query": {"pages": {"52497": {"pageid": 52497, "ns": 0, "title": "Catherine (Mourning Sickness)", "revisions": [{"contentformat": "text/x-wiki", "contentmodel": "wikitext", "*": "{{Other Characters Infobox\n|image = PP6x02Catherine.png\n|name = Catherine\n|status = Alive\n|marital = Husband\n|only appearance = [[Mourning Sickness]]\n|seasons = '''[[Private Practice|PP]]:''' [[Season 6 (Private Practice)|6]]\n|portrayed by = [[Mandy McMillian]]\n}}\n\n'''Catherine''' was one of the mourners at Pete's funeral party.\n\n==History==\nAt Pete's funeral, Catherine told Violet a story of when she was chopping garlic and suddenly started convulsing. Her husband called 911, but by the time the EMTs arrived, her heart had stopped. She was defibrillated three times and taken to the ER, where Pete did 20 minutes of CPR and defibrillated her three more times. He didn't give up on her, which she appreciated.\n\n==Relationships==\n===Romantic===\nShe has a husband.\n\n{{DISPLAYTITLE:Catherine}}\n[[Category:Characters]]\n[[Category:PP Characters]]\n[[Category:PP S6 Characters]]"}]}}}}