{"batchcomplete": "", "warnings": {"main": {"*": "Subscribe to the mediawiki-api-announce mailing list at <https://lists.wikimedia.org/postorius/lists/mediawiki-api-announce.lists.wikimedia.org/> for notice of API deprecations and breaking changes."}, "revisions": {"*": "Because \"rvslots\" was not specified, a legacy format has been used for the output. This format is deprecated, and in the future the new format will always be used."}}, "query": {"pages": {"48964": {"pageid": 48964, "ns": 0, "title": "Cathy Becker", "revisions": [{"contentformat": "text/x-wiki", "contentmodel": "wikitext", "*": "{{Patient Infobox\n|image = 6x06CathyBecker.png\n|name = Cathy Becker\n|status = Deceased\n|diagnosis = *Burns\n*Second-degree burn\n*Tension pneumothorax\n*Pulmonary edema\n*Acute respiratory distress syndrome\n*Fulminant rhabdomyolysis\n*Multi-system organ failure\n*Disseminated intravascular coagulation\n|doctors = *[[Mark Sloan]]\n*[[Owen Hunt]]\n*[[Cristina Yang]]\n*[[April Kepner]]\n*[[Lexie Grey]]\n*[[Jackson Avery]]\n*[[Charles Percy]]\n*[[Alex Karev]]\n*[[Reed Adamson]]\n|treatment = *Debridement\n*Silver sulfadiazine\n*Cefazolin\n*Ibuprofen\n*Morphine\n*Chest tube\n*Cricothyrotomy\n*Oxygen\n*Central line\n|marital = [[Mr. Becker]] ''(husband)''\n|children = [[Danny Becker]]\n|only appearance = [[I Saw What I Saw]]\n|seasons = '''[[Grey's Anatomy|GA]]:''' [[Season 6 (Grey's Anatomy)|6]]\n|portrayed by = [[Erinn Hayes]]\n}}\n\n'''Cathy Becker''' was a patient who came into the ER after a hotel fire.\n\n==History==\nCathy and her son, Danny, were driving up to Vancouver to visit her husband, who was there for work, when a rain storm forced them to stop and stay at a hotel in Seattle. The hotel caught on fire and the occupants had to be evacuated. Cathy got out and was taken to the ER.\n\nIn the ER, April examined her and said the burns on her chest were minor, but the one on her calf was more serious and needed a plastics consult. [[Mark Sloan]] said it was deep second-degree and started debridement. When he was called away, he told [[Lexie Grey]] to finish debridement and cover it with silver sulfadiazine and loose gauze.\n\nAfter her burn was treated, she said she had pain on her chest burns. [[Cristina Yang]] examined her and ordered morphine.\n\nShortly after that, she had trouble breathing. Lexie put in a chest tube for a pneumothorax after Jackson relieved the pressure.\n\nHer airway was completely closed off, so [[Alex Karev]] did a cricothyrotomy when intubation failed. Despite this, she developed pulmonary edema. Despite their best efforts, her condition continued to decline until she died in the ER. Ultimately, [[Reed Adamson]] traced her death back to [[April Kepner|April]] failing to check her airway during the initial exam. If she had, she would have seen the soot in her throat and intubated immediately.\n\n==Relationships==\n===Romantic===\nShe is married to [[Mr. Becker]].\n\n===Familial===\nShe and her [[Danny Becker|son]] were injured in a hotel fire while on their way to visit her [[Mr. Becker|husband]].\n\n==Notes and Trivia==\n*She and Danny were staying on the first floor of the hotel.\n*[[April Kepner]] was fired over the mistake she made while treating Cathy.\n*She was pronounced dead at 12:45 AM.\n*To this day, April still thinks about Cathy and prays for her family.\n\n[[de:Cathy Becker]]\n\n{{DEFAULTSORT:Becker, Cathy}}\n[[Category:Characters]]\n[[Category:GA Characters]]\n[[Category:GA S6 Characters]]\n[[Category:Deceased Characters]]\n[[Category:Patients]]\n[[Category:Patients (ER)]]\n[[Category:Patients (Trauma)]]\n[[Category:Patients (Plastics)]]\n[[Category:Patients (Cardio)]]"}]}}}}