{"batchcomplete": "", "warnings": {"main": {"*": "Subscribe to the mediawiki-api-announce mailing list at <https://lists.wikimedia.org/postorius/lists/mediawiki-api-announce.lists.wikimedia.org/> for notice of API deprecations and breaking changes."}, "revisions": {"*": "Because \"rvslots\" was not specified, a legacy format has been used for the output. This format is deprecated, and in the future the new format will always be used."}}, "query": {"pages": {"48214": {"pageid": 48214, "ns": 0, "title": "Cathy Rogerson", "revisions": [{"contentformat": "text/x-wiki", "contentmodel": "wikitext", "*": "{{Patient Infobox\n|image = 319CathyRogerson.png\n|name = Cathy Rogerson\n|status = Deceased\n|diagnosis = *Fibrodysplasia ossificans progressiva\n*Internal bleeding\n|doctors = *[[Callie Torres]]\n*[[Preston Burke]]\n*[[Miranda Bailey]]\n*[[Cristina Yang]]\n*[[Alex Karev]]\n*[[George O'Malley]]\n*[[Izzie Stevens]]\n|treatment = *Anti-inflammatory meds\n*Surgery\n|children = [[Nina Rogerson]]\n|only appearance = [[My Favorite Mistake]]\n|seasons = '''[[Grey's Anatomy|GA]]:''' [[Season 3 (Grey's Anatomy)|3]]\n|portrayed by = [[Catherine Dent]]\n}}\n\n'''Cathy Rogerson''' was a patient who had a rare disease which caused bone to grow at the site of any trauma.\n\n==History==\nCathy came into the hospital after vomiting blood. [[Callie Torres|Callie]] examined her and ordered a CT. The CT revealed internal bleeding, probably caused by her anti-inflammatories. [[Preston Burke|Burke]] was called in to consult. He told Cathy that he could run a line up through her groin and use that to stop the bleeding. Even that was risky with her condition. She considered rejecting the surgery and allowing herself to bleed to death, but went through with it because of her daughter. In surgery, they were unable to stop the bleeding with the line, so they were forced to open her up, despite the additional risks. Despite their best efforts, she died during the surgery.\n\n==Relationships==\n===Familial===\nCathy was very close with her daughter, Nina. They used to build dollhouses together, but Cathy's help was limited by her condition. She said that she'd accepted that she was going to die, but Nina hadn't and Nina refused to let her talk about it. When she died, Nina was devastated.\n\n==Notes and Trivia==\n*She was 41 at the time of her death.\n*She used to build dollhouses.\n*She had movement only in her face and hands at the time of her death.\n\n{{DEFAULTSORT:Rogerson, Cathy}}\n[[Category:Characters]]\n[[Category:GA Characters]]\n[[Category:GA S3 Characters]]\n[[Category:Deceased Characters]]\n[[Category:Patients]]\n[[Category:Patients (Ortho)]]\n[[Category:Patients (Cardio)]]"}]}}}}