{"batchcomplete": "", "warnings": {"main": {"*": "Subscribe to the mediawiki-api-announce mailing list at <https://lists.wikimedia.org/postorius/lists/mediawiki-api-announce.lists.wikimedia.org/> for notice of API deprecations and breaking changes."}, "revisions": {"*": "Because \"rvslots\" was not specified, a legacy format has been used for the output. This format is deprecated, and in the future the new format will always be used."}}, "query": {"pages": {"49764": {"pageid": 49764, "ns": 0, "title": "Catherine", "revisions": [{"contentformat": "text/x-wiki", "contentmodel": "wikitext", "*": "{{Patient Infobox\n|image = PP104Catherine.png\n|name = Catherine\n|status = Alive\n|marital = [[Daniel]] ''(husband)''\n|children = [[Michael (In Which Addison Has a Very Casual Get Together)|Michael]]\n|only appearance = [[In Which Addison Has a Very Casual Get Together]]\n|seasons = '''[[Private Practice|PP]]:''' [[Season 1 (Private Practice)|1]]\n|portrayed by = [[Erica Yoder]]\n}}\n'''Catherine''' is the mother of [[Michael (In Which Addison Has a Very Casual Get Together)|Michael]].\n\n==History==\nCatherine came to the practice with her son, Michael, who was sick. Cooper tested him for mono, but the test was negative. After Catherine left the room, Michael admitted he wasn't sick, just in love. Cooper encouraged him to confess his feelings.\n\nCatherine later returned to the practice with her husband when Michael went missing after being beaten up. Cooper agreed to join the search and ultimately found Michael on a roof.\n\n==Relationships==\n===Romantic===\nShe is married to [[Daniel]].\n\n===Familial===\nHer son, Michael, ran away after being beaten up by his best friend, Brian, whom he had asked out on a date.\n[[Category:Characters]]\n[[Category:PP Characters]]\n[[Category:PP S1 Characters]]"}]}}}}