{"batchcomplete": "", "warnings": {"main": {"*": "Subscribe to the mediawiki-api-announce mailing list at <https://lists.wikimedia.org/postorius/lists/mediawiki-api-announce.lists.wikimedia.org/> for notice of API deprecations and breaking changes."}, "revisions": {"*": "Because \"rvslots\" was not specified, a legacy format has been used for the output. This format is deprecated, and in the future the new format will always be used."}}, "query": {"pages": {"74931": {"pageid": 74931, "ns": 0, "title": "Cecil Taylor", "revisions": [{"contentformat": "text/x-wiki", "contentmodel": "wikitext", "*": "{{Intern and Resident Infobox\n|name = Cecil Taylor\n|image = 16x04CecilTaylor.png\n|status = Alive\n|title = M.D.\n|job = [[General Surgery|Surgical]] [[Internship|Intern]]\n|workplace = [[Pacific Northwest General Hospital]]\n|first appearance = [[Back in the Saddle]]\n|last appearance = [[Papa Don't Preach]]\n|count = 4\n|seasons = '''[[Grey's Anatomy|GA]]:''' [[Season 16 (Grey's Anatomy)|16]]\n|portrayed by = [[Jeremiah Miller]]\n}}\n'''Cecil Taylor''' is a surgical intern at [[Pacific Northwest General Hospital]].\n\n==History==\n===Getting Scolded===\nCecil was scolded by Richard for paging him for a non-surgical patient. ''(\"[[Back in the Saddle]]\")''\n\n===Taking Orders===\nAlex gave Cecil several orders for various patients. After a few, he grabbed a notebook to write them down, fearful he wouldn't remember them. Later that day, Owen told him to page the head of vascular when he brought in [[Yan Huang]], who had a ruptured AV fistula. Cecil said they didn't have one and paged Richard instead. They then took Yan to the OR and Cecil was allowed to scrub in. ''(\"[[It's Raining Men]]\")''\n\n===ICU Patients===\nCecil helped Owen monitor patients in the ICU. When multiple patients crashed unexpectedly, they traced the cause back to spoiled blood transfusions. ''(\"[[Whistlin' Past the Graveyard]]\")''\n\n===Cassidy Gardner===\nWhen [[Cassidy Gardner]] came into the ER after falling down a flight of stairs, Cecil helped Owen examine her. When Owen did an abdominal ultrasound, he asked Cecil what he saw on the ultrasound. Cecil asked if it was excess fluid, but it was actually a heartbeat. Cassidy was pregnant. ''(\"[[Papa Don't Preach]]\")''\n\n==Career==\nHe is a [[General Surgery|surgical]] [[Internship|intern]] at [[Pacific Northwest General Hospital]].\n\n==Notes and Trivia==\n*In his first appearance, he was credited as E.R. Intern.\n\n==Gallery==\n===Episodic===\n<gallery type=\"slideshow\" position=\"center\" hideaddbutton=\"true\" crop=\"true\">\n16x02CecilTaylor.png|[[Back in the Saddle]]\n16x04CecilTaylor.png|[[It's Raining Men]]\n16x06CecilTaylor.png|[[Whistlin' Past the Graveyard]]\n16x07CecilTaylor.png|[[Papa Don't Preach]]\n</gallery>\n\n===Episode Stills===\n<gallery orientation=\"landscape\" position=\"center\" spacing=\"small\" bordersize=\"none\" hideaddbutton=\"true\">\n16x07-1.jpg\n16x07-3.jpg\n</gallery>\n\n==Appearances==\n{{Cecil Taylor Appearances}}\n{{DEFAULTSORT:Taylor, Cecil}}\n[[Category:Characters]]\n[[Category:GA Characters]]\n[[Category:GA S16 Characters]]\n[[Category:Doctors]]"}]}}}}