{"batchcomplete": "", "warnings": {"main": {"*": "Subscribe to the mediawiki-api-announce mailing list at <https://lists.wikimedia.org/postorius/lists/mediawiki-api-announce.lists.wikimedia.org/> for notice of API deprecations and breaking changes."}, "revisions": {"*": "Because \"rvslots\" was not specified, a legacy format has been used for the output. This format is deprecated, and in the future the new format will always be used."}}, "query": {"pages": {"48242": {"pageid": 48242, "ns": 0, "title": "Celeste Newman", "revisions": [{"contentformat": "text/x-wiki", "contentmodel": "wikitext", "*": "{{Patient Infobox\n|image = 3x21-15.jpg\n|name = Celeste Newman\n|status = Alive\n|doctors = *[[Addison Forbes Montgomery]]\n*[[George O'Malley]]\n|job = '''Former'''<br>\nAdministrative Assistant\n|only appearance = [[Desire]]\n|seasons = '''[[Grey's Anatomy|GA]]:''' [[Season 3 (Grey's Anatomy)|3]]\n|portrayed by = [[Rowena King]]\n}}\n\n'''Celeste Newman''' was [[Lawrence Jennings|Larry Jennings']] assistant and mistress.\n\n==History==\nCeleste came to the hospital with her boss when he was hospitalized. She said that she should be tested because if he had something, she probably had it as well. Addison ran the tests, but the results were all negative.\n\nWhen Larry got out of surgery, [[Nancy Jennings]] asked [[George O'Malley]] to tell Celeste, because she was worried about him.\n\nCeleste later came into Larry's room and told him she'd rescheduled his meetings for the next week and asked Danny to step in. She then left him.\n\n==Relationships==\n===Romantic===\nShe was sleeping with her boss, Larry. They'd been seeing each other for five years and he still hadn't left his wife. She stayed with him anyway, saying it's rare to find someone you can work and play with. However, after his surgery, she asked Danny to step in to take over and left Larry.\n\n==Career==\nShe was Larry's administrative assistant. However, after his surgery, she quit her job along with leaving him.\n\n{{DEFAULTSORT:Newman, Celeste}}\n[[Category:Characters]]\n[[Category:GA Characters]]\n[[Category:GA S3 Characters]]\n[[Category:Patients]]\n[[Category:Patients (OB/GYN)]]"}]}}}}