{"batchcomplete": "", "warnings": {"main": {"*": "Subscribe to the mediawiki-api-announce mailing list at <https://lists.wikimedia.org/postorius/lists/mediawiki-api-announce.lists.wikimedia.org/> for notice of API deprecations and breaking changes."}, "revisions": {"*": "Because \"rvslots\" was not specified, a legacy format has been used for the output. This format is deprecated, and in the future the new format will always be used."}}, "query": {"pages": {"32895": {"pageid": 32895, "ns": 0, "title": "Chad", "revisions": [{"contentformat": "text/x-wiki", "contentmodel": "wikitext", "*": "{{Patient Infobox\n|image = 805Chad.png\n|name = Chad\n|status = Alive\n|siblings = [[Ryan]]\n|only appearance = [[Love, Loss and Legacy]]\n|seasons = '''[[Grey's Anatomy|GA]]:''' [[Season 8 (Grey's Anatomy)|8]]\n|portrayed by = [[Robert Hoffman]]\n}}\n'''Chad''' is the brother of [[Ryan]], the first penile transplant recipient in the US.\n\n==History==\n===Ryan's Surgery===\nChad came to [[Seattle]] with Ryan when the time came for him to receive his penis transplant. He and his brother were very close. Chad was very concerned with Ryan's surgery going well and him being pleased with the result. Once the surgery was complete, Ryan offered Chad one free look, but Chad declined, saying he was happy if Ryan was happy.\n\n==Relationships==\n===Familial===\nChad is very close to his brother, Ryan, the first penis transplant recipient in the country.\n[[Category:Characters]]\n[[Category:GA Characters]]\n[[Category:GA S8 Characters]]"}]}}}}