{"batchcomplete": "", "warnings": {"main": {"*": "Subscribe to the mediawiki-api-announce mailing list at <https://lists.wikimedia.org/postorius/lists/mediawiki-api-announce.lists.wikimedia.org/> for notice of API deprecations and breaking changes."}, "revisions": {"*": "Because \"rvslots\" was not specified, a legacy format has been used for the output. This format is deprecated, and in the future the new format will always be used."}}, "query": {"pages": {"65655": {"pageid": 65655, "ns": 0, "title": "Chad (Season 14)", "revisions": [{"contentformat": "text/x-wiki", "contentmodel": "wikitext", "*": "{{Police Officer Infobox\n|image = 14x10Chad.png\n|name = Chad\n|status = Alive\n|job = Police Officer\n|workplace = Seattle Police Department\n|only appearance = [[Personal Jesus]]\n|seasons = '''[[Grey's Anatomy|GA]]:''' [[Season 14 (Grey's Anatomy)|14]]\n|portrayed by = [[Santiago Segura]]\n}}\n\n'''Chad''' is a police officer sent to monitor [[Eric Sterling]] after he was shot by another officer.\n\n==History==\nWhen [[Eric Sterling]] was shot by another officer after climbing through a window into his own home, Chad and [[Greg]] were sent to stay with him and keep him in custody while the other officer went to the station to answer questions.\n\n==Career==\nHe is a police officer with the Seattle Police Department.\n\n==Gallery==\n===Episode Stills===\n<gallery orientation=\"landscape\" hideaddbutton=\"true\" position=\"center\" spacing=\"small\" bordersize=\"none\">\n14x10-2.jpg\n14x10-3.jpg\n14x10-5.jpg\n14x10-8.jpg\n14x10-13.jpg\n</gallery>\n\n{{DISPLAYTITLE:Chad}}\n[[Category:Characters]]\n[[Category:GA Characters]]\n[[Category:GA S14 Characters]]\n[[Category:Police Officers]]"}]}}}}