{"batchcomplete": "", "warnings": {"main": {"*": "Subscribe to the mediawiki-api-announce mailing list at <https://lists.wikimedia.org/postorius/lists/mediawiki-api-announce.lists.wikimedia.org/> for notice of API deprecations and breaking changes."}, "revisions": {"*": "Because \"rvslots\" was not specified, a legacy format has been used for the output. This format is deprecated, and in the future the new format will always be used."}}, "query": {"pages": {"81923": {"pageid": 81923, "ns": 0, "title": "Chad Anderson", "revisions": [{"contentformat": "text/x-wiki", "contentmodel": "wikitext", "*": "{{Patient Infobox\n|image = 17x12-28.jpg\n|name = Chad Anderson\n|died = 2020; [[Seattle]], Washington\n|status = Deceased\n|diagnosis = *COVID-19\n*Deep vein thrombosis\n*Pulmonary embolism\n|doctors = *[[Miranda Bailey]]\n*[[Teddy Altman]]\n*[[Mabel Tseng]]\n|treatment = Cardiopulmonary resuscitation\n|only appearance = [[Sign O' the Times]]\n|seasons = '''[[Grey's Anatomy|GA]]:''' [[Season 17 (Grey's Anatomy)|17]]\n|portrayed by = [[Coby Ryan McLaughlin]]\n}}\n\n'''Chad Anderson''' is a patient who believed COVID-19 was fake.\n\n==History==\nChad was out jogging when he collapsed. he was taken to the hospital, where he was short of breath. He was convinced it was just an expired inhaler to blame and asked for a new prescription. Bailey had him moved to an isolated room and ordered tests, including a COVID swab. He said that wasn't necessary as he knew COVID was fake. Bailey later reported to him that his COVID test had come back positive. A chest x-ray had shown ground glass opacities in his lungs, which is why he was short of breath. He also had a clot in his leg and what dermatologists were calling COVID toe, a rash specific to COVID patients. Chad still believed it was fake and refused to accept her diagnoses, saying runners don't get blood clots. He refused her prescribed treatment and signed himself out of the hospital against medical advice. Before he could get far, he collapsed outside the hospital. Teddy, Mabel, and Bailey attempted resuscitation, but Chad died despite their best efforts.\n\n==Gallery==\n===Episode Stills===\n<gallery orientation=\"landscape\" position=\"center\" spacing=\"small\" bordersize=\"none\" hideaddbutton=\"true\">\n17x12-1.jpg\n17x12-27.jpg\n17x12-28.jpg\n17x12-29.jpg\n17x12-30.jpg\n</gallery>\n\n{{DEFAULTSORT:Anderson, Chad}}\n[[Category:Characters]]\n[[Category:GA Characters]]\n[[Category:GA S17 Characters]]\n[[Category:Deceased Characters]]\n[[Category:Patients]]\n[[Category:Patients (Cardio)]]\n[[Category:Patients (ER)]]"}]}}}}