{"batchcomplete": "", "warnings": {"main": {"*": "Subscribe to the mediawiki-api-announce mailing list at <https://lists.wikimedia.org/postorius/lists/mediawiki-api-announce.lists.wikimedia.org/> for notice of API deprecations and breaking changes."}, "revisions": {"*": "Because \"rvslots\" was not specified, a legacy format has been used for the output. This format is deprecated, and in the future the new format will always be used."}}, "query": {"pages": {"48680": {"pageid": 48680, "ns": 0, "title": "Charles Hiott", "revisions": [{"contentformat": "text/x-wiki", "contentmodel": "wikitext", "*": "{{Patient Infobox\n|image = 506Charles.png\n|name = Charles Hiott\n|status = Alive\n|diagnosis = *Ecchymosis\n*Internal bleeding\n|doctors = *[[Owen Hunt]]\n*[[Izzie Stevens]]\n|treatment = Surgery\n|only appearance = [[Life During Wartime]]\n|seasons = '''[[Grey's Anatomy|GA]]:''' [[Season 5 (Grey's Anatomy)|5]]\n|portrayed by = [[Michael Hagiwara]]\n}}\n'''Charles Hiott''' is a patient who came into the ER after a car accident.\n\n==History==\nCharles was brought to the ER after a car accident with bruising on his abdomen, indicating internal bleeding. Izzie did an ultrasound which showed free fluid. They got a CT, which confirmed internal bleeding. He was taken into surgery, where his injuries were repaired.\n\n==Notes and Trivia==\n*He was 46 at the time of his car accident.\n\n==Gallery==\n===Episode Stills===\n<gallery orientation=\"landscape\" position=\"center\" spacing=\"small\" bordersize=\"none\" hideaddbutton=\"true\">\n5x06-8.jpg\n</gallery>\n\n{{DEFAULTSORT:Hiott, Charles}}\n[[Category:Characters]]\n[[Category:GA Characters]]\n[[Category:GA S5 Characters]]\n[[Category:Patients]]\n[[Category:Patients (ER)]]\n[[Category:Patients (Trauma)]]"}]}}}}