{"batchcomplete": "", "warnings": {"main": {"*": "Subscribe to the mediawiki-api-announce mailing list at <https://lists.wikimedia.org/postorius/lists/mediawiki-api-announce.lists.wikimedia.org/> for notice of API deprecations and breaking changes."}, "revisions": {"*": "Because \"rvslots\" was not specified, a legacy format has been used for the output. This format is deprecated, and in the future the new format will always be used."}}, "query": {"pages": {"48834": {"pageid": 48834, "ns": 0, "title": "Charlotte", "revisions": [{"contentformat": "text/x-wiki", "contentmodel": "wikitext", "*": "{{Patient Infobox\n|image = 12x08Charlotte.png\n|name = Charlotte\n|status = Alive\n|diagnosis = Burns\n|doctors = [[Arizona Robbins]]\n|treatment = *Debridement\n*Bandaging\n|job = Firefighter\n|workplace = [[Seattle Fire Department]]\n|only appearance = [[Things We Lost in the Fire (Grey's Anatomy)|Things We Lost in the Fire]]\n|seasons = '''[[Grey's Anatomy|GA]]:''' [[Season 12 (Grey's Anatomy)|12]]\n|portrayed by = [[Nikki Deloach]]\n}}\n\n'''Charlotte''' is a firefighter who was burned in the Mt. Baker fire.\n\n==History==\nWhile fighting a wildfire on Mt. Baker, Charlotte sustained a burn to one butt cheek. She was brought to the ER, where her burn was treated by [[Arizona Robbins]]. She was told her burn would heal in about six weeks and given crutches to use until it didn't hurt to walk anymore.\n\n==Relationships==\n===Romantic===\n====[[Alice]]====\nShe is dating Alice. Alice came to the hospital to take her home even though she said she was fine.\n\n====[[Arizona Robbins]]====\nWhile Arizona was treating her, she flirted with Charlotte. As she was being discharged, Arizona invited her to get a cup of coffee, but the invitation was interrupted by Charlotte's girlfriend coming to get her.\n\n==Career==\nCharlotte is a firefighter with [[Seattle Fire Department]]. While fighting a fire on Mt. Baker, she was burned on her butt. She feels guilty for being happy when there's fires because that's how she makes her living.\n\n==Notes and Trivia==\n*She says no guy has seen her butt since a middle school wardrobe malfunction.\n[[Category:Characters]]\n[[Category:GA Characters]]\n[[Category:GA S12 Characters]]\n[[Category:Patients]]\n[[Category:Patients (ER)]]\n[[Category:Patients (Trauma)]]\n[[Category:Patients (Plastics)]]\n[[Category:Firefighters]]"}]}}}}