{"batchcomplete": "", "warnings": {"main": {"*": "Subscribe to the mediawiki-api-announce mailing list at <https://lists.wikimedia.org/postorius/lists/mediawiki-api-announce.lists.wikimedia.org/> for notice of API deprecations and breaking changes."}, "revisions": {"*": "Because \"rvslots\" was not specified, a legacy format has been used for the output. This format is deprecated, and in the future the new format will always be used."}}, "query": {"pages": {"2130": {"pageid": 2130, "ns": 0, "title": "Charlie Yost", "revisions": [{"contentformat": "text/x-wiki", "contentmodel": "wikitext", "*": "{{Patient Infobox\n|image = 4x03-4.jpg\n|name = Charlie Yost\n|status = Deceased\n|alias = *Really Old Guy\n*Really Dead Guy\n|diagnosis = Semi-comatose state\n|doctors = [[Izzie Stevens]]\n|treatment = Dialysis\n|first appearance = [[Let the Angels Commit]]\n|last appearance = [[Let the Truth Sting]]\n|count = 3\n|seasons = '''[[Grey's Anatomy|GA]]:''' [[Season 3 (Grey's Anatomy)|3]] and [[Season 4 (Grey's Anatomy)|4]]\n|portrayed by = [[Jack Axelrod]]\n}}\n'''Charlie Yost''' or '''Really Old Guy''' was an elderly patient in a semi-comatose state at [[Seattle Grace Hospital|Seattle Grace]].\n\n==History==\n===Interns===\nShortly after [[Izzie Stevens|Izzie]] quit after Denny died, the interns left the normal dining area to dine in Charlie Yost's room. ''(\"[[Let the Angels Commit]]\")''\n\nCharlie had come into the hospital after a fall, had surgery, and didn't wake up afterward. He received dialysis three times a week and got daily labs. ''(\"[[Let the Truth Sting]]\")''\n\n===Death===\nAfter months dining in his room, Izzie was shocked to discover he had woken up but he soon revealed that he only woke up so he could die. He started tearing cords out of the wall and unhooking the mechanisms that were keeping him alive. He stopped breathing, but Izzie was able to revive him, much to his chagrin.\n\n[[File:3x06-2.jpg|thumb|left|220px|Really old guy in his coma.]]\n\nIn between trying to end the suffering, he gave Izzie some advice. Charlie said if somebody really wanted to do something, then they'd do it \u2014 he'd die if he wanted to, in other words, while George wasn't leaving Callie (he knew about the love triangle while semi-conscious in his coma).\n\nLater, Charlie checked out of Seattle Grace. He was all dressed up and ready to go in his wheelchair. That's when he died peacefully. Izzie brought everybody in so they could have a mini-memorial for him. After the surgeons each said some nice words, Izzie spoke about how Charlie was a bastard, but a bastard who knew what he wanted and didn't stop until he got it (Izzie was hinting to George when she said it). ''(\"[[Let the Truth Sting]]\")''\n\n==Notes and Trivia==\n*Meredith was known to him as the doctor always running hot and cold with the brain surgeon, Alex was in love with a patient, and Izzie (whom he called \"Blondie\") was in love with George, who was married.<ref>[[Let the Truth Sting]], 4x03</ref>\n*He was 82 years old when he died.<ref>[[Let the Truth Sting]], 4x03</ref>\n*He was semi-comatose for 352 days.<ref>[[Let the Truth Sting]], 4x03</ref>\n*He wanted his final meal to be lobster.<ref>[[Let the Truth Sting]], 4x03</ref>\n*At his memorial, George said he didn't snore too loudly, Meredith said he didn't complain and always took his meds, Alex said he hardly ever farted and he had 12 surgeries that year and survived all of them, Cristina said he was good practice for her, and Izzie said he was a bastard, but a bastard who knew what he wanted.\n\n==Gallery==\n===Episodic===\n<gallery type=\"slideshow\" position=\"center\" crop=\"true\" hideaddbutton=\"true\">\n306CharlieYost.png|[[Let the Angels Commit]]\n310CharlieYost.png|[[Don't Stand So Close to Me]]\n403CharlieYost.png|[[Let the Truth Sting]]\n</gallery>\n\n===Episode Stills===\n<gallery orientation=\"landscape\" position=\"center\" spacing=\"small\" bordersize=\"none\" hideaddbutton=\"true\">\n3x06-2.jpg\n3x06-3.jpg\n4x03-4.jpg\n4x03-9.jpg\n4x03-15.jpg\n</gallery>\n\n==Appearances==\n{{Charlie Yost Appearances}}\n{{Scrollbox}}\n\n[[fr:Charlie Yost]]\n[[de:Charlie Yost]]\n\n{{DEFAULTSORT:Yost, Charlie}}\n[[Category:GA Characters]]\n[[Category:Characters]]\n[[Category:Patients]]\n[[Category:Deceased Characters]]\n[[Category:GA S3 Characters]]\n[[Category:GA S4 Characters]]"}]}}}}