{"batchcomplete": "", "warnings": {"main": {"*": "Subscribe to the mediawiki-api-announce mailing list at <https://lists.wikimedia.org/postorius/lists/mediawiki-api-announce.lists.wikimedia.org/> for notice of API deprecations and breaking changes."}, "revisions": {"*": "Because \"rvslots\" was not specified, a legacy format has been used for the output. This format is deprecated, and in the future the new format will always be used."}}, "query": {"pages": {"51674": {"pageid": 51674, "ns": 0, "title": "Charles Hall", "revisions": [{"contentformat": "text/x-wiki", "contentmodel": "wikitext", "*": "{{Patient Infobox\n|image = 12x14CharlesHall.png\n|name = Charles Hall\n|status = Alive\n|diagnosis = *Prematurity\n*Hypotension\n|doctors = [[Alex Karev]]\n|treatment = *Intubation\n*NICU Care\n|parents = *[[Courtney Hall]]\n*[[Doug Hall]]\n|only appearance = [[Odd Man Out]]\n|seasons = '''[[Grey's Anatomy|GA]]:''' [[Season 12 (Grey's Anatomy)|12]]\n}}\n\n'''Charles Hall''' is the son of [[Courtney Hall|Courtney]] and [[Doug Hall]], who was born extremely prematurely.\n\n==History==\nCharles was part of a quadruplet pregnancy. Two of the others had conjoined vessels that had to be separated with fetal surgery. When his mom, [[Courtney Hall|Courtney]] went into labor at 23 weeks, Charles had to be delivered. However, [[Arizona Robbins|Arizona]] was able to stop labor and delay the other three births while Charles was taken to the NICU, where he was oxygenating well despite his prematurity.\n\n==Notes and Trivia==\n*He was the only male fetus in the pregnancy.\n\n{{DEFAULTSORT:Hall, Charles}}\n[[Category:Characters]]\n[[Category:GA Characters]]\n[[Category:GA S12 Characters]]\n[[Category:Patients]]\n[[Category:Patients (Neonatal)]]"}]}}}}