{"batchcomplete": "", "warnings": {"main": {"*": "Subscribe to the mediawiki-api-announce mailing list at <https://lists.wikimedia.org/postorius/lists/mediawiki-api-announce.lists.wikimedia.org/> for notice of API deprecations and breaking changes."}, "revisions": {"*": "Because \"rvslots\" was not specified, a legacy format has been used for the output. This format is deprecated, and in the future the new format will always be used."}}, "query": {"pages": {"43397": {"pageid": 43397, "ns": 0, "title": "Charlie Abbott", "revisions": [{"contentformat": "text/x-wiki", "contentmodel": "wikitext", "*": "{{Patient Infobox\n|image = 11x21CharlieAbbott.png\n|name = Charlie Abbott\n|status = Alive\n|diagnosis = Head injury\n|doctors = *[[Derek Shepherd]]\n*[[Toby (How to Save a Life)|Toby]]\n|treatment = Staples\n|parents = Father\n|only appearance = [[How to Save a Life]]\n|seasons = '''[[Grey's Anatomy|GA]]:''' [[Season 11 (Grey's Anatomy)|11]]\n|portrayed by = [[Robby Rasmussen]]\n}}\n'''Charlie Abbott''' was helped by [[Derek Shepherd]] after being in a car accident.\n\n==History==\n===Drive with Alana===\nThe morning of the crash, Charlie asked a classmate, [[Alana]], to go for a drive with him. She accepted and he took her in his dad's car on a mostly deserted road.\n\n===Car Accident===\nWhile they were driving, Charlie was consistently speeding, dangerously weaving as he passed other cars. He successfully passed [[Derek Shepherd]], but when he went to pass [[Sarah|Sarah's]] car, he clipped the front end, sending both cars flying. Alana and Charlie were both ejected from the vehicle, likely because they weren't wearing seat belts.\n\nCharlie had a head injury from the crash, which confused him, causing him to start to wander down the road away from the crash site. Derek went to search for him and found him walking in the middle of the road. Derek managed to get him back over by the car. When the upended car burst into flames, Derek had to carry Charlie, who was still confused and weak, away from the car so that he was not injured further when it exploded. The smoke from the car led rescue workers to their location and Charlie and the others were put in ambulances and taken to the hospital.\n\nIn the ER at [[Dillard Medical Center]], Charlie had staples put into his scalp to close the laceration.\n\n==Relationships==\n===Familial===\nThe car he was driving when he crashed was said to be his father's.\n\n==Notes and Trivia==\n*He was 17 at the time of the car accident.\n*He takes remedial math at school.\n*He was prom king.\n\n==Gallery==\n===Episode Stills===\n<gallery orientation=\"landscape\" position=\"center\" spacing=\"small\" bordersize=\"none\" hideaddbutton=\"true\">\n11x21-2.jpg\n11x21-3.jpg\n11x21-20.jpg\n</gallery>\n\n{{DEFAULTSORT:Abbott, Charlie}}\n[[Category:Characters]]\n[[Category:GA Characters]]\n[[Category:GA S11 Characters]]\n[[Category:Patients]]\n[[Category:Patients (ER)]]\n[[Category:Patients (Neuro)]]\n[[Category:Patients (Trauma)]]"}]}}}}