{"batchcomplete": "", "warnings": {"main": {"*": "Subscribe to the mediawiki-api-announce mailing list at <https://lists.wikimedia.org/postorius/lists/mediawiki-api-announce.lists.wikimedia.org/> for notice of API deprecations and breaking changes."}, "revisions": {"*": "Because \"rvslots\" was not specified, a legacy format has been used for the output. This format is deprecated, and in the future the new format will always be used."}}, "query": {"pages": {"48235": {"pageid": 48235, "ns": 0, "title": "Charles Redford", "revisions": [{"contentformat": "text/x-wiki", "contentmodel": "wikitext", "*": "{{Patient Infobox\n|image = 320CharlesRedford.png\n|name = Charles Redford\n|status = Alive\n|doctors = *[[Colin Marlow]]\n*[[Preston Burke]]\n*[[Cristina Yang]]\n|treatment = Heterotopic heart transplant\n|only appearance = [[Time After Time]]\n|seasons = '''[[Grey's Anatomy|GA]]:''' [[Season 3 (Grey's Anatomy)|3]]\n|portrayed by = [[Brent Jennings]]\n}}\n\n'''Charles Redford''' is a patient who came in for a heterotopic heart transplant.\n\n==History==\nCharles was in the hospital to receive a heterotopic heart transplant. He was nervous about his surgery, despite having two of the best cardiothoracic surgeons in the country operating on him. They explained the procedure to him before taking him into surgery. His surgery was successful.\n\n==Notes and Trivia==\n*He played chess to distract himself from his impending surgery.\n\n==Gallery==\n===Episode Stills===\n<gallery orientation=\"landscape\" position=\"center\" spacing=\"small\" bordersize=\"none\" hideaddbutton=\"true\">\n3x20-5.jpg\n3x20-6.jpg\n3x20-7.jpg\n</gallery>\n\n{{DEFAULTSORT:Redford, Charles}}\n[[Category:Characters]]\n[[Category:GA Characters]]\n[[Category:GA S3 Characters]]\n[[Category:Patients]]\n[[Category:Patients (Cardio)]]"}]}}}}