{"batchcomplete": "", "warnings": {"main": {"*": "Subscribe to the mediawiki-api-announce mailing list at <https://lists.wikimedia.org/postorius/lists/mediawiki-api-announce.lists.wikimedia.org/> for notice of API deprecations and breaking changes."}, "revisions": {"*": "Because \"rvslots\" was not specified, a legacy format has been used for the output. This format is deprecated, and in the future the new format will always be used."}}, "query": {"pages": {"34184": {"pageid": 34184, "ns": 0, "title": "Charlie Bilson", "revisions": [{"contentformat": "text/x-wiki", "contentmodel": "wikitext", "*": "{{Patient Infobox\n|image = 814CharlieBilson.png\n|name = Charlie Bilson\n|died = February 14, 2012, 7:53 PM; [[Seattle]], Washington\n|status = Deceased\n|diagnosis = *Crush injuries\n*Internal bleeding\n*Broken nose\n|doctors = *[[Richard Webber]]\n*[[Mark Sloan]]\n*[[Jackson Avery]]\n*[[Lexie Grey]]\n|treatment = Surgery\n|only appearance = [[All You Need is Love]]\n|seasons = '''[[Grey's Anatomy|GA]]:''' [[Season 8 (Grey's Anatomy)|8]]\n|portrayed by = [[John Pollono]]\n}}\n'''Charlie Bilson''' came into the hospital after he was hit by a car while chasing his girlfriend.\n\n==History==\nThe morning of Valentine's Day, Charlie's girlfriend, [[Sharon (All You Need is Love)|Sharon]] was expecting him to propose. When instead of a ring, he gave her a locket, she ran out into the street. He followed her, which resulted in him getting hit by a car. Sharon also sustained a small laceration to her arm.\n\nSharon and Charlie were taken to the ER together, where Sharon continued to scream at Charlie, even insisting that they were over. While Charlie was examined in the ER, Lexie took Sharon to stitch up her arm. While her arm was being stitched, Sharon explained their situation and why she had been so upset to receive a necklace instead of a ring.\n\nCharlie was discovered to have extensive internal bleeding, so he was taken into surgery. Richard and Lexie operated and then took Charlie to the ICU.\n\nCharlie was stable in the ICU for a while before his condition deteriorated. Despite their best efforts, the doctors were unable to revive him and he was pronounced dead in the ICU at 7:53 PM.\n\nWhile gathering Charlie's personal belongings, Lexie found the necklace he had given Sharon and opened it. Inside, it read \"Will you marry me?\"\n\n==Relationships==\n===Romantic===\nHe had been dating Sharon for eight years. She was upset that he had not proposed in that time.\n\n==Notes and Trivia==\n*He was 32 at the time of his death.\n*He was pronounced dead at 7:53 PM.\n\n{{DEFAULTSORT:Bilson, Charlie}}\n[[Category:Characters]]\n[[Category:GA Characters]]\n[[Category:GA S8 Characters]]\n[[Category:Deceased Characters]]\n[[Category:Patients]]\n[[Category:Patients (ER)]]\n[[Category:Patients (General)]]\n[[Category:Patients (ENT)]]\n[[Category:Patients (Trauma)]]"}]}}}}