{"batchcomplete": "", "warnings": {"main": {"*": "Subscribe to the mediawiki-api-announce mailing list at <https://lists.wikimedia.org/postorius/lists/mediawiki-api-announce.lists.wikimedia.org/> for notice of API deprecations and breaking changes."}, "revisions": {"*": "Because \"rvslots\" was not specified, a legacy format has been used for the output. This format is deprecated, and in the future the new format will always be used."}}, "query": {"pages": {"34339": {"pageid": 34339, "ns": 0, "title": "Charlie Connor", "revisions": [{"contentformat": "text/x-wiki", "contentmodel": "wikitext", "*": "{{Patient Infobox\n|image = 822CharlieConnor.png\n|name = Charlie Connor\n|status = Alive\n|alias = Humpty Dumpty\n|diagnosis = Bone gap\n|doctors = *[[Derek Shepherd]]\n*[[Mark Sloan]]\n*[[Lexie Grey]]\n|treatment = Cranioplasty\n|marital = [[Liz Connor]] ''(wife)''\n|only appearance = [[Let the Bad Times Roll]]\n|seasons = '''[[Grey's Anatomy|GA]]:''' [[Season 8 (Grey's Anatomy)|8]]\n|portrayed by = [[David DeLuise]]\n}}\n'''Charlie Connor''' is a patient who came in to have his skull reconstructed after a roofing accident.\n\n==History==\n===Roof Accident===\nCharlie fell off his roof while trying to repair it. They had to remove part of his skull due to swelling in his brain.\n\n===Skull Repair===\nSix months after his accident, Charlie had a skull bone defect that developed because of his missing skull portion. They created a titanium plate to replace the missing skull bone and then Mark planned to take fat from his belly to mold his face back into its previous shape. Charlie was very fascinated in the hardware of the procedure and suggested that they just do it in his garage instead as he had the equipment they needed.\n\nThe surgery went well and Charlie was looking forward to getting back on the ladder. His wife told him that he was clumsy and she didn't want him to keep working on the house even though he loves it because she didn't want to lose him.\n\n==Relationships==\n===Romantic===\nHe is married to [[Liz Connor]].\n\n==Notes and Trivia==\n*He was 37 at the time of his cranioplasty.\n*Charlie is the last patient to be treated by Lexie on screen.\n\n{{DEFAULTSORT:Connor, Charlie}}\n[[Category:Characters]]\n[[Category:GA Characters]]\n[[Category:GA S8 Characters]]\n[[Category:Patients]]\n[[Category:Patients (Neuro)]]\n[[Category:Patients (Plastics)]]"}]}}}}