{"batchcomplete": "", "warnings": {"main": {"*": "Subscribe to the mediawiki-api-announce mailing list at <https://lists.wikimedia.org/postorius/lists/mediawiki-api-announce.lists.wikimedia.org/> for notice of API deprecations and breaking changes."}, "revisions": {"*": "Because \"rvslots\" was not specified, a legacy format has been used for the output. This format is deprecated, and in the future the new format will always be used."}}, "query": {"pages": {"66744": {"pageid": 66744, "ns": 0, "title": "Charlie Peterson", "revisions": [{"contentformat": "text/x-wiki", "contentmodel": "wikitext", "*": "{{Patient Infobox\n|image = 14x15CharliePeterson.png\n|name = Charlie Peterson\n|status = Alive\n|alias =\n|diagnosis =\n|doctors = \n|treatment = \n|parents = [[June Peterson]]\n|only appearance = [[Old Scars, Future Hearts]]\n|seasons = '''[[Grey's Anatomy|GA]]:''' [[Season 14 (Grey's Anatomy)|14]]\n|portrayed by = [[Caleb Pierce]]\n}}\n\n'''Charlie Peterson''' is a patient who was in the hospital awaiting a heart transplant.\n\n==History==\nCharlie was in the hospital on ECMO after three years awaiting a heart transplant. He was scheduled for a DOR procedure, but before he could have it, a heart became available. He initially refused the heart transplant, fearing that his new heart wouldn't love his boyfriend, [[Henry (Old Scars, Future Hearts)|Henry]], like his old one, but was eventually persuaded to accept it when Henry broke up with him. During his transplant, they discovered that the heart was too large for his chest cavity due to edema. They transplanted the heart anyway and used plastic to wrap his chest cavity while they waited for the swelling to go down so they could close his chest. He was moved to the ICU for observation and Henry came back and regretted having said what he did because he only broke up with Charlie to get him to agree to the surgery.\n\nThey operated the next day and were able to close his chest. Charlie woke up and he and Henry reunited.\n\n==Relationships==\n===Romantic===\nHe and his boyfriend, [[Henry (Old Scars, Future Hearts)|Henry]], like to cosplay knights together.\n\n===Familial===\nHis mother was supportive of his knight cosplay, but didn't play along. When he tried to refuse the heart transplant, she said she'd sign consent for them to sedate him for it anyway.\n\n==Notes and Trivia==\n*He referred to his ECMO machine as a dragon.\n\n{{DEFAULTSORT:Peterson, Charlie}}\n[[Category:Characters]]\n[[Category:GA Characters]]\n[[Category:GA S14 Characters]]\n[[Category:Patients]]\n[[Category:Patients (Cardio)]]\n[[Category:Patients (Peds)]]\n[[Category:Patients (Transplant)]]"}]}}}}