{"batchcomplete": "", "warnings": {"main": {"*": "Subscribe to the mediawiki-api-announce mailing list at <https://lists.wikimedia.org/postorius/lists/mediawiki-api-announce.lists.wikimedia.org/> for notice of API deprecations and breaking changes."}, "revisions": {"*": "Because \"rvslots\" was not specified, a legacy format has been used for the output. This format is deprecated, and in the future the new format will always be used."}}, "query": {"pages": {"77722": {"pageid": 77722, "ns": 0, "title": "Charlie", "revisions": [{"contentformat": "text/x-wiki", "contentmodel": "wikitext", "*": "{{Rescuee Infobox\n|image = S193x08Charlie.png\n|name = Charlie\n|status = Alive\n|only appearance = [[Born to Run]]\n|seasons = '''[[Station 19|S19]]:''' [[Season 3 (Station 19)|3]]\n|portrayed by = [[Michael Edward Shen]]\n}}\n\n'''Charlie''' is one of the motorcyclists hit by a drunk truck driver.\n\n==History==\nCharlie and his friends were riding their motorcycles when a truck driver who was drunk hit them. Charlie was thrown off his bike into some bushes, where he was later found. He asked the firefighters who found him to call his boss and tell him he'd be late before passing out. Later, as Charlie was loaded into the ambulance after all his friends were killed, he asked again if someone had called his boss. And then he asked about his friends, saying they weren't a real gang, but they were a family.\n\n==Relationships==\n===Friendships===\nHe and some of his friends liked to ride their motorcycles one weekend a month.\n\n==Career==\nHis boss's name is Dan and hates when he's late.\n\n==Notes and Trivia==\n*He was the lone survivor of his group.\n[[Category:Characters]]\n[[Category:S19 Characters]]\n[[Category:S19 S3 Characters]]\n[[Category:S19 Rescuees]]"}]}}}}