{"batchcomplete": "", "warnings": {"main": {"*": "Subscribe to the mediawiki-api-announce mailing list at <https://lists.wikimedia.org/postorius/lists/mediawiki-api-announce.lists.wikimedia.org/> for notice of API deprecations and breaking changes."}, "revisions": {"*": "Because \"rvslots\" was not specified, a legacy format has been used for the output. This format is deprecated, and in the future the new format will always be used."}}, "query": {"pages": {"57568": {"pageid": 57568, "ns": 0, "title": "Charlie Mitchell", "revisions": [{"contentformat": "text/x-wiki", "contentmodel": "wikitext", "*": "{{Patient Infobox\n|image = 13x09CharlieMitchell.png\n|name = Charlie Mitchell\n|status = Alive\n|diagnosis = *Gastric injury\n*Diaphragmatic tear\n|doctors = *[[Owen Hunt]]\n*[[April Kepner]]\n*[[Nathan Riggs]]\n|treatment = Surgery\n|marital = [[Lisa Mitchell]] ''(wife)''\n|only appearance = [[You Haven't Done Nothin']]\n|seasons = '''[[Grey's Anatomy|GA]]:''' [[Season 13 (Grey's Anatomy)|13]]\n|portrayed by = [[John Churchill]]\n}}\n\n'''Charlie Mitchell''' is a man who was injured when a building collapsed.\n\n==History==\nCharlie was in bed with his girlfriend, [[Danielle (You Haven't Done Nothin')|Danielle]], when the building collapsed. While Danielle was uninjured, Charlie had to be taken to the hospital. At the hospital, he tried to get up and leave, because he was worried about his wife finding out he was having an affair, but his injuries required surgery. After his surgery, both his wife and girlfriend were separately told he'd be okay and that they both could go see him.\n\n==Relationships==\n===Romantic===\nHe is married to [[Lisa Mitchell]]. Despite this, he was having an affair with [[Danielle (You Haven't Done Nothin')|Danielle]].\n\n{{DEFAULTSORT:Mitchell, Charlie}}\n[[Category:Characters]]\n[[Category:GA Characters]]\n[[Category:GA S13 Characters]]\n[[Category:Patients]]\n[[Category:Patients (ER)]]\n[[Category:Patients (Cardio)]]\n[[Category:Patients (General)]]\n[[Category:Patients (Trauma)]]"}]}}}}