{"batchcomplete": "", "warnings": {"main": {"*": "Subscribe to the mediawiki-api-announce mailing list at <https://lists.wikimedia.org/postorius/lists/mediawiki-api-announce.lists.wikimedia.org/> for notice of API deprecations and breaking changes."}, "revisions": {"*": "Because \"rvslots\" was not specified, a legacy format has been used for the output. This format is deprecated, and in the future the new format will always be used."}}, "query": {"pages": {"33405": {"pageid": 33405, "ns": 0, "title": "Charissa Baer", "revisions": [{"contentformat": "text/x-wiki", "contentmodel": "wikitext", "*": "{{Patient Infobox\n|image = 807Charisse.png\n|name = Charissa Baer\n|status = Alive\n|diagnosis = Hypothalamic hamartoma\n|doctors = *[[Derek Shepherd]]\n*[[Lexie Grey]]\n|treatment = Tumor resection\n|parents = [[Mrs. Baer]]\n|only appearance = [[Put Me In, Coach]]\n|seasons = '''[[Grey's Anatomy|GA]]:''' [[Season 8 (Grey's Anatomy)|8]]\n|portrayed by = [[Jamai Fisher]]\n}}\n'''Charissa Baer''' was brought to the hospital to have Derek remove a portion of her HH tumor.\n\n==History==\n===Tumor Resection===\nCharissa was diagnosed with a hypothalamic hamartoma. After doing some research, [[Mrs. Baer]], Charissa's mother, brought her daughter to [[Seattle]] so that [[Derek Shepherd|Derek]] could remove part of her tumor to relieve her symptoms. However, Derek proposed another option. He wanted to try to remove all of Charissa's tumor so that it wouldn't grow back. Her mother rejected the idea, saying it was too dangerous, so Derek tried to send them to another neurosurgeon who would be able to operate. Mrs. Baer insisted that she wanted Derek to do it, but he didn't want to go for a partial removal. Derek later decided that he'd try to get her to agree to his way. He tried to simulate the procedure in the lab, but continuously failed, so he told [[Owen Hunt|Owen]] that he'd do the partial removal. However, Owen encouraged him to find a way.\n\nDerek found a way to do the procedure safely and Mrs. Baer agreed. The surgery was performed successfully and her entire tumor was removed. Mrs. Baer was relieved.\n\n==Relationships==\n===Familial===\nCharissa's mother is very concerned with her safety.\n\n==Notes and Trivia==\n*She and her mother live in San Francisco, California.\n\n{{DEFAULTSORT:Baer, Charissa}}\n[[Category:Characters]]\n[[Category:GA Characters]]\n[[Category:GA S8 Characters]]\n[[Category:Patients]]\n[[Category:Patients (Neuro)]]"}]}}}}