{"batchcomplete": "", "warnings": {"main": {"*": "Subscribe to the mediawiki-api-announce mailing list at <https://lists.wikimedia.org/postorius/lists/mediawiki-api-announce.lists.wikimedia.org/> for notice of API deprecations and breaking changes."}, "revisions": {"*": "Because \"rvslots\" was not specified, a legacy format has been used for the output. This format is deprecated, and in the future the new format will always be used."}}, "query": {"pages": {"4798": {"pageid": 4798, "ns": 0, "title": "Charles Percy", "revisions": [{"contentformat": "text/x-wiki", "contentmodel": "wikitext", "*": "{{Intern and Resident Infobox\n|image = 6x23CharlesPercy.png\n|name = Charles Percy\n|died = [[Timeline#Grey's Anatomy, Season 6|2010]]; [[Seattle]], Washington\n|status = Deceased\n|alias = *Charlie\n*Bigfoot\n*Nosedive\n*Chachi\n*Charlie Brown\n|title = M.D.\n|parents = Mother\n|job = [[General Surgery|Surgical]] [[Resident]]\n|workplace = '''Until death''' <br>\n[[Seattle Grace Mercy West Hospital]] <br>\n'''Former''' <br>\n[[Mercy West Medical Center]] <br>\n|first appearance = [[Invasion]]\n|last appearance = [[Unbreak My Heart]]\n|count = 13\n|seasons = *'''[[Grey's Anatomy|GA]]:''' [[Season 6 (Grey's Anatomy)|6]], [[Season 8 (Grey's Anatomy)|8]], and [[Season 12 (Grey's Anatomy)|12]]\n*'''[[Seattle Grace: On Call]]'''\n|portrayed by = [[Robert Baker]]\n}}\n'''Charles Percy''' was a [[General Surgery|surgical]] [[Resident|resident]] who came to [[Seattle Grace Mercy West Hospital]] following the merger. He was murdered by grieving widower, [[Gary Clark]].\n\n==History==\n===Hospital Merger===\nCharles transferred from Mercy West to the newly formed [[Seattle Grace Mercy West Hospital]]. He instantly started sucking up to [[Izzie Stevens]], even confessing to her that he had a crush on [[Reed Adamson]]. She believed he was genuine, but he later bragged to the other Mercy West residents that he had made her his bitch. He later apologized, stating that they could be friends outside the hospital, but not inside. ''(\"[[Invasion]]\")''\n\n===Hotel Fire===\nCharles donated blood immediately before going to the ER to treat patients from a hotel fire. When he arrived in the ER, he was told to hold an axe imbedded in a patient steady. However, he fainted and pulled the axe out. On his way down, he was hit in the head with the axe and needed stitches. He was later investigated with the other doctors when [[Cathy Becker|a patient]] died under suspicious circumstances. ''(\"[[I Saw What I Saw]]\")''\n\n===Wallace Anderson===\nCharles worked on [[Wallace Anderson]] with [[Arizona Robbins]]. He informed her when Wallace developed another bowel obstruction and scrubbed in on his surgery with her. ''(\"[[Invest in Love]]\")''\n\n===Dr. Singer===\nCharles worked on [[Dr. Singer]], which put him in close contact with [[Izzie Stevens]], who believed he'd gotten her fired. ''(\"[[New History]]\")''\n\n===Documentary===\nCharles participated in a documentary someone was doing about the doctors at the hospital. ''(\"[[Seattle Grace: On Call]]\")''\n\n===Reed Flirting for Surgery===\nWhen Charles saw Reed flirting with Alex and implying that she'd trade sexual favors for the chance to scrub in, he confronted her about it, but she brushed him off. ''(\"[[Blink]]\")''\n\n===Change of Chief===\nWhen [[Derek Shepherd]] became Chief after [[Richard Webber]] was ousted, the Mercy West residents were all worried that he'd fire them because he hated the merger. They also gossiped about why Richard was ousted. ''(\"[[State of Love and Trust]]\")''\n\n===Daredevil===\nA motorcyclist came into the ER after crashing. On the way into the hospital, the gurney he was on tipped over, sending him to the ground. Charles worked on his case and was able to preserve enough function to make him an organ donor. ''(\"[[Perfect Little Accident]]\")''\n\n===Sensitivity Training===\nThe residents were forced to attend sensitivity training, led by [[Miranda Bailey]]. She taught \"Reaction, Observation, Communication\" to improve their interactions with patients whose cases needed more sensitivity. ''(\"[[How Insensitive]]\")''\n\n===Bobby Corso===\nThe sensitivity training was required because they were expecting [[Bobby Corso]], a morbidly obese patient. The residents were told not to make jokes. Charles was kicked off the case when he suggested using a CT scan from the zoo because it would be equipped for animals of his weight. However, he was later brought back onto the case because they needed more big guys for the surgery. ''(\"[[How Insensitive]]\")''\n\n===Death===\n[[File:CharlesDying.jpg|thumb|left|Miranda Bailey holding Charles' hand while he passes away.]]When [[Gary Clark]] came into the hospital intending to shoot [[Derek Shepherd]], [[Richard Webber]], and [[Lexie Grey]], he also shot Charles. Charles was working on the case of [[Mary Portman]]. After the lockdown was announced, he came into Mary's room, telling them that the shooter was on the floor. When Bailey saw Clark shoot a security guard and start heading their way, she told Charles to hide and Mary to play dead. Clark came into the room. After seeing that Mary appeared dead, he was leaving when he heard a sound coming from the bathroom. He opened the door and when he saw Charles, he asked if he was a surgeon. When Charles said he was, Clark shot him. After Clark left, Bailey started to treat Charles with Mary's help. ''(\"[[Sanctuary]]\")''\n\nThey packed his wound but it wasn't holding, so Bailey said they needed to get him to an OR. They put him on a sheet and dragged him out to the elevator, but when they got there, they realized the elevators had been turned off because of the lockdown and then Bailey concluded that Charles would die. She made good on his promise to tell him if that was going to happen and said that he didn't need to be scared because they'd be with him while it happened. When he stopped feeling pain, he knew it was a bad sign. He then asked Bailey to find Reed, not knowing that she was already dead, and tell her that he loved her. He also told her to tell her he was brave. Bailey told him he was very brave. He then told Bailey she was his favorite doctor and died. ''(\"[[Death and All His Friends]]\")''\n\n==Relationships==\n===Romantic===\n====[[Reed Adamson]]====\nHe had a crush on [[Reed Adamson]], but never told her. When they were interviewed for the documentary, she told the interviewer that they've known each other since medical school and he was like a little brother to her. ''(\"[[Seattle Grace: On Call]]\")''\n\n====[[Paramedic Nicole Cummins| Nicole Cummins]]====\nHe thought Nicole was very attractive, particularly focusing on her butt. ''(\"[[Suicide is Painless]]\")''\n\n===Familial===\nHe claims he once didn't talk to his family for an entire car ride across the country, which took ten days and crossed fifteen states. ''(\"[[Invasion]]\")''\n\n===Friendships===\n====[[Izzie Stevens]]====\nCharles first met Izzie when he apologized to her about Reed taking [[George O'Malley|George's]] cubby. Izzie initially ignored him, but after he talked about his family and himself, Izzie introduced herself. Charlie later asked her if she knew the Research Library code, but Izzie declined, saying she needed every advantage she could get. Izzie then showed him around the hospital and gave him tips. After he saw Izzie talking about her IL-2, he confessed that he had crush on Reed. After, she gave him the Research Library code.\n\nTheir friendship later ended when Charles bragged that Izzie was his \"surgical bitch\", since she gave him the Research Library code and did many other deeds. ''(\"[[Invasion]]\")''\n\n====[[Jackson Avery]]====\nHe was one of Charles\u2019s friends when they transferred to Seattle Grace Mercy West together and Jackson mentioned that Charles was one of his best friends not long after the shooting.\n\n===Professional===\n====[[Miranda Bailey]]====\n[[Miranda Bailey]] was his favorite doctor, something he revealed to her on his deathbed. ''(\"[[Death and All His Friends]]\")''\n\n==Career==\nPrior to the merger, he worked at [[Mercy West Medical Center]], but came to [[Seattle Grace Mercy West Hospital ]]following the merger.\n\nAt the time of his death, Charles was in his third year of residency.\n\n==Notes and Trivia==\n*Charles was often called upon to do heavy lifting and moving due to his large size.\n*He once teased [[Callie Torres]] about flirting with a patient.<ref>[[How Insensitive]], 6x21</ref>\n*He donated blood.<ref>[[I Saw What I Saw]], 6x06</ref>\n*He was terrible at metaphors.<ref>[[How Insensitive]], 6x21</ref>\n*In [[If/Then]], an alternate reality, Charles is alive, remains a [[Resident|resident]] after [[Seattle Grace Hospital]] absorbed [[Mercy West Medical Center]], and is infatuated with [[April Kepner]].\n**In the same episode, he mutters \"shoot me now\", which is ironic since that is how he died.\n*His final words were \"You were always my favorite doctor. I thought you should -\"<ref>[[Death and All His Friends]], 6x24</ref>\n*He's originally from Brookings, South Dakota.<ref>[[Unbreak My Heart]], 12x11</ref>\n*On his first day as an intern at Mercy West, he stated that he wanted to be a trauma or vascular surgeon, but after that he said he wasn't sure.<ref>[[Unbreak My Heart]], 12x11</ref>\n*''Blood Zombies from Saturn'' was his favorite movie.<ref>[[Seattle Grace: On Call]]</ref>\n\n==Gallery==\n===Episodic===\n<gallery type=\"slideshow\" position=\"center\" crop=\"true\" hideaddbutton=\"true\">\n6x05CharlesPercy.png|[[Invasion]]\n6x06CharlesPercy.png|[[I Saw What I Saw]]\n6x08CharlesPercy.png|[[Invest in Love]]\n6x09CharlesPercy.png|[[New History]]\n6x11CharlesPercy.png|[[Blink]]\n6x13CharlesPercy.png|[[State of Love and Trust]]\n6x16CharlesPercy.png|[[Perfect Little Accident]]\n6x18CharlesPercy.png|[[Suicide is Painless]]\n6x21CharlesPercy.png|[[How Insensitive]]\n6x23CharlesPercy.png|[[Sanctuary]]\n6x24CharlesPercy.png|[[Death and All His Friends]]\n813CharlesPercy.png|[[If/Then]]\n12x11CharlesPercy.png|[[Unbreak My Heart]]\n</gallery>\n\n===Episode Stills===\n<gallery orientation=\"landscape\" position=\"center\" spacing=\"small\" bordersize=\"none\" hideaddbutton=\"true\">\n6x06-12.jpg\n6x06-11.jpg\n6x06-9.jpg\n6x06-10.jpg\n6x06-7.jpg\n6x06-4.jpg\n6x06-1.jpg\n6x08-18.jpg\n6x13-1.jpg\n6x13-16.jpg\n6x13-26.jpg\n6x16-15.jpg\n6x16-16.jpg\n6x16-20.jpg\n6x21-17.jpg\n6x21-25.jpg\n6x21-23.jpg\n6x21-20.jpg\n6x21-2.jpg\n6x23-2.jpg\n6x23-18.jpg\n8x13-5.png\n8x13-18.png\n8x13-19.jpg\n8x13-20.jpg\n8x13-21.jpg\n8x13-22.jpg\n8x13-23.jpg\n8x13-28.jpg\n12x11-25.jpg\n12x11-27.jpg\n</gallery>\n\n==Appearances==\n{{Charles Percy Appearances}}\n\n{{Scrollbox}}\n\n[[de:Charles Percy]]\n[[fr:Charles Percy]]\n\n{{DEFAULTSORT:Percy, Charles}}\n[[Category:Characters]]\n[[Category:GA Characters]]\n[[Category:GA S6 Characters]]\n[[Category:GA S8 Characters]]\n[[Category:GA S12 Characters]]\n[[Category:Webisode Characters]]\n[[Category:Deceased Characters]]\n[[Category:Doctors]]\n[[Category:Patients]]\n[[Category:Patients (ER)]]\n[[Category:Patients (Trauma)]]"}]}}}}