{"batchcomplete": "", "warnings": {"main": {"*": "Subscribe to the mediawiki-api-announce mailing list at <https://lists.wikimedia.org/postorius/lists/mediawiki-api-announce.lists.wikimedia.org/> for notice of API deprecations and breaking changes."}, "revisions": {"*": "Because \"rvslots\" was not specified, a legacy format has been used for the output. This format is deprecated, and in the future the new format will always be used."}}, "query": {"pages": {"52996": {"pageid": 52996, "ns": 0, "title": "Charlotte Russell", "revisions": [{"contentformat": "text/x-wiki", "contentmodel": "wikitext", "*": "{{Patient Infobox\n|image = 2x11CharlotteRussell.png\n|name = Charlotte Russell\n|status = Alive\n|diagnosis = *Prematurity\n*Respiratory distress syndrome\n*Collapsed lung\n|doctors = *[[Addison Forbes Montgomery|Addison Montgomery-Shepherd]]\n*[[Meredith Grey]]\n*[[Derek Shepherd]]\n*[[George O'Malley]]\n|treatment = *NICU Care\n*Chest tube\n*Intubation\n*Cobedding with [[Kate Russell]]\n|siblings = *Adam Russell\n*Oliver Russell\n*Graham Russell\n*[[Lucy Russell]]\n*[[Julie Russell]]\n*[[Emily Russell]] \u2020\n*[[Kate Russell]]\n|parents = *[[Tom Russell]]\n*[[Dorie Russell]]\n|grandparents = Grandmother\n|first appearance = [[Much too Much]]\n|last appearance = [[Owner of a Lonely Heart]]\n|count = 2\n|seasons = '''[[Grey's Anatomy|GA]]:''' [[Season 2 (Grey's Anatomy)|2]]\n}}\n\n'''Charlotte Russell''' is the one of the quintuplets born at [[Seattle Grace Hospital]].\n\n==History==\n===Birth===\nCharlotte was part of a quintuplet pregnancy. When their mother was 32 weeks pregnant, she was hospitalized until she was ready to deliver, which she hoped would not be until 36 weeks. However, she started having contractions at just 32 weeks. They put her in trendellenberg and put her on magnesium to try to stop the labor. Despite their efforts, her placenta started tearing, forcing them to deliver all five babies at 32 weeks. ''(\"[[Much too Much]]\")''\n\n===Infancy===\nCharlotte's lungs were a little less developed than her sisters', so they put a special mask on her to help her breathe and monitored her. Her lung collapsed, but they were able to put in a chest tube to help her breathe. She later stopped breathing again and had to be intubated. When she continued to struggle, Meredith had the idea to put Kate in the isolette with her. This quickly improved her numbers. ''(\"[[Owner of a Lonely Heart]]\")''\n\n==Relationships==\n===Familial===\nShe is part of a set of quintuplets. Their parents also have a set of triplets.\n\n==Notes and Trivia==\n*She was lodged under her mother's rib cage.<ref>[[Much too Much]], 2x10</ref>\n\n==Appearances==\n{{Charlotte Russell Appearances}}\n\n{{Scrollbox}}\n\n{{DEFAULTSORT:Russell, Charlotte}}\n[[Category:Characters]]\n[[Category:GA Characters]]\n[[Category:GA S2 Characters]]\n[[Category:Patients]]\n[[Category:Patients (Neonatal)]]"}]}}}}