{"batchcomplete": "", "warnings": {"main": {"*": "Subscribe to the mediawiki-api-announce mailing list at <https://lists.wikimedia.org/postorius/lists/mediawiki-api-announce.lists.wikimedia.org/> for notice of API deprecations and breaking changes."}, "revisions": {"*": "Because \"rvslots\" was not specified, a legacy format has been used for the output. This format is deprecated, and in the future the new format will always be used."}}, "query": {"pages": {"35313": {"pageid": 35313, "ns": 0, "title": "Charlie Hays", "revisions": [{"contentformat": "text/x-wiki", "contentmodel": "wikitext", "*": "{{Patient Infobox\n|image = 11x03CharlieHays.png\n|name = Charlie Hays\n|status = Alive\n|diagnosis = Sharp force trauma\n|doctors = *[[April Kepner]]\n*[[Richard Webber]]\n*[[Maggie Pierce]]\n*[[Miranda Bailey]]\n*[[Stephanie Edwards]]\n|treatment = *Laparotomy\n*Splenectomy\n*Partial gastrectomy\n*Diaphragm repair\n|only appearance = [[Got to Be Real]]\n|seasons = '''[[Grey's Anatomy|GA]]:''' [[Season 11 (Grey's Anatomy)|11]]\n|portrayed by = [[Ben Bowen]]\n}}\n'''Charlie Hays''' was brought to the hospital after he rear-ended a lumber truck and ended up with a tree branch impaling his abdomen.\n\n==History==\nCharlie rear-ended up a lumber truck and was impaled by a tree branch. He was rushed to the ER still attached to his car seat. The doctors assessed his injuries and then freed him from the seat. They then cut off enough of the branch that they could lay him flat, but not before he had to be intubated through his nose because they couldn't use his throat. He was then rushed to surgery, where the branch was removed. They had to remove his spleen and part of his stomach. Pierce was able to avert a lung crisis and they repaired his diaphragm. After his surgery, he was doing well.\n\n==Notes and Trivia==\n*He was 37 at the time of his accident.\n\n{{DEFAULTSORT:Hays, Charlie}}\n[[Category:Characters]]\n[[Category:GA Characters]]\n[[Category:GA S11 Characters]]\n[[Category:Patients]]\n[[Category:Patients (Cardio)]]\n[[Category:Patients (ER)]]\n[[Category:Patients (General)]]\n[[Category:Patients (Trauma)]]"}]}}}}