{"batchcomplete": "", "warnings": {"main": {"*": "Subscribe to the mediawiki-api-announce mailing list at <https://lists.wikimedia.org/postorius/lists/mediawiki-api-announce.lists.wikimedia.org/> for notice of API deprecations and breaking changes."}, "revisions": {"*": "Because \"rvslots\" was not specified, a legacy format has been used for the output. This format is deprecated, and in the future the new format will always be used."}}, "query": {"pages": {"48883": {"pageid": 48883, "ns": 0, "title": "Charlie Lowell", "revisions": [{"contentformat": "text/x-wiki", "contentmodel": "wikitext", "*": "{{Patient Infobox\n|image = 523CharlieLowell.png\n|name = Charlie Lowell\n|status = Alive\n|diagnosis = Idiopathic leg pain\n|doctors = *[[Owen Hunt]]\n*[[Callie Torres]]\n*[[George O'Malley]]\n|treatment = *Epidural\n*Palliative amputation\n|siblings = Brothers\n|job = Lieutenant\n|workplace = US Army\n|only appearance = [[Here's to Future Days]]\n|seasons = '''[[Grey's Anatomy|GA]]:''' [[Season 5 (Grey's Anatomy)|5]]\n|portrayed by = [[Zach Gilford]]\n}}\n'''Charlie Lowell''' is a soldier who came in with leg pain of unknown origin and wanted his leg amputated.\n\n==History==\nCharlie came into the hospital with idiopathic leg pain after a surgery. He'd tried everything to treat the pain, but nothing had worked. He decided he wanted [[Callie Torres]] to amputated his leg below the knee so that he could return to active duty. Callie initially refused because the leg was healthy, but after Charlie spoke to her, she agreed to do the surgery and she amputated his leg.\n\n==Relationships==\n===Familial===\nHe said that he has nothing in common with the family he grew up with. The soldiers he works with in Iraq are his real family.\n\n==Career==\nHe is a lieutenant in the US Army. Steve Mason is his commanding officer.\n\n==Notes and Trivia==\n*He made\u00a0lieutenant\u00a0at 19.\n*He is the last patient to be treated on screen by [[George O'Malley]].\n\n{{DEFAULTSORT:Lowell, Charlie}}\n[[Category:Characters]]\n[[Category:GA Characters]]\n[[Category:GA S5 Characters]]\n[[Category:Patients]]\n[[Category:Patients (Ortho)]]"}]}}}}