{"batchcomplete": "", "warnings": {"main": {"*": "Subscribe to the mediawiki-api-announce mailing list at <https://lists.wikimedia.org/postorius/lists/mediawiki-api-announce.lists.wikimedia.org/> for notice of API deprecations and breaking changes."}, "revisions": {"*": "Because \"rvslots\" was not specified, a legacy format has been used for the output. This format is deprecated, and in the future the new format will always be used."}}, "query": {"pages": {"48009": {"pageid": 48009, "ns": 0, "title": "Chaz", "revisions": [{"contentformat": "text/x-wiki", "contentmodel": "wikitext", "*": "{{Patient Infobox\n|image = 225Chaz.png\n|name = Chaz\n|status = Alive\n|diagnosis = Gunshot wound\n|workplace = Restaurant\n|only appearance = [[17 Seconds]]\n|seasons = '''[[Grey's Anatomy|GA]]:''' [[Season 2 (Grey's Anatomy)|2]]\n|portrayed by = [[Toby Meuli]]\n}}\n'''Chaz''' was injured when [[Petey]] opened fire on the restaurant where he works.\n\n==History==\nChaz was working at a restaurant when he was shot by a disgruntled ex-employee, [[Petey]].\n\n==Career==\nChaz works at a restaurant. At some point, [[Brad Ackles]] suggested he go for management, but he decided not to.\n[[Category:Characters]]\n[[Category:GA Characters]]\n[[Category:GA S2 Characters]]\n[[Category:Patients]]\n[[Category:Patients (ER)]]\n[[Category:Patients (Trauma)]]"}]}}}}