{"batchcomplete": "", "warnings": {"main": {"*": "Subscribe to the mediawiki-api-announce mailing list at <https://lists.wikimedia.org/postorius/lists/mediawiki-api-announce.lists.wikimedia.org/> for notice of API deprecations and breaking changes."}, "revisions": {"*": "Because \"rvslots\" was not specified, a legacy format has been used for the output. This format is deprecated, and in the future the new format will always be used."}}, "query": {"pages": {"51384": {"pageid": 51384, "ns": 0, "title": "Chelsea", "revisions": [{"contentformat": "text/x-wiki", "contentmodel": "wikitext", "*": "{{Patient Infobox\n|image = 12x13Chelsea.png\n|name = Chelsea\n|status = Alive\n|diagnosis = Broken arm\n|doctors = [[Stephanie Edwards]]\n|treatment = Casting\n|only appearance = [[All Eyez on Me]]\n|seasons = '''[[Grey's Anatomy|GA]]:''' [[Season 12 (Grey's Anatomy)|12]]\n|portrayed by = [[Nicole Lynnae Sullivan]]\n}}\n'''Chelsea''' is one of the cheerleaders who came to the ER after falling during a routine.\n\n==History==\nChelsea came into the ER after a fall during a cheerleading routine. She had broken her arm, so it was braced and bandaged from her wrist to her elbow.\n\nWhen a teammate, [[Maxine Hewitt|Maxine]], needed surgery for a heart condition, [[Lisa Wilcox|Lisa]], [[Danielle (All Eyez on Me)|Danielle]], and Chelsea argued about the situation. Stephanie then rallied the whole team to become a team and be supportive for Maxine. They then went to visit her in her hospital room.\n\n==Relationships==\n===Friendships===\nShe is friends with her fellow cheerleaders. She supported Lisa's decision to remove Danielle and Maxine from the team.\n[[Category:Characters]]\n[[Category:GA Characters]]\n[[Category:GA S12 Characters]]\n[[Category:Patients]]\n[[Category:Patients (ER)]]\n[[Category:Patients (Trauma)]]\n[[Category:Patients (Peds)]]\n[[Category:Patients (Ortho)]]"}]}}}}