{"batchcomplete": "", "warnings": {"main": {"*": "Subscribe to the mediawiki-api-announce mailing list at <https://lists.wikimedia.org/postorius/lists/mediawiki-api-announce.lists.wikimedia.org/> for notice of API deprecations and breaking changes."}, "revisions": {"*": "Because \"rvslots\" was not specified, a legacy format has been used for the output. This format is deprecated, and in the future the new format will always be used."}}, "query": {"pages": {"61165": {"pageid": 61165, "ns": 0, "title": "Cheryl", "revisions": [{"contentformat": "text/x-wiki", "contentmodel": "wikitext", "*": "{{Patient Infobox\n|image = 13x24Cheryl.png\n|name = Cheryl\n|status = Alive\n|diagnosis = Kidney Stones\n|only appearance = [[Ring of Fire]]\n|seasons = '''[[Grey's Anatomy|GA]]:''' [[Season 13 (Grey's Anatomy)|13]]\n|portrayed by = [[Nancy J. Lee]]\n}}\n\n'''Cheryl''' is a patient who was evacuated during the hospital fire.\n\n==History==\nCheryl was slowly making her way out of the hospital when Jackson found her. She said she just had kidney stones and insisted she could walk, but he saw her struggle to stay upright and carried her out of the hospital.\n\n==Notes and Trivia==\n*She objected to being called, \"ma'am.\"\n[[Category:Characters]]\n[[Category:GA Characters]]\n[[Category:GA S13 Characters]]\n[[Category:Patients]]\n[[Category:Patients (General)]]\n[[Category:Patients (Renal)]]"}]}}}}