{"batchcomplete": "", "warnings": {"main": {"*": "Subscribe to the mediawiki-api-announce mailing list at <https://lists.wikimedia.org/postorius/lists/mediawiki-api-announce.lists.wikimedia.org/> for notice of API deprecations and breaking changes."}, "revisions": {"*": "Because \"rvslots\" was not specified, a legacy format has been used for the output. This format is deprecated, and in the future the new format will always be used."}}, "query": {"pages": {"83554": {"pageid": 83554, "ns": 0, "title": "Chet", "revisions": [{"contentformat": "text/x-wiki", "contentmodel": "wikitext", "*": "{{Patient Infobox\n|image = 18x03Chet.png\n|name = Chet\n|status = Alive\n|diagnosis = Second-degree burns\n|doctors = *[[Michelle Lin]]\n*[[Owen Hunt]]\n|treatment = Debridement\n|only appearance = [[Hotter Than Hell]]\n|seasons = '''[[Grey's Anatomy|GA]]:''' [[Season 18 (Grey's Anatomy)|18]]\n|portrayed by = [[Dakota Raine]]\n}}\n\n'''Chet''' is a patient who got burned on the hot sidewalk during the heat wave.\n\n==History==\nChet's friend, [[Truman]], dared him to fry an egg on the sidewalk during the heat wave. Chet did so, but fell and burned his butt and upper thighs. He was taken to the hospital, where his burns were debrided.\n\n==Relationships==\n===Friendships===\nHe and [[Truman]] are friends.\n\n==Notes and Trivia==\n*He and Truman have a web channel NakedBroStuff.\n\n[[Category:Characters]]\n[[Category:GA Characters]]\n[[Category:GA S18 Characters]]\n[[Category:Patients]]\n[[Category:Patients (ER)]]\n[[Category:Patients (Plastics)]]\n[[Category:Patients (Trauma)]]"}]}}}}