{"batchcomplete": "", "warnings": {"main": {"*": "Subscribe to the mediawiki-api-announce mailing list at <https://lists.wikimedia.org/postorius/lists/mediawiki-api-announce.lists.wikimedia.org/> for notice of API deprecations and breaking changes."}, "revisions": {"*": "Because \"rvslots\" was not specified, a legacy format has been used for the output. This format is deprecated, and in the future the new format will always be used."}}, "query": {"pages": {"47038": {"pageid": 47038, "ns": 0, "title": "Cheyenne Wood", "revisions": [{"contentformat": "text/x-wiki", "contentmodel": "wikitext", "*": "{{Patient Infobox\n|image = 215CheyenneWood.png\n|name = Cheyenne Wood\n|status = Alive\n|diagnosis = *Pregnancy\n*Fetal spinal tumor\n|doctors = *[[Addison Forbes Montgomery|Addison Montgomery-Shepherd]]\n*[[Derek Shepherd]]\n*[[Izzie Stevens]]\n|treatment = *EXIT Surgery\n*C-section delivery\n|children = Child\n|parents = [[Mrs. Wood]]\n|only appearance = [[Break on Through]]\n|seasons = '''[[Grey's Anatomy|GA]]:''' [[Season 2 (Grey's Anatomy)|2]]\n|portrayed by = [[Regine Nehy]]\n}}\n'''Cheyenne Wood''' is a teenager who was pregnant with a baby that had a large spinal tumor.\n\n==History==\nCheyenne was pregnant with a baby that had a tumor on her neck that was causing a build-up of amniotic fluid and obstructing her airway and her spine. Addison planned an EXIT surgery. They removed the baby partially to operate because the tumor was obstructing her airway. That would allow her to keep getting oxygen through the umbilical cord while they removed the tumor.\n\nWhile Cheyenne was waiting for her surgery, she was reading Shakespeare to the baby. Izzie talked to her and suggested adoption as an option to her, knowing that it's not something that's discussed where they come from.\n\nAfter the surgery, Cheyenne held the baby and talked to Izzie about her experience giving her baby up for adoption.\n\n==Relationships==\n===Familial===\nCheyenne was raised by her mother in a trailer park. When Cheyenne was pregnant, she was supposed to start saving up to get her own trailer for her and the baby.\n\n===Friendships===\nShe has a friend named Shelly who lives in the same trailer park where [[Izzie Stevens]] grew up.\n\n{{DEFAULTSORT:Wood, Cheyenne}}\n[[Category:Characters]]\n[[Category:GA Characters]]\n[[Category:GA S2 Characters]]\n[[Category:Patients]]\n[[Category:Patients (OB/GYN)]]\n[[Category:Patients (Neuro)]]\n[[Category:Patients (MFM)]]"}]}}}}