{"batchcomplete": "", "warnings": {"main": {"*": "Subscribe to the mediawiki-api-announce mailing list at <https://lists.wikimedia.org/postorius/lists/mediawiki-api-announce.lists.wikimedia.org/> for notice of API deprecations and breaking changes."}, "revisions": {"*": "Because \"rvslots\" was not specified, a legacy format has been used for the output. This format is deprecated, and in the future the new format will always be used."}}, "query": {"pages": {"79143": {"pageid": 79143, "ns": 0, "title": "Chief Sato", "revisions": [{"contentformat": "text/x-wiki", "contentmodel": "wikitext", "*": "{{Firefighter Infobox\n|image = S193x16ChiefSato.png\n|name = Chief Sato\n|status = Alive\n|job = Battalion Chief\n|workplace = [[Seattle Fire Department]]\n|only appearance = [[Louder Than a Bomb]]\n|seasons = '''[[Station 19|S19]]:''' [[Season 3 (Station 19)|3]]\n|portrayed by = [[Max Phyo]]\n}}\n\n'''Chief Sato''' is a battalion chief for the Seattle Fire Department.\n\n==History==\nWhen station 19 arrived at [[Pacific Northwest General Hospital]], Sato informed Maya that there'd been an explosion at the hospital, which was closed except for some ER transfers, radiology on the first floor, and a research lab in the basement. They also believed a gas leak had caused the explosion, until a second explosion happened on the third floor. Sato continued to coordinate the scene from outside the hospital, working with Maya. When they learned lost radio contact with the members of station 19 left inside, they worked with the bomb squad and search and rescue to find them and free them. After a final explosion, which they were able to dampen using an autoclave, the firefighters were freed.\n\n==Career==\nHe is a battalion chief with the [[Seattle Fire Department]].\n\n{{DEFAULTSORT:Sato, Chief}}\n[[Category:Characters]]\n[[Category:S19 Characters]]\n[[Category:S19 S3 Characters]]\n[[Category:Firefighters]]"}]}}}}