{"batchcomplete": "", "warnings": {"main": {"*": "Subscribe to the mediawiki-api-announce mailing list at <https://lists.wikimedia.org/postorius/lists/mediawiki-api-announce.lists.wikimedia.org/> for notice of API deprecations and breaking changes."}, "revisions": {"*": "Because \"rvslots\" was not specified, a legacy format has been used for the output. This format is deprecated, and in the future the new format will always be used."}}, "query": {"pages": {"52501": {"pageid": 52501, "ns": 0, "title": "Chris", "revisions": [{"contentformat": "text/x-wiki", "contentmodel": "wikitext", "*": "{{Other Characters Infobox\n|image = PP6x02Chris.png\n|name = Chris\n|status = Alive\n|marital = Janie ''(wife)''\n|children = Maya\n|only appearance = [[Mourning Sickness]]\n|seasons = '''[[Private Practice|PP]]:''' [[Season 6 (Private Practice)|6]]\n|portrayed by = [[Chris Butler]]\n}}\n\n'''Chris''' was one of the mourners at Pete's funeral party.\n\n==History==\nAt Pete's funeral, Chris told the story of when his car stalled while he was driving his wife to the hospital to give birth to their child. He'd put off getting a tune-up because they were saving for a baby. He crashed into the ambulance bay at the hospital, but Pete acted like he saw it every day and said they'd have a great story to tell one day. He then delivered their daughter, Maya, right there.\n\n==Relationships==\n===Romantic===\nHe is married to a woman named Janie.\n\n===Familial===\nHis daughter, Maya, was born in the ambulance bay of the hospital.\n\n==Gallery==\n===Episode Stills===\n<gallery orientation=\"landscape\" position=\"center\" spacing=\"small\" bordersize=\"none\" hideaddbutton=\"true\">\nPP6x02-1.jpg\n</gallery>\n[[Category:Characters]]\n[[Category:PP Characters]]\n[[Category:PP S6 Characters]]"}]}}}}