{"batchcomplete": "", "warnings": {"main": {"*": "Subscribe to the mediawiki-api-announce mailing list at <https://lists.wikimedia.org/postorius/lists/mediawiki-api-announce.lists.wikimedia.org/> for notice of API deprecations and breaking changes."}, "revisions": {"*": "Because \"rvslots\" was not specified, a legacy format has been used for the output. This format is deprecated, and in the future the new format will always be used."}}, "query": {"pages": {"64488": {"pageid": 64488, "ns": 0, "title": "Chris Vasquez", "revisions": [{"contentformat": "text/x-wiki", "contentmodel": "wikitext", "*": "{{Patient Infobox\n|image = 14x06ChrisVasquez.png\n|name = Chris Vasquez\n|status = Alive\n|marital = [[Harmony Vasquez]] ''(wife)''\n|children = *[[Amethyst Vasquez]]\n*Two other children\n|only appearance = [[Come on Down to My Boat, Baby]]\n|seasons = '''[[Grey's Anatomy|GA]]:''' [[Season 14 (Grey's Anatomy)|14]]\n|portrayed by = [[TW Leshner]]\n}}\n\n'''Chris Vasquez''' is the husband of [[Harmony Vasquez]].\n\n==History==\nChris's wife, Harmony, had a skull-base schwannoma, so she was in the hospital to have it removed. She was concerned about her personality changing after the surgery, but Amelia reassured her. She was taken into surgery, which went well. After surgery, her family was told she was recovering in the ICU, but she'd be okay.\n\n==Relationships==\n===Romantic===\nHe is married to [[Harmony Vasquez]].\n\n===Familial===\nHe and his wife have three children.\n\n{{DEFAULTSORT:Vasquez, Chris}}\n[[Category:Characters]]\n[[Category:GA Characters]]\n[[Category:GA S14 Characters]]"}]}}}}