{"batchcomplete": "", "warnings": {"main": {"*": "Subscribe to the mediawiki-api-announce mailing list at <https://lists.wikimedia.org/postorius/lists/mediawiki-api-announce.lists.wikimedia.org/> for notice of API deprecations and breaking changes."}, "revisions": {"*": "Because \"rvslots\" was not specified, a legacy format has been used for the output. This format is deprecated, and in the future the new format will always be used."}}, "query": {"pages": {"86701": {"pageid": 86701, "ns": 0, "title": "Chris Hansen", "revisions": [{"contentformat": "text/x-wiki", "contentmodel": "wikitext", "*": "{{Attending Infobox\n|image = 19x05ChrisHansen.png\n|name = Chris Hansen\n|status = Alive\n|title = M.D.\n|job = Medical Examiner\n|only appearance = [[When I Get to the Border]]\n|seasons = '''[[Grey's Anatomy|GA]]:''' [[Season 19 (Grey's Anatomy)|19]]\n|portrayed by = [[James Wong]]\n}}\n\n'''Chris Hansen''' is a medical examiner who came out when [[Susan (When I Get to the Border)|Susan]] died.\n\n==History==\nChris was called to the scene when [[Susan (When I Get to the Border)|Susan]] died on the side of the road after her ectopic pregnancy ruptured, causing hemorrhaging. He asked Addison and Bailey to tell him what had happened and Addison chafed at his questioning.\n\n==Career==\nChris is a medical examiner.\n\n{{DEFAULTSORT:Hansen, Chris}}\n[[Category:Characters]]\n[[Category:GA Characters]]\n[[Category:GA S19 Characters]]\n[[Category:Doctors]]"}]}}}}