{"batchcomplete": "", "warnings": {"main": {"*": "Subscribe to the mediawiki-api-announce mailing list at <https://lists.wikimedia.org/postorius/lists/mediawiki-api-announce.lists.wikimedia.org/> for notice of API deprecations and breaking changes."}, "revisions": {"*": "Because \"rvslots\" was not specified, a legacy format has been used for the output. This format is deprecated, and in the future the new format will always be used."}}, "query": {"pages": {"59060": {"pageid": 59060, "ns": 0, "title": "Christopher Daniels", "revisions": [{"contentformat": "text/x-wiki", "contentmodel": "wikitext", "*": "{{Patient Infobox\n|image = 13x14ChristopherDaniels.png\n|name = Christopher Daniels\n|status = Alive\n|alias = Chris\n|diagnosis = *Interstitial nephritis\n*Chronic renal failure\n|doctors = *[[Alex Karev]]\n*[[Richard Webber]]\n*[[Stephanie Edwards]]\n*[[Jo Wilson]]\n|treatment = Kidney transplant\n|parents = *[[Cynthia Daniels]]\n*[[Ken Daniels]]\n|only appearance = [[Back Where You Belong]]\n|seasons = '''[[Grey's Anatomy|GA]]:''' [[Season 13 (Grey's Anatomy)|13]]\n|portrayed by = [[Robbie A. Kay]]\n}}\n\n'''Christopher Daniels''' is a teenager who needed a kidney transplant.\n\n==History==\nChristopher was in chronic renal failure and needed dialysis three times a week. He'd used his last access site, meaning he urgently needed a kidney transplant. His mother, Cynthia, had been tested and was a match, so she was planning to donate a kidney to him. On the day he was set to receive his new kidney, his father, Ken, came to the hospital after seeing online that Christopher was there for a kidney transplant. Christopher and Cynthia had left him nearly a year prior. He'd been abusive to Cynthia and she left him when he went after Christopher. They asked him to leave the hospital room and he waited in the waiting room.\n\nChristopher and Cynthia were taken into surgery. Unfortunately, after Cynthia's kidney was removed for donation, her remaining kidney thrombosed and died, meaning she had no functioning kidneys left. Because the kidney wasn't yet in Christopher's body, there was debate over whether it was legally his or still hers. They called around to other hospitals looking for any other potential donors. Ken, who was still in the waiting room, overheard and offered to be tested to see if he was a match. He was a match, but they were concerned about him donating, thinking it'd be a way for him to get back into their lives to abuse them again. Jo went in to talk to him before his surgery, saying that the only way to do it and make it about Chris and not himself was to donate anonymously and never tell them.\n\nWhen Chris and Cynthia woke up, they were told what happened and the doctors said that Chris's kidney came from an anonymous donor.\n\n==Relationships==\n===Familial===\nHis father abused his mother. When he went after Chris, his mother took him and left.\n\n==Notes and Trivia==\n*He was sixteen at the time of his kidney transplant.\n\n{{DEFAULTSORT:Daniels, Christopher}}\n[[Category:Characters]]\n[[Category:GA Characters]]\n[[Category:GA S13 Characters]]\n[[Category:Patients]]\n[[Category:Patients (General)]]\n[[Category:Patients (Peds)]]\n[[Category:Patients (Renal)]]\n[[Category:Patients (Transplant)]]"}]}}}}