{"batchcomplete": "", "warnings": {"main": {"*": "Subscribe to the mediawiki-api-announce mailing list at <https://lists.wikimedia.org/postorius/lists/mediawiki-api-announce.lists.wikimedia.org/> for notice of API deprecations and breaking changes."}, "revisions": {"*": "Because \"rvslots\" was not specified, a legacy format has been used for the output. This format is deprecated, and in the future the new format will always be used."}}, "query": {"pages": {"49338": {"pageid": 49338, "ns": 0, "title": "Christine Cornell", "revisions": [{"contentformat": "text/x-wiki", "contentmodel": "wikitext", "*": "{{Patient Infobox\n|image = 7x07ChristineCornell.png\n|name = Christine Cornell\n|status = Alive\n|alias = Christy\n|doctors = *[[Mark Sloan]]\n*[[Lexie Grey]]\n|treatment = Gluteoplasty\n|only appearance = [[That's Me Trying]]\n|seasons = '''[[Grey's Anatomy|GA]]:''' [[Season 7 (Grey's Anatomy)|7]]\n|portrayed by = [[Wynn Everett]]\n}}\n\n'''Christine Cornell''' is a patient who received very large butt implants.\n\n==History==\nChristy was in the hospital to have gluteal implants. She wanted the implants to be quite large, which made [[Lexie Grey]] suspicious, thinking Christy was getting the implants for someone else. They inquired about her reasoning and she said that she was getting the new butt only for herself, because she wanted to wear pants and feel like the sexiest woman ever to put on a pair of pants.\n\n==Notes and Trivia==\n*She was 28 at the time of her surgery.\n\n{{DEFAULTSORT:Cornell, Christine}}\n[[Category:Characters]]\n[[Category:GA Characters]]\n[[Category:GA S7 Characters]]\n[[Category:Patients]]\n[[Category:Patients (Plastics)]]"}]}}}}