{"batchcomplete": "", "warnings": {"main": {"*": "Subscribe to the mediawiki-api-announce mailing list at <https://lists.wikimedia.org/postorius/lists/mediawiki-api-announce.lists.wikimedia.org/> for notice of API deprecations and breaking changes."}, "revisions": {"*": "Because \"rvslots\" was not specified, a legacy format has been used for the output. This format is deprecated, and in the future the new format will always be used."}}, "query": {"pages": {"75239": {"pageid": 75239, "ns": 0, "title": "Chris Webber", "revisions": [{"contentformat": "text/x-wiki", "contentmodel": "wikitext", "*": "{{Patient Infobox\n|image = 16x07-18.jpg\n|name = Chris Webber\n|status = Alive\n|children = [[Sabrina Webber]] \u2020\n|siblings = *[[Richard Webber]]\n*Sister\n|parents = *[[Gail Webber]] \u2020\n*Father\n|grandparents = Grandmother\n|other family = *Eddie ''(nephew)''\n*Jeffrey ''(nephew)''\n*Aunt \u2020\n*[[Adele Webber]] \u2020 ''(sister in-law)''\n*[[Catherine Fox]] ''(sister-in-law)''\n|only appearance = [[Papa Don't Preach]]\n|seasons = '''[[Grey's Anatomy|GA]]:''' [[Season 16 (Grey's Anatomy)|16]]\n|portrayed by = [[Matt Ordu\u00f1a]]\n}}\n\n'''Chris Webber''' is the brother of [[Richard Webber]].\n\n==History==\nChris came to Seattle with his daughter, Sabrina, to see his brother Richard. Sabrina had been diagnosed with a biatrial myxoma three weeks prior and decided she wanted to go to Seattle for treatment instead of Chicago, which is where her father wanted her to go. They went to Grey Sloan, not knowing that Richard didn't work there anymore. Maggie overheard them talking to a nurse and went to talk to them. She learned who they were and that they knew who she was, though she'd never heard of them. She drove them over to Pac-North to see Richard, where she revealed a picture of her tumor. Maggie did an exam and sent Sabrina to get new scans, since the type of tumor she had can grow quickly. The scan showed significant growth, which made her surgery emergent. Maggie wanted to operate right away, but Sabrina had reservations about Maggie operating because of their relationship. Maggie wasn't concerned about it, but Sabrina insisted, so Richard called the on-call cardiothoracic surgeon. Before the surgeon could arrive, Sabrina coded, so Maggie rushed her into surgery. While Sabrina was in surgery, Chris and Richard alternated between tense and amiable conversation, with the latter aided by the presence of Catherine, who had come to support Richard. When Maggie finished operating, she came out and had to tell them that Sabrina had a resistance to heparin which caused clotting that led to her death. Chris was devastated at the loss and later went on to sue Maggie Pierce for wrongful death.\n\n==Relationships==\n===Familial===\nHe is distant from his brother Richard, because he believes that Richard thinks he's better than them because he became a doctor. When he came to Seattle with his daughter, Sabrina, he was resentful of Richard and when Sabrina ultimately died in surgery, Chris was angry with Richard.\n\n==Career==\nHe used to own a hardware store, but had to sell it because people started ordering online instead of buying in the store.\n\n==Gallery==\n===Episode Stills===\n<gallery orientation=\"landscape\" position=\"center\" spacing=\"small\" bordersize=\"none\" hideaddbutton=\"true\">\n16x07-18.jpg\n16x07-19.jpg\n16x07-21.jpg\n16x07-22.jpg\n16x07-23.jpg\n16x07-24.jpg\n16x07-27.jpg\n16x07-29.jpg\n</gallery>\n\n[[de:Chris Webber]]\n\n{{DEFAULTSORT:Webber, Chris}}\n[[Category:Characters]]\n[[Category:GA Characters]]\n[[Category:GA S16 Characters]]"}]}}}}