{"batchcomplete": "", "warnings": {"main": {"*": "Subscribe to the mediawiki-api-announce mailing list at <https://lists.wikimedia.org/postorius/lists/mediawiki-api-announce.lists.wikimedia.org/> for notice of API deprecations and breaking changes."}, "revisions": {"*": "Because \"rvslots\" was not specified, a legacy format has been used for the output. This format is deprecated, and in the future the new format will always be used."}}, "query": {"pages": {"34824": {"pageid": 34824, "ns": 0, "title": "Chris (Season 11)", "revisions": [{"contentformat": "text/x-wiki", "contentmodel": "wikitext", "*": "{{Patient Infobox\n|image = 11x01Chris.png\n|name = Chris\n|status = Alive\n|diagnosis = *Mangled foot\n*Perinephric fluid buildup\n*Emphysematous pyelonephritis\n*Cardiogenic shock\n*Failed mitral valve\n*Endocarditis\n|doctors = *[[Owen Hunt]]\n*[[Meredith Grey]]\n*[[Maggie Pierce]]\n*[[Stephanie Edwards]]\n*[[Derek Shepherd]]\n|treatment = *Kidney autotransplantation\n*Surgery\n*Balloon pump\n|marital = Wife\n|children = [[Lily]]\n|only appearance = [[I Must Have Lost It on the Wind]]\n|seasons = '''[[Grey's Anatomy|GA]]:''' [[Season 11 (Grey's Anatomy)|11]]\n|portrayed by = [[Christopher Redman]]\n}}\n'''Chris''' is a hiker who was stranded in the woods for a few months before being found.\n\n==History==\nWhile attempting to find Nine Mile Falls, Chris and his wife and daughter were stranded when their car broke down. Chris left his wife and daughter in the car while he went to get help. He wandered around in the desert for weeks before he was found nearly dead and severely dehydrated.\n\nHe was airlifted to the ER, where he was discovered to have a build up of fluid by his kidney. He was rushed to CT. He panicked and said that he needed to get back out into the desert to look for his family, his wife and his six year old daughter, [[Lily]]. Meredith had to hold him down during his CT, which revealed a severe infection and abscess, so he was rushed to surgery. After they removed his kidney so they could treat it and transplant it back into his body, he went into cardiogenic shock caused by a failed mitral valve due to endocarditis. The kidney was briefly lost in the rush to treat his heart. It was eventually located and was able to be autotransplanted back into his body.\n\nWhen he woke up after surgery, he was unresponsive, so Owen called a neuro consult. When Derek examined him, he told Derek that he just wanted to sleep because he believed his family was dead and he could see them when he slept. He asks Derek to give him something to help him sleep.\n\nLater, Owen confronted him because he was refusing his IV fluids, which he needed to recover. Owen said he survived that long for a reason. Chris then remarked that he was finally asleep because he could see his family. Then his wife and daughter entered the room. His wife told him that they had been found the next day, but they hadn't found him and had believed that he was dead.\n\n==Relationships==\n===Romantic===\nHe is married.\n\n===Familial===\nHe has one daughter, [[Lily]]. When he believed that Lily was out missing in the desert all alone, he was determined to go back out to look for her, despite being severely injured himself. When he was reunited with his daughter, she was very excited to see him.\n\n==Notes and Trivia==\n*He believed that he had only been in the desert for three to four days, but Meredith estimated that he'd been out there at least a month or two.\n*He was found at Saddle Mountain, more than 100 miles from where he started.\n\n==Gallery==\n===Episode Stills===\n<gallery orientation=\"landscape\" position=\"center\" spacing=\"small\" bordersize=\"none\" hideaddbutton=\"true\">\n11x01-7.jpg\n11x01-9.jpg\n11x01-10.jpg\n11x01-11.jpg\n11x01-12.jpg\n11x01-27.jpg\n11x01-28.jpg\n11x01-29.jpg\n</gallery>\n\n{{DISPLAYTITLE:Chris}}\n[[Category:Characters]]\n[[Category:GA Characters]]\n[[Category:GA S11 Characters]]\n[[Category:Patients]]\n[[Category:Patients (ER)]]\n[[Category:Patients (General)]]\n[[Category:Patients (Trauma)]]\n[[Category:Patients (Cardio)]]\n[[Category:Patients (Neuro)]]\n[[Category:Patients (Renal)]]"}]}}}}