{"batchcomplete": "", "warnings": {"main": {"*": "Subscribe to the mediawiki-api-announce mailing list at <https://lists.wikimedia.org/postorius/lists/mediawiki-api-announce.lists.wikimedia.org/> for notice of API deprecations and breaking changes."}, "revisions": {"*": "Because \"rvslots\" was not specified, a legacy format has been used for the output. This format is deprecated, and in the future the new format will always be used."}}, "query": {"pages": {"66741": {"pageid": 66741, "ns": 0, "title": "Chris Cleaver", "revisions": [{"contentformat": "text/x-wiki", "contentmodel": "wikitext", "*": "{{Other Characters Infobox\n|image = 14x15ChrisCleaver.png\n|name = Chris Cleaver\n|status = Alive\n|parents = *Mother\n*Father\n|only appearance = [[Old Scars, Future Hearts]]\n|seasons = '''[[Grey's Anatomy|GA]]:''' [[Season 14 (Grey's Anatomy)|14]]\n|portrayed by = [[Josh Plasse]]\n}}\n\n'''Chris Cleaver''' is the first boyfriend of [[Jo Wilson]].\n\n==History==\nIn 2003, when Jo, then known as Brooke, was still in high school and living in her car, she interacted with Chris one day when he paid the tow truck driver to prevent her car from being towed away. They started seeing each other and he liked that she lived in her car and wanted her to meet his parents. She agreed to the meeting, but when he asked her to move to his college with him, she instead took off and drove her car to another state.\n\n==Relationships==\n===Romantic===\nHe dated Jo while they were in high school. When he moved on to college, she left him and moved to another state.\n\n==Notes and Trivia==\n*He and Jo took physics together.\n*Given that Jo referred to his parents as Mr. and Mrs. Cleaver in reference to them being perfect, it's likely that his last name isn't actually Cleaver and this was just a reference to \"Leave It To Beaver,\" a show which follows Beaver and the rest of the Cleaver family.\n\n{{DEFAULTSORT:Cleaver, Chris}}\n[[Category:Characters]]\n[[Category:GA Characters]]\n[[Category:GA S14 Characters]]"}]}}}}