{"batchcomplete": "", "warnings": {"main": {"*": "Subscribe to the mediawiki-api-announce mailing list at <https://lists.wikimedia.org/postorius/lists/mediawiki-api-announce.lists.wikimedia.org/> for notice of API deprecations and breaking changes."}, "revisions": {"*": "Because \"rvslots\" was not specified, a legacy format has been used for the output. This format is deprecated, and in the future the new format will always be used."}}, "query": {"pages": {"52142": {"pageid": 52142, "ns": 0, "title": "Christopher", "revisions": [{"contentformat": "text/x-wiki", "contentmodel": "wikitext", "*": "{{Patient Infobox\n|image = 12x16Christopher.png\n|name = Christopher\n|status = Alive\n|alias = Chris\n|diagnosis = Head laceration\n|doctors = *[[Owen Hunt]]\n*[[Ben Warren]]\n|treatment = Stitches\n|only appearance = [[When It Hurts So Bad]]\n|seasons = '''[[Grey's Anatomy|GA]]:''' [[Season 12 (Grey's Anatomy)|12]]\n|portrayed by = [[Kyle Wise]]\n}}\n'''Christopher''' is a patient who came in after cutting his head while having sex with [[Ashley Hughes]].\n\n==History==\nChristopher came into the ER with [[Ashley Hughes]]. He had only a head laceration while she had much more serious injuries. While his head was checked out and he got stitches, he was reluctant to talk about what had happened, not wanting to embarrass Ashley. When pressed, he explained that he had slipped and fallen on her while her legs were on his shoulders.\n\nAshley had to have surgery and afterward, while she was in recovery, Christopher went to see her. She told him she didn't need to climb Everest twice, ending things with him.\n\n==Relationships==\n===Romantic===\nDespite his large size, [[Ashley Hughes]] decided she was up for the challenge. However, when they had sex, she was seriously injured when he fell on her. She then told him she didn't need to climb Everest a second time, ending things with him.\n[[Category:Characters]]\n[[Category:GA Characters]]\n[[Category:GA S12 Characters]]\n[[Category:Patients]]\n[[Category:Patients (ER)]]\n[[Category:Patients (Trauma)]]"}]}}}}