{"batchcomplete": "", "warnings": {"main": {"*": "Subscribe to the mediawiki-api-announce mailing list at <https://lists.wikimedia.org/postorius/lists/mediawiki-api-announce.lists.wikimedia.org/> for notice of API deprecations and breaking changes."}, "revisions": {"*": "Because \"rvslots\" was not specified, a legacy format has been used for the output. This format is deprecated, and in the future the new format will always be used."}}, "query": {"pages": {"32446": {"pageid": 32446, "ns": 0, "title": "Chris Ward", "revisions": [{"contentformat": "text/x-wiki", "contentmodel": "wikitext", "*": "{{Patient Infobox\n|image = 9x21ChrisWard.png\n|name = Chris Ward\n|status = Alive\n|marital = [[Amelie Ward]] ''(wife)''\n|children = Son\n|only appearance = [[Sleeping Monster]]\n|seasons = '''[[Grey's Anatomy|GA]]:''' [[Season 9 (Grey's Anatomy)|9]]\n|portrayed by = [[Anthony Montgomery]]\n}}\n'''Chris Ward''' is the husband of [[Amelie Ward]], who was in the hospital to have their son, who was diagnosed before birth as having HLHS.\n\n==History==\nDuring a pre-natal visit, Amelie and Chris's son was diagnosed with hypoplastic left heart syndrome and an intact atrial septum. They were advised that he would need surgery immediately after birth or he would die. Amelie had a scheduled c-section in the cath lab and their son was immediately taken into surgery. After surgery, the baby was doing well.\n\n==Relationships==\n===Romantic===\nHe is married to [[Amelie Ward]]. Together, they have a son.\n\n===Familial===\nHis son was born with hypoplastic left heart syndrome and an intact septum. As such, he had to be delivered by c-section and immediately taken into surgery, without them even having a chance to hold him before his surgery.\n\n{{DEFAULTSORT:Ward, Chris}}\n[[Category:Characters]]\n[[Category:GA Characters]]\n[[Category:GA S9 Characters]]"}]}}}}