{"batchcomplete": "", "warnings": {"main": {"*": "Subscribe to the mediawiki-api-announce mailing list at <https://lists.wikimedia.org/postorius/lists/mediawiki-api-announce.lists.wikimedia.org/> for notice of API deprecations and breaking changes."}, "revisions": {"*": "Because \"rvslots\" was not specified, a legacy format has been used for the output. This format is deprecated, and in the future the new format will always be used."}}, "query": {"pages": {"68556": {"pageid": 68556, "ns": 0, "title": "Chris (Let It Burn)", "revisions": [{"contentformat": "text/x-wiki", "contentmodel": "wikitext", "*": "{{Rescuee Infobox\n|image = S191x07Chris.png\n|name = Chris\n|status = Alive\n|job = Waiter\n|workplace = Flanner's\n|only appearance = [[Let It Burn]]\n|seasons = '''[[Station 19|S19]]:''' [[Season 1 (Station 19)|1]]\n|portrayed by = [[Radek Lord]]\n}}\n\n'''Chris''' is a waiter who almost burned his restaurant down with a match.\n\n==History==\nDuring his sixth birthday presentation of the day, Chris lit the candle on the small cake and then blew it out. He threw the match away, but it reignited and caused a large fire which ultimately burned the whole building down.\n\n==Career==\nHe was a waiter at Flanner's until it burned down.\n\n==Notes and Trivia==\nHe's named after a friend of writer [[Barbara Friend|Barbara Kaye Friend]].\n\n{{DISPLAYTITLE:Chris}}\n[[Category:Characters]]\n[[Category:S19 Characters]]\n[[Category:S19 S1 Characters]]\n[[Category:S19 Rescuees]]"}]}}}}