{"batchcomplete": "", "warnings": {"main": {"*": "Subscribe to the mediawiki-api-announce mailing list at <https://lists.wikimedia.org/postorius/lists/mediawiki-api-announce.lists.wikimedia.org/> for notice of API deprecations and breaking changes."}, "revisions": {"*": "Because \"rvslots\" was not specified, a legacy format has been used for the output. This format is deprecated, and in the future the new format will always be used."}}, "query": {"pages": {"81674": {"pageid": 81674, "ns": 0, "title": "Chris Beaton", "revisions": [{"contentformat": "text/x-wiki", "contentmodel": "wikitext", "*": "{{Patient Infobox\n|image = 17x11ChrisBeaton.png\n|name = Chris Beaton\n|status = Alive\n|marital = [[Hollie Beaton]] ''(wife)''\n|children = [[Arthur Beaton]]\n|only appearance = [[Sorry Doesn't Always Make It Right]]\n|seasons = '''[[Grey's Anatomy|GA]]:''' [[Season 17 (Grey's Anatomy)|17]]\n|portrayed by = [[Daniel Augustin]]\n}}\n\n'''Chris Beaton''' is the father of [[Arthur Beaton]].\n\n==History==\nChris's son, Arthur, was born with multiple ventricular septal defects. During the [[COVID-19 Pandemic|pandemic]], his parents took extra precautions because of his heart, but he still ended up in the hospital in heart failure. He'd been put on ECMO, but after 12 days, he still hadn't had a heart transplant. Desperate to do something to extend his time, Cormac suggested an artificial heart. Maggie rejected the suggestion, saying his chest cavity wasn't large enough to accommodate the cannulas and they'd have to leave his chest open to avoid compressing his other internal organs. Cormac then suggested removing both his ventricles, giving them the extra space they needed. Chris consented to the surgery, so they proceeded. After surgery, Arthur was stable and waiting for his new heart.\n\n==Relationships==\n===Romantic===\nHe is married to [[Hollie Beaton]]. He was concerned about her when she became seriously depressed while their son was in the hospital. He said she'd been unable to log into work for weeks.\n\n===Familial===\nBefore seeing his son off to surgery, he told him he wanted to teach him to swim and take him to hockey games.\n\n==Gallery==\n===Episode Stills===\n<gallery orientation=\"landscape\" position=\"center\" spacing=\"small\" bordersize=\"none\" hideaddbutton=\"true\">\n17x11-9.jpg\n17x11-10.jpg\n17x11-12.jpg\n17x11-13.jpg\n17x11-17.jpg\n</gallery>\n\n{{DEFAULTSORT:Beaton, Chris}}\n[[Category:Characters]]\n[[Category:GA Characters]]\n[[Category:GA S17 Characters]]"}]}}}}