{"batchcomplete": "", "warnings": {"main": {"*": "Subscribe to the mediawiki-api-announce mailing list at <https://lists.wikimedia.org/postorius/lists/mediawiki-api-announce.lists.wikimedia.org/> for notice of API deprecations and breaking changes."}, "revisions": {"*": "Because \"rvslots\" was not specified, a legacy format has been used for the output. This format is deprecated, and in the future the new format will always be used."}}, "query": {"pages": {"48303": {"pageid": 48303, "ns": 0, "title": "Chris (A Change is Gonna Come)", "revisions": [{"contentformat": "text/x-wiki", "contentmodel": "wikitext", "*": "{{Other Characters Infobox\n|image = 401Chris.png\n|name = Chris\n|status = Alive\n|children = [[Michael (A Change is Gonna Come)|Michael]]\n|only appearance = [[A Change is Gonna Come]]\n|seasons = '''[[Grey's Anatomy|GA]]:''' [[Season 4 (Grey's Anatomy)|4]]\n|portrayed by = [[Mark Pellegrino]]\n}}\n\n'''Chris''' brought [[Nancy Walters|Nancy Walters']] amputated arm to the hospital along with an injured deer.\n\n==History==\nChris and his son, Michael, came into the ER. Chris had an arm with him, [[Nancy Walters|Nancy Walters']] arm. Michael was shouting about a \"she\" who was bleeding in their truck. The doctor grabbed supplies and ran out to the truck only to discover that the \"she\" was a deer. Despite Chris's insistence that Michael didn't need them to do pretend medicine on the deer, Izzie and her interns jumped in to save the deer.\n\nThey were able to save the deer and an animal rescue came and took the deer away.\n\n==Relationships==\n===Familial===\nHe has a son, Michael, whom he says needs to grow up and learn to face things.\n\n==Gallery==\n===Episode Stills===\n<gallery orientation=\"landscape\" position=\"center\" spacing=\"small\" bordersize=\"none\" hideaddbutton=\"true\">\n4x01-17.JPG\n4x01-18.JPG\n</gallery>\n\n{{DISPLAYTITLE:Chris}}\n[[Category:Characters]]\n[[Category:GA Characters]]\n[[Category:GA S4 Characters]]"}]}}}}