{"batchcomplete": "", "warnings": {"main": {"*": "Subscribe to the mediawiki-api-announce mailing list at <https://lists.wikimedia.org/postorius/lists/mediawiki-api-announce.lists.wikimedia.org/> for notice of API deprecations and breaking changes."}, "revisions": {"*": "Because \"rvslots\" was not specified, a legacy format has been used for the output. This format is deprecated, and in the future the new format will always be used."}}, "query": {"pages": {"34283": {"pageid": 34283, "ns": 0, "title": "Chris (If Only You Were Lonely)", "revisions": [{"contentformat": "text/x-wiki", "contentmodel": "wikitext", "*": "{{Intern and Resident Infobox\n|image = 816Chris.png\n|name = Chris\n|status = Alive\n|title = M.D.\n|children = [[Thomas Peterson]] \u2020\n|job = [[Cardiothoracic Surgery]] [[Resident]]\n|workplace = [[Cleveland Clinic]]\n|only appearance = [[If Only You Were Lonely]]\n|seasons = '''[[Grey's Anatomy|GA]]:''' [[Season 8 (Grey's Anatomy)|8]]\n|portrayed by = [[Gil McKinney]]\n}}\n'''Chris''' is the father of [[Thomas Peterson]].\n\n==History==\n===Tommy's Birth===\nWhen his son was born at 24 weeks gestation, Chris came to [[Seattle]] from Cleveland to see him. He was very pessimistic about his odds for survival, using a premature baby outcome predictor that put Tommy's odds of survival at 13%. When Tommy developed NEC and then went into congestive heart failure, Chris was reluctant to continue treatment. He and Morgan fought over the treatment plan until Morgan gave Chris an out which he took.\n\nBefore he left, he asked Alex for an update on Tommy's condition. He looked to Alex for validation of his choice, which Alex refused to give.\n\n==Relationships==\n===Romantic===\nChris was dating [[Morgan Peterson]]. While they were dating, she got pregnant unexpectedly. They continued to date until their son was born premature and he took the out she offered to leave and go back to Cleveland.\n\n===Familial===\nChris and Morgan's son was born premature. From the beginning, Chris was pessimistic about his odds for survival. When Morgan offered him an out to leave Tommy, Chris took it and went back to Cleveland.\n\n==Career==\nChris is a [[Cardiothoracic Surgery]] [[Resident|resident]] at [[Cleveland Clinic]]. When he had to come to [[Seattle]] after Tommy was born, other residents worked doubles to cover his shifts.\n\n==Gallery==\n===Episode Stills===\n<gallery orientation=\"landscape\" position=\"center\" spacing=\"small\" bordersize=\"none\" hideaddbutton=\"true\">\n8x16-12.png\n8x16-15.jpg\n\n</gallery>\n\n{{DISPLAYTITLE:Chris}}\n[[Category:Characters]]\n[[Category:GA Characters]]\n[[Category:GA S8 Characters]]\n[[Category:Doctors]]"}]}}}}