{"batchcomplete": "", "warnings": {"main": {"*": "Subscribe to the mediawiki-api-announce mailing list at <https://lists.wikimedia.org/postorius/lists/mediawiki-api-announce.lists.wikimedia.org/> for notice of API deprecations and breaking changes."}, "revisions": {"*": "Because \"rvslots\" was not specified, a legacy format has been used for the output. This format is deprecated, and in the future the new format will always be used."}}, "query": {"pages": {"31512": {"pageid": 31512, "ns": 0, "title": "Chuckie Patel", "revisions": [{"contentformat": "text/x-wiki", "contentmodel": "wikitext", "*": "{{Patient Infobox\n|image = 9x03Chuckie.png\n|name = Chuckie Patel\n|status = Alive\n|grandparents = [[Isaac Patel]]\n|other family = *[[Rina Patel]]\n*[[Tina Patel]]\n|only appearance = [[Love the One You're With]]\n|seasons = '''[[Grey's Anatomy|GA]]:''' [[Season 9 (Grey's Anatomy)|9]]\n|portrayed by = [[Luke Ganalon]]\n}}\n'''Chuckie Patel''' visited his Pop Pop, [[Isaac Patel]], at [[Mayo Clinic]] when he was there for heart surgery.\n\n==History==\n===Pop Pop's Surgery===\nChuckie, along with a large portion of his family, visited his grandfather in the hospital when he was there to have heart surgery. They brought him tater tot hot dishes, which Chuckie said are his favorite. Isaac's heart surgery was successful.\n\n==Relationships==\n===Familial===\nThe Patel family appears to be very close as a whole group of them came to visit Isaac when he was hospitalized, to the point where [[Craig Thomas]] warned [[Cristina Yang]] not to spend time in his room during visiting hours.\n\n{{DEFAULTSORT:Patel, Chuckie}}\n[[Category:Characters]]\n[[Category:GA Characters]]\n[[Category:GA S9 Characters]]"}]}}}}