{"batchcomplete": "", "warnings": {"main": {"*": "Subscribe to the mediawiki-api-announce mailing list at <https://lists.wikimedia.org/postorius/lists/mediawiki-api-announce.lists.wikimedia.org/> for notice of API deprecations and breaking changes."}, "revisions": {"*": "Because \"rvslots\" was not specified, a legacy format has been used for the output. This format is deprecated, and in the future the new format will always be used."}}, "query": {"pages": {"49373": {"pageid": 49373, "ns": 0, "title": "Chuck Fowler", "revisions": [{"contentformat": "text/x-wiki", "contentmodel": "wikitext", "*": "{{Patient Infobox\n|image = 7x11ChuckFowler.png\n|name = Chuck Fowler\n|status = Alive\n|diagnosis = *Zone two injury of the neck, secondary to graze GSW\n*Hematoma\n|doctors = *[[Callie Torres]]\n*[[Miranda Bailey]]\n*[[Alex Karev]]\n*[[Jackson Avery]]\n|treatment = *Debridement\n*Vascular repair\n|only appearance = [[Disarm]]\n|seasons = '''[[Grey's Anatomy|GA]]:''' [[Season 7 (Grey's Anatomy)|7]]\n|portrayed by = [[Benjamin Scott Perry]]\n}}\n'''Chuck Fowler''' is a student who was shot in the Pacific College shooting.\n\n==History==\nChuck was at Pacific College when Jared Swork came in and started shooting. He suffered a graze wound to his neck and was taken to [[Seattle Grace Mercy West Hospital]].\n\nThey debrided his wound and did a vascular repair. However, while [[Alex Karev]] was working on him, Chuck crashed. They were able to resuscitate him and finish his repair.\n\n==Notes and Trivia==\n*He was 21 at the time of the shooting.\n\n{{DEFAULTSORT:Fowler, Chuck}}\n[[Category:Characters]]\n[[Category:GA Characters]]\n[[Category:GA S7 Characters]]\n[[Category:Patients]]\n[[Category:Patients (ER)]]\n[[Category:Patients (Trauma)]]\n[[Category:Patients (ENT)]]"}]}}}}