{"batchcomplete": "", "warnings": {"main": {"*": "Subscribe to the mediawiki-api-announce mailing list at <https://lists.wikimedia.org/postorius/lists/mediawiki-api-announce.lists.wikimedia.org/> for notice of API deprecations and breaking changes."}, "revisions": {"*": "Because \"rvslots\" was not specified, a legacy format has been used for the output. This format is deprecated, and in the future the new format will always be used."}}, "query": {"pages": {"19994": {"pageid": 19994, "ns": 0, "title": "Chuck Rubin", "revisions": [{"contentformat": "text/x-wiki", "contentmodel": "wikitext", "*": "{{Patient Infobox\n|image = 512ChuckRubin.png\n|name = Chuck Rubin\n|status = Alive\n|diagnosis = Severe infection\n|doctors = *[[Callie Torres]]\n*[[Mark Sloan]]\n|treatment = Surgery\n|siblings = [[Gary Rubin]]\n|only appearance = [[Sympathy for the Devil]]\n|seasons = '''[[Grey's Anatomy|GA]]:''' [[Season 5 (Grey's Anatomy)|5]]\n|portrayed by = [[Jason Kravits]]\n}}\n'''Chuck Rubin''' was a patient of [[Callie Torres]] and [[Mark Sloan]] at [[Seattle Grace Hospital]].\n\n==History==\nChuck\u00a0was admitted to [[Seattle Grace Hospital]] following a leg lengthening operation in Hong Kong. Callie was horrified at the state of his legs, which were still pinned and the surgical incision sites still open and heavily infected. In surgery, Callie and Mark had no choice but to reverse the procedure and remove all the diseased bone and tissue, taking his height to a quarter below 5'3\", which is where he started.\n\n==Relationships==\n===Familial===\nHe's extremely jealous of his brother, Gary, who is over six feet tall. Throughout their lives, Chuck never let Gary complain about anything because he thought his life was worse because he was short.\n\n{{DEFAULTSORT:Rubin, Chuck}}\n[[Category:Characters]]\n[[Category:GA Characters]]\n[[Category:GA S5 Characters]]\n[[Category:Patients]]\n[[Category:Patients (Ortho)]]\n[[Category:Patients (Plastics)]]"}]}}}}