{"batchcomplete": "", "warnings": {"main": {"*": "Subscribe to the mediawiki-api-announce mailing list at <https://lists.wikimedia.org/postorius/lists/mediawiki-api-announce.lists.wikimedia.org/> for notice of API deprecations and breaking changes."}, "revisions": {"*": "Because \"rvslots\" was not specified, a legacy format has been used for the output. This format is deprecated, and in the future the new format will always be used."}}, "query": {"pages": {"78125": {"pageid": 78125, "ns": 0, "title": "Chuck (Station 19)", "revisions": [{"contentformat": "text/x-wiki", "contentmodel": "wikitext", "*": "{{Rescuee Infobox\n|image = S193x10Chuck.png\n|name = Chuck\n|status = Alive\n|marital = Jane ''(wife)''\n|only appearance = [[Something About What Happens When We Talk]]\n|seasons = '''[[Station 19|S19]]:''' [[Season 3 (Station 19)|3]]\n|portrayed by = [[Brett Gipson]]\n}}\n\n'''Chuck''' is a man who was beating his wife.\n\n==History==\nChuck was beating his wife when [[Travis Montgomery]] heard her screams and broke into the house. He then tackled Chuck and told Jane to run, so she could escape.\n\n==Relationships==\n===Romantic===\nHe is married to a woman named Jane.\n\n==Gallery==\n===Episode Stills===\n<gallery orientation=\"landscape\" position=\"center\" spacing=\"small\" bordersize=\"none\" hideaddbutton=\"true\">\nS193x10-17.jpg\nS193x10-19.jpg\nS193x10-23.jpg\n</gallery>\n\n{{DISPLAYTITLE:Chuck}}\n[[Category:Characters]]\n[[Category:S19 Characters]]\n[[Category:S19 S3 Characters]]"}]}}}}