{"batchcomplete": "", "warnings": {"main": {"*": "Subscribe to the mediawiki-api-announce mailing list at <https://lists.wikimedia.org/postorius/lists/mediawiki-api-announce.lists.wikimedia.org/> for notice of API deprecations and breaking changes."}, "revisions": {"*": "Because \"rvslots\" was not specified, a legacy format has been used for the output. This format is deprecated, and in the future the new format will always be used."}}, "query": {"pages": {"47057": {"pageid": 47057, "ns": 0, "title": "Chuck Eaton", "revisions": [{"contentformat": "text/x-wiki", "contentmodel": "wikitext", "*": "{{Patient Infobox\n|image = 218ChuckEaton.png\n|name = Chuck Eaton\n|status = Alive\n|diagnosis = *COPD\n*Stage 3B non-small cell lung cancer\n|doctors = *[[Preston Burke]]\n*[[Meredith Grey]]\n|treatment = *Chemotherapy\n*Radiation\n*En bloc tumor resection\n|siblings = Brother\n|only appearance = [[Yesterday]]\n|seasons = '''[[Grey's Anatomy|GA]]:''' [[Season 2 (Grey's Anatomy)|2]]\n|portrayed by = [[Julio Oscar Mechoso]]\n}}\n'''Chuck Eaton''' is a patient who recorded hate-filled tapes for his friends and family before having a surgery he thought would kill him.\n\n==History==\nChuck had been diagnosed with stage 3B non-small cell lung cancer. Chemotherapy and radiation had done little to shrink his tumor, so he had to have a very risky en bloc tumor resection. He was given only a 25% chance of surviving the surgery, but he decided to go ahead with it.\n\nBefore his surgery, he recorded several videos of himself to his family and friends. Meredith thought they'd be happy goodbye videos, but was shocked when they were hateful goodbyes to people who had wronged him over the years. She helped him for a while, but then said she needed to prep him for surgery.\n\nChuck's surgery went well and he was awake afterward. Meredith offered to throw away the tapes, but he told her to mail them anyway because he needs to speak his peace.\n\n==Relationships==\n===Romantic===\nHe dated a woman named Suzie in college, whom he called the love of his life. She went on to marry a guy and had children that Chuck said were ugly.\n\n===Familial===\nChuck harbored a grudge against his older brother for going after a girl he knew that Chuck liked.\n\n==Notes and Trivia==\n*He was 54 at the time of his surgery.\n*He was a smoker.\n\n{{DEFAULTSORT:Eaton, Chuck}}\n[[Category:Characters]]\n[[Category:GA Characters]]\n[[Category:GA S2 Characters]]\n[[Category:Patients]]\n[[Category:Patients (Oncology)]]\n[[Category:Patients (Cardio)]]"}]}}}}