{"batchcomplete": "", "warnings": {"main": {"*": "Subscribe to the mediawiki-api-announce mailing list at <https://lists.wikimedia.org/postorius/lists/mediawiki-api-announce.lists.wikimedia.org/> for notice of API deprecations and breaking changes."}, "revisions": {"*": "Because \"rvslots\" was not specified, a legacy format has been used for the output. This format is deprecated, and in the future the new format will always be used."}}, "query": {"pages": {"48012": {"pageid": 48012, "ns": 0, "title": "Cindy Thomas", "revisions": [{"contentformat": "text/x-wiki", "contentmodel": "wikitext", "*": "{{Patient Infobox\n|image = 225CindyThomas.png\n|name = Cindy Thomas\n|status = Alive\n|marital = [[Doug Thomas]] ''(husband)''\n|children = [[Kendra Thomas]] \u2020\n|only appearance = [[17 Seconds]]\n|seasons = '''[[Grey's Anatomy|GA]]:''' [[Season 2 (Grey's Anatomy)|2]]\n|portrayed by = [[Patti Tippo]]\n}}\n'''Cindy Thomas''' is the mother of [[Kendra Thomas]].\n\n==History==\nCindy's daughter, Kendra, was working at a restaurant when she was shot in the head. She was taken for a CT. [[George O'Malley|George]] informed [[Derek Shepherd|Derek]] that she was also pregnant. Her fetus was 12 weeks and healthy.\n\nDerek took Kendra into surgery. He tried helping her, but she was pronounced brain dead. Her parents were told about her condition and they asked about the baby. They wanted to know if they could keep Kendra on life support in order to keep the baby alive long enough for her to deliver.\n\nAddison advised the parents that it was a very bad decision, as there were multiple ways it could go wrong, but they were not convinced.\n\nGeorge later spoke to them and said that from what he had heard about Kendra, she would want to save other lives by letting her organs be donated. He asked them to consider that. They decided to donate her organs.\n\n==Relationships==\n===Romantic===\nShe is married to [[Doug Thomas]]. They have one daughter together, Kendra.\n\n===Familial===\nWhen her daughter was pronounced brain dead, she and her husband were devastated. They initially wanted to keep her on life support so her pregnancy could continue, but decided not to when reminded that Kendra liked to help people and her organs could save many lives.\n\n{{DEFAULTSORT:Thomas, Cindy}}\n[[Category:Characters]]\n[[Category:GA Characters]]\n[[Category:GA S2 Characters]]"}]}}}}