{"batchcomplete": "", "warnings": {"main": {"*": "Subscribe to the mediawiki-api-announce mailing list at <https://lists.wikimedia.org/postorius/lists/mediawiki-api-announce.lists.wikimedia.org/> for notice of API deprecations and breaking changes."}, "revisions": {"*": "Because \"rvslots\" was not specified, a legacy format has been used for the output. This format is deprecated, and in the future the new format will always be used."}}, "query": {"pages": {"78452": {"pageid": 78452, "ns": 0, "title": "CJ Madison", "revisions": [{"contentformat": "text/x-wiki", "contentmodel": "wikitext", "*": "{{Patient Infobox\n|image = 16x21CJMadison.png\n|name = CJ Madison\n|status = Alive\n|diagnosis = Impaled object\n|doctors = *[[Owen Hunt]]\n*[[Maggie Pierce]]\n*[[Levi Schmitt]]\n|treatment = Surgical removal\n|job = Minor leaguer\n|only appearance = [[Put on a Happy Face]]\n|seasons = '''[[Grey's Anatomy|GA]]:''' [[Season 16 (Grey's Anatomy)|16]]\n|portrayed by = [[Christopher Meyer]]\n}}\n\n'''CJ Madison''' is a baseball player who got a bat lodged in his chest.\n\n==History==\nCJ was playing baseball when a bat shattered and a piece of it became impaled in his chest. He was taken to the ER, where they ran a CT and then took him into surgery. The bat was easily removed, but due to the location of the injury, they knew that his dream of being called up to the majors wasn't going to be happening anytime soon.\n\n==Career==\nHe plays on a minor league baseball team. He was looking forward to being called up to the majors before he was injured.\n\n{{DEFAULTSORT:Madison, CJ}}\n[[Category:Characters]]\n[[Category:GA Characters]]\n[[Category:GA S16 Characters]]\n[[Category:Patients]]\n[[Category:Patients (Cardio)]]\n[[Category:Patients (ER)]]\n[[Category:Patients (Trauma)]]"}]}}}}