{"batchcomplete": "", "warnings": {"main": {"*": "Subscribe to the mediawiki-api-announce mailing list at <https://lists.wikimedia.org/postorius/lists/mediawiki-api-announce.lists.wikimedia.org/> for notice of API deprecations and breaking changes."}, "revisions": {"*": "Because \"rvslots\" was not specified, a legacy format has been used for the output. This format is deprecated, and in the future the new format will always be used."}}, "query": {"pages": {"31959": {"pageid": 31959, "ns": 0, "title": "Claire", "revisions": [{"contentformat": "text/x-wiki", "contentmodel": "wikitext", "*": "{{Character Family Infobox\n|image = 9x09ElenaClaire.png\n|name = Claire\n|status = Alive\n|other family = *[[Miranda Bailey]]\n*Danielle Bailey\u00a0\u2020\n*[[Elena Bailey]] \u2020\n*[[William Bailey]]\n*[[William George Bailey Jones]]\n|first appearance = [[Run, Baby, Run]]\n|last appearance = [[Things We Said Today]]\n|count = 2\n|seasons = '''[[Grey's Anatomy|GA]]:''' [[Season 9 (Grey's Anatomy)|9]]\n|portrayed by = [[Kelli Kirkland]]\n}}\n'''Claire''' a relative of [[Miranda Bailey]].\n\n==History==\n===Bailey's Wedding===\nClaire was among the group of people at [[Miranda Bailey|Miranda Bailey's]] house prior to her wedding trying to get Bailey to stay away from the hospital to get ready for her wedding. When Miranda didn't show up for the wedding because she was treating [[Adele Webber]] at the hospital, Claire called her, but her phone went to voicemail.\n\n==Relationships==\n===Familial===\nClaire is related to the [[Miranda Bailey]] family, but it is unknown exactly how they are related.\n\n==Gallery==\n===Episodic===\n<gallery type=\"slideshow\" position=\"center\" crop=\"true\" hideaddbutton=\"true\">\n9x09ElenaClaire.png|[[Run, Baby, Run]]\n9x10ElenaWilliamClaire.png|[[Things We Said Today]]\n</gallery>\n\n===Episode Stills===\n<gallery orientation=\"landscape\" position=\"center\" spacing=\"small\" bordersize=\"none\" hideaddbutton=\"true\">\n9x09-2.jpg\n9x09-3.jpg\n</gallery>\n\n==Apppearances==\n{{Claire (Season 9) Appearances}}\n[[Category:Characters]]\n[[Category:GA Characters]]\n[[Category:GA S9 Characters]]"}]}}}}