{"batchcomplete": "", "warnings": {"main": {"*": "Subscribe to the mediawiki-api-announce mailing list at <https://lists.wikimedia.org/postorius/lists/mediawiki-api-announce.lists.wikimedia.org/> for notice of API deprecations and breaking changes."}, "revisions": {"*": "Because \"rvslots\" was not specified, a legacy format has been used for the output. This format is deprecated, and in the future the new format will always be used."}}, "query": {"pages": {"37836": {"pageid": 37836, "ns": 0, "title": "Claire Tichener", "revisions": [{"contentformat": "text/x-wiki", "contentmodel": "wikitext", "*": "{{Patient Infobox\n|image = 11x08ClaireTichener.png\n|name = Claire Tichener\n|status = Alive\n|children = [[Holly Tichener]]\n|only appearance = [[Risk]]\n|seasons = '''[[Grey's Anatomy|GA]]:''' [[Season 11 (Grey's Anatomy)|11]]\n|portrayed by = [[Raquel Gardner]]\n}}\n\n'''Claire Tichener''' is the mother of [[Holly Tichener]], who contracted a serious infection after a root canal.\n\n==History==\nClaire's daughter, Holly, had a root canal. For the week after, it hurt, but she thought it was normal. A week after her surgery, she passed out at work and was taken to the hospital, where she was diagnosed with a serious infection, descending necrotizing mediastinitis. She also had an abscess in her brain. She was given IV antibiotics, but they were ineffective, which meant she needed surgery. [[Derek Shepherd]] wanted to operate on the brain abscess first, as he was concerned about brain damage, but [[Maggie Pierce]] and [[Meredith Grey]] thought the mediastinitis was a more pressing issue. [[Owen Hunt]] had them get scans to access which infection was more serious. After those scans, they planned her chest surgery, but before she could be taken in, she crashed and had to have a cricothyrotomy put in. Derek again tried to insist that he be allowed to do the brain surgery first, but Pierce pulled rank and they took her in to operate on her chest. After the surgery, they were concerned about brain damage, but Derek did a neuro check and she was able to respond to commands, so he scheduled her brain surgery for the following day.\n\n==Relationships==\n===Familial===\nClaire has a daughter named Holly. She was very concerned when Holly was hospitalized for an infection.\n\n{{DEFAULTSORT:Tichener, Claire}}\n[[Category:Characters]]\n[[Category:GA Characters]]\n[[Category:GA S11 Characters]]"}]}}}}