{"batchcomplete": "", "warnings": {"main": {"*": "Subscribe to the mediawiki-api-announce mailing list at <https://lists.wikimedia.org/postorius/lists/mediawiki-api-announce.lists.wikimedia.org/> for notice of API deprecations and breaking changes."}, "revisions": {"*": "Because \"rvslots\" was not specified, a legacy format has been used for the output. This format is deprecated, and in the future the new format will always be used."}}, "query": {"pages": {"59057": {"pageid": 59057, "ns": 0, "title": "Claire Nolan", "revisions": [{"contentformat": "text/x-wiki", "contentmodel": "wikitext", "*": "{{Patient Infobox\n|image = 13x14ClaireNolan.png\n|name = Claire Nolan\n|status = Alive\n|alias = Claire-Bear\n|diagnosis = *Arrhythmia\n*Schizophrenia\n|doctors = *[[Nathan Riggs]]\n*[[Maggie Pierce]]\n*[[Raj Sen]]\n*[[Andrew DeLuca]]\n|treatment = *Pacemaker\n*Haloperidol\n|parents = *[[Gwen Nolan]]\n*[[Tim Nolan]]\n|only appearance = [[Back Where You Belong]]\n|seasons = '''[[Grey's Anatomy|GA]]:''' [[Season 13 (Grey's Anatomy)|13]]\n|portrayed by = [[Samaire Armstrong]]\n}}\n\n'''Claire Nolan''' is a woman with schizophrenia who was living on the street.\n\n==History==\nWhen Claire was twenty, she disappeared from her college. Her mother said it looked like she'd been kidnapped. After several years of searching for her, they had a funeral for her.\n\nTwelve years after her disappearance, Claire wandered into the [[Grey Sloan Memorial Hospital]] emergency room. She was confused and her words didn't make sense. When she went behind the nurses' station and picked up the phone, Nathan and Andrew tried to remove her, but she collapsed to the floor. She needed a new pacemaker. He placed a temporary one and got Maggie to sign off as the second authorization for a permanent one since Claire couldn't consent to the surgery. In the surgery, they removed her old pacemaker with difficulty and placed a new one. The serial number from her old pacemaker helped them identify her and the hospital called her parents.\n\nWhen her mother arrived, she was shocked to learn that Claire was alive, as they'd spent years thinking she was dead. Claire had a psychiatric evaluation, during which she was tentatively diagnosed with schizophrenia. She became agitated when her parents came into the room to see her. She had to be sedated and Dr. Sen started an increasing dose of haloperidol to stabilize her. He also offered to refer her family to long-term housing and support services to help them and Claire cope with the schizophrenia diagnosis.\n\nLater, her parents came into her room again and after a few moments of confusion, she recognized them and said they could sit with her.\n\n==Relationships==\n===Familial===\nHer family spent several years thinking she was dead. They had a funeral and grieved for her. Her parents even divorced during the time she was missing because of their struggle.\n\n==Notes and Trivia==\n*She was a student at the University of Washington when she disappeared.\n\n==Gallery==\n===Episode Stills===\n<gallery orientation=\"landscape\" position=\"center\" spacing=\"small\" bordersize=\"none\" hideaddbutton=\"true\">\n13x14-14.jpg\n13x14-19.jpg\n13x14-20.jpg\n13x14-21.jpg\n13x14-22.jpg\n</gallery>\n\n{{DEFAULTSORT:Nolan, Claire}}\n[[Category:Characters]]\n[[Category:GA Characters]]\n[[Category:GA S13 Characters]]\n[[Category:Patients]]\n[[Category:Patients (Cardio)]]\n[[Category:Patients (ER)]]\n[[Category:Patients (Psych)]]"}]}}}}