{"batchcomplete": "", "warnings": {"main": {"*": "Subscribe to the mediawiki-api-announce mailing list at <https://lists.wikimedia.org/postorius/lists/mediawiki-api-announce.lists.wikimedia.org/> for notice of API deprecations and breaking changes."}, "revisions": {"*": "Because \"rvslots\" was not specified, a legacy format has been used for the output. This format is deprecated, and in the future the new format will always be used."}}, "query": {"pages": {"47039": {"pageid": 47039, "ns": 0, "title": "Claire Solomon", "revisions": [{"contentformat": "text/x-wiki", "contentmodel": "wikitext", "*": "{{Patient Infobox\n|image = 215ClaireSolomon.png\n|name = Claire Solomon\n|status = Alive\n|diagnosis = Necrotizing fasciitis\n|doctors = *[[Jeremy Bennett]]\n*[[Sydney Heron]]\n*[[Alex Karev]]\n*[[Cristina Yang]]\n|treatment = *Surgery\n*Hyperbaric chamber\n|marital = [[Wade Solomon]] ''(husband)''\n|only appearance = [[Break on Through]]\n|seasons = '''[[Grey's Anatomy|GA]]:''' [[Season 2 (Grey's Anatomy)|2]]\n|portrayed by = [[Leisha Hailey]]\n}}\n'''Claire Solomon''' is a newlywed woman who contracted an infection on her honeymoon that turned out to be necrotizing fasciitis.\n\n==History==\nWhile on her honeymoon, Claire ended up in the ER with a rash on her leg that was spreading quickly. They marked the rash to track the spread. It crossed the line within a few minutes of being marked, informing them that it was extremely aggressive. When asked about it, Wade, her husband, said she'd cut her foot on some oyster shells a few days ago while windsurfing in Puget Sound. They took her in to remove the infection, but the lab results showed that it was necrotizing fasciitis. They spoke to Wade and said that amputation was the safest option, but Sydney believed they could cut out the infection and try to keep the leg functional.\n\nSydney cut out every piece of necrotic tissue she could and said that she believed Claire would be okay after a few runs in a hyperbaric chamber.\n\n==Relationships==\n===Romantic===\nShe is newly married to [[Wade Solomon]]. After their wedding, they planned an adventure honeymoon that included mountain climbing, windsurfing, and running a 10K.\n\n{{DEFAULTSORT:Solomon, Claire}}\n[[Category:Characters]]\n[[Category:GA Characters]]\n[[Category:GA S2 Characters]]\n[[Category:Patients]]\n[[Category:Patients (ER)]]\n[[Category:Patients (General)]]\n[[Category:Patients (Trauma)]]\n[[Category:Patients (ID)]]"}]}}}}