{"batchcomplete": "", "warnings": {"main": {"*": "Subscribe to the mediawiki-api-announce mailing list at <https://lists.wikimedia.org/postorius/lists/mediawiki-api-announce.lists.wikimedia.org/> for notice of API deprecations and breaking changes."}, "revisions": {"*": "Because \"rvslots\" was not specified, a legacy format has been used for the output. This format is deprecated, and in the future the new format will always be used."}}, "query": {"pages": {"46012": {"pageid": 46012, "ns": 0, "title": "Claire (Season 2)", "revisions": [{"contentformat": "text/x-wiki", "contentmodel": "wikitext", "*": "{{Other Characters Infobox\n|image = 226Claire.png\n|name =  Claire\n|status = Alive\n|first appearance = [[Deterioration of the Fight or Flight Response]]\n|last appearance = [[Losing My Religion]]\n|count = 2\n|seasons = '''[[Grey's Anatomy|GA]]:''' [[Season 2 (Grey's Anatomy)|2]]\n|portrayed by = [[Hallee Hirsh]]\n}}\n\n'''Claire''' is a friend of [[Camille Travis]] who helped set up a prom at the hospital.\n\n==History==\n===Prom===\nClaire went to the prom, along with [[Natalie]] and [[Camille Travis|Camille]]. When Camille lost consciousness at the prom, they were both concerned and came to the hospital. They then called all their friends and essentially brought the prom to the hospital. Richard sent them all away, but Adele yelled at him for sending her friends away and said he needed to make it up to Camille. ''(\"[[Deterioration of the Fight or Flight Response]]\")''\n\n===Hospital Prom===\nClaire, Natalie, and the interns planned a prom for Camille and all their friends. The colors were silver and white. Richard made attendance at the prom mandatory for the hospital staff. ''(\"[[Losing My Religion]]\")''\n\n==Relationships==\n===Friendships===\nClaire was one of the best friends of Camille and Natalie who put on the prom because Camille had collapsed during her own and they wanted to make her prom something to remember.\n\n==Gallery==\n===Episodic===\n<gallery type=\"slideshow\" position=\"center\" crop=\"true\" hideaddbutton=\"true\">\n226Claire.png|[[Deterioration of the Fight or Flight Response]]\n227Claire.png|[[Losing My Religion]]\n</gallery>\n\n===Episode Stills===\n<gallery orientation=\"landscape\" position=\"center\" spacing=\"small\" bordersize=\"none\" hideaddbutton=\"true\">\n2x27-10.jpg\n2x27-36.jpg\n2x27-37.jpg\n</gallery>\n\n==Appearances==\n{{Claire (Season 2) Appearances}}\n\n[[es:Claire (Temporada 2)]]\n{{DISPLAYTITLE:Claire}}\n[[Category:Characters]]\n[[Category:GA Characters]]\n[[Category:GA S2 Characters]]"}]}}}}