{"batchcomplete": "", "warnings": {"main": {"*": "Subscribe to the mediawiki-api-announce mailing list at <https://lists.wikimedia.org/postorius/lists/mediawiki-api-announce.lists.wikimedia.org/> for notice of API deprecations and breaking changes."}, "revisions": {"*": "Because \"rvslots\" was not specified, a legacy format has been used for the output. This format is deprecated, and in the future the new format will always be used."}}, "query": {"pages": {"46389": {"pageid": 46389, "ns": 0, "title": "Claire Rice", "revisions": [{"contentformat": "text/x-wiki", "contentmodel": "wikitext", "*": "{{Patient Infobox\n|image = 107-5.jpg\n|name = Claire Rice\n|status = Alive\n|diagnosis = *Abscess\n*Edema\n*Short gut syndrome\n|doctors = *[[Miranda Bailey]]\n*[[Meredith Grey]]\n|treatment = *Surgery\n*Bowel resection\n|parents = *[[Tina Rice]]\n*[[Mr. Rice]]\n|only appearance = [[The Self-Destruct Button]]\n|seasons = '''[[Grey's Anatomy|GA]]:''' [[Season 1 (Grey's Anatomy)|1]]\n|portrayed by = [[Amanda MacDonald]]\n}}\n\n'''Claire Rice''' is a patient who had complications after having gastric bypass surgery in Mexico.\n\n==History==\n===Trip to Mexico===\nClaire went on a trip to Mexico with her friends as a freshman in college. While she was there, she had gastric bypass surgery because she felt pressure from her mother to be thinner.\n\n===Hospitalization===\nThree weeks later, Claire came into the ER after passing out in the shower. She had a fever and abdominal pain. Her parents believed she had just gotten an infection from her trip, but when she was examined, four scars were present on her abdomen. She wouldn't say what they were from, but her scans revealed that she'd had gastric bypass and it was done poorly. She had an abscess and swelling in her bowel. They did the surgery and reversed the bypass, but they had to remove a large portion of her bowel, meaning she'd struggle to get proper nutrition for the rest of her life.\n\n==Relationships==\n===Familial===\nClaire's mother put immense pressure on her to be thin, which led her to get gastric bypass surgery in Mexico.\n\n==Notes and Trivia==\n*She was 17 at the time of her hospitalization.\n\n{{DEFAULTSORT:Rice, Claire}}\n[[Category:Characters]]\n[[Category:GA Characters]]\n[[Category:GA S1 Characters]]\n[[Category:Patients]]\n[[Category:Patients (General)]]"}]}}}}