{"batchcomplete": "", "warnings": {"main": {"*": "Subscribe to the mediawiki-api-announce mailing list at <https://lists.wikimedia.org/postorius/lists/mediawiki-api-announce.lists.wikimedia.org/> for notice of API deprecations and breaking changes."}, "revisions": {"*": "Because \"rvslots\" was not specified, a legacy format has been used for the output. This format is deprecated, and in the future the new format will always be used."}}, "query": {"pages": {"34315": {"pageid": 34315, "ns": 0, "title": "Claire Hiatt", "revisions": [{"contentformat": "text/x-wiki", "contentmodel": "wikitext", "*": "{{Attending Infobox\n|image = 820Dr.Hiatt.png\n|name = Claire Hiatt\n|status = Alive\n|title = M.D.\n|job = Doctor\n|workplace = [[UCLA Medical Center]]\n|only appearance = [[The Girl with No Name]]\n|seasons = '''[[Grey's Anatomy|GA]]:''' [[Season 8 (Grey's Anatomy)|8]]\n|portrayed by = [[Catherine Kwong]]\n}}\n'''Claire Hiatt''' interviewed [[Jackson Avery]] for a job at UCLA.\n\n==History==\nClaire had Jackson come to UCLA to interview there. He impressed her with his skill, but he was put off when she asked about him asking [[Harper Avery|his grandfather]] to come speak there and he walked out of the interview.\n\n==Career==\nShe is a doctor who works at UCLA. She interviewed Jackson for a job.\n\n{{DEFAULTSORT:Hiatt, Claire}}\n[[Category:Characters]]\n[[Category:GA Characters]]\n[[Category:GA S8 Characters]]\n[[Category:Doctors]]"}]}}}}