{"batchcomplete": "", "warnings": {"main": {"*": "Subscribe to the mediawiki-api-announce mailing list at <https://lists.wikimedia.org/postorius/lists/mediawiki-api-announce.lists.wikimedia.org/> for notice of API deprecations and breaking changes."}, "revisions": {"*": "Because \"rvslots\" was not specified, a legacy format has been used for the output. This format is deprecated, and in the future the new format will always be used."}}, "query": {"pages": {"70901": {"pageid": 70901, "ns": 0, "title": "Claire Sullivan", "revisions": [{"contentformat": "text/x-wiki", "contentmodel": "wikitext", "*": "{{Rescuee Infobox\n|image = S192x05ClaireSullivan.png\n|name = Claire Sullivan\n|status = Deceased\n|marital = [[Robert Sullivan]] ''(husband)''\n|only appearance = [[Do a Little Harm...]]\n|seasons = '''[[Station 19|S19]]:''' [[Season 2 (Station 19)|2]]\n|portrayed by = [[Trinecia Moore-Pernell]]\n}}\n\n'''Claire Sullivan''' is the late wife of [[Robert Sullivan]].\n\n==History==\nOn her birthday, Claire was in an accident while driving. Her husband was among the responders, along with his friend, [[Lucas Ripley]]. They started CPR when they found she had no pulse and then they got her into an ambulance to take her to the hospital. Ripley decided to use amiodarone with the hopes that it would buy her some time, a call which Sullivan objected to because she was allergic to iodine. The amiodarone didn't work and Claire died.\n\n==Relationships==\n===Romantic===\nShe was married to [[Robert Sullivan]] until her death. Their first date was to a roller rink. ''(\"[[Crash and Burn]]\")''\n\n==Notes and Trivia==\n*Her birthday is the same as [[Dean Miller|Dean Miller's]].\n*She was allergic to iodine.\n*She liked to roller skate.<ref>[[Crash and Burn]], 2x08 (S19)</ref>\n\n{{Scrollbox}}\n\n{{DEFAULTSORT:Sullivan, Claire}}\n[[Category:Characters]]\n[[Category:S19 Characters]]\n[[Category:S19 S2 Characters]]\n[[Category:Deceased Characters]]\n[[Category:S19 Rescuees]]"}]}}}}