{"batchcomplete": "", "warnings": {"main": {"*": "Subscribe to the mediawiki-api-announce mailing list at <https://lists.wikimedia.org/postorius/lists/mediawiki-api-announce.lists.wikimedia.org/> for notice of API deprecations and breaking changes."}, "revisions": {"*": "Because \"rvslots\" was not specified, a legacy format has been used for the output. This format is deprecated, and in the future the new format will always be used."}}, "query": {"pages": {"3496": {"pageid": 3496, "ns": 0, "title": "Claire (Intern)", "revisions": [{"contentformat": "text/x-wiki", "contentmodel": "wikitext", "*": "{{Intern and Resident Infobox\n|image = 505InternClaire.png\n|name = Claire\n|status= Alive\n|title = M.D.\n|job = [[General Surgery|Surgical]] [[Resident]]\n|workplace = [[Seattle Grace Hospital]]\n|first appearance = [[A Change is Gonna Come]]\n|last appearance = [[I Always Feel Like Somebody's Watchin' Me]]\n|count = 16\n|seasons = '''[[Grey's Anatomy|GA]]:''' [[Season 4 (Grey's Anatomy)|4]], [[Season 5 (Grey's Anatomy)|5]], and [[Season 6 (Grey's Anatomy)|6]]\n|portrayed by = [[Tymberlee Chanel]]\n}}\n'''Claire''' is a surgical resident at [[Seattle Grace Hospital|Seattle Grace Hospital.]] When she was an intern, her resident was [[Izzie Stevens]].\n\n==History==\n===Internship===\nOn her first day of internship, she was assigned to [[Izzie Stevens]], who took the group on a tour of the hospital and used the same new intern speech that Bailey had used for her class to introduce them to the rules. Her interns viewed her as the dud, having heard that she'd spent some time on probation after killing someone.\n\nAfter they spent the day saving a deer with Izzie, she said that they were the dud interns.\n\nAt the end of the day, all the new interns were in awe of George, who had delivered a baby that day, on what they all thought was his first ever shift as an intern. ''(\"[[A Change is Gonna Come]]\")''\n\n===Callie and Izzie's Fight===\nWhen the rumor spread that Callie and Izzie were going to fight in the hospital cafeteria, the interns, along with several other hospital staffers, gathered to watch it happen. However, Callie hadn't intended to fight and the interns were disappointed, calling it a forfeit on Callie's part. ''(\"[[The Heart of the Matter]]\")''\n\n===George's Housewarming Party===\nClaire, Graciella, Leo, and Mitch all attended a housewarming party thrown by George and Lexie. They all ended up coming to work drunk the next day. ''(\"[[Piece of My Heart]]\")''\n\n===Darts Tournament===\nThe night after the party, the interns planned a darts tournament. When George invited Izzie, they started considering dropping out because they didn't want to play darts with their boss. ''(\"[[Piece of My Heart]]\")''\n\n===Intern Exchange===\nWhen [[George O'Malley]] became a resident and the other residents had to choose an intern each to give to him, they lined all the interns up in the cafeteria and discussed their pros and cons right in front of them as they decided. ''(\"[[There's No 'I' in Team]]\")''\n\n===Skills Lab===\nOwen stabbed four pigs as part of a skills lab and the interns and residents worked to keep them alive. ''(\"[[Life During Wartime]]\")''\n\n===Intern Contest===\nWanting to remind the interns, who were still on probation, why they loved medicine, [[Izzie Stevens]] put together a medical contest for them, which involved diagnosing patients based on symptoms presented to them and draping patients for specific surgeries. ''(\"[[Before and After]]\")''\n\n===Patient X===\nThe interns worked on Patient X (actually Izzie using her own scans and labs) and presented a few ideas to Izzie. After more tests, they decided that Patient X was fine before Izzie told them she was not fine. At the end of the day, they presented their final diagnosis: metastatic melanoma, with mets to the skin, liver, and brain. Her prognosis was very poor. They asked Izzie what their prize was, but she said the prize is that they didn't screw it up. ''(\"[[I Will Follow You Into the Dark]]\")''\n\n===Face Transplant===\nWhen [[David Young]] came into the hospital for his face transplant, the interns were prepared for his surgery and were told they'd likely never see another one again. ''(\"[[Stand By Me]]\")''\n\n===Waiting for Izzie===\nWhen Izzie went into surgery to have the mets removed from her brain, the interns waited outside the OR. The residents let them because people are better than no people. ''(\"[[Elevator Love Letter]]\")''\n\n===George's Funeral===\nWhen George died, Claire attended the funeral. ''(\"[[Good Mourning]]\")''\n\n===Hospital Merger===\nWhen the merger between [[Seattle Grace Hospital]] and [[Mercy West Medical Center]] was announced, the interns all began working around the clock, because they were scared to go home out of fear that they'd end up getting cut from the program. ''(\"[[I Always Feel Like Somebody's Watchin' Me]]\")''\n\n==Career==\nClaire was a surgical resident at Seattle Grace Hospital. When she was an intern, she was assigned to [[Izzie Stevens]].\n\nWhile the residents were deciding which one of their interns to give to [[George O'Malley|George]], Izzie revealed that Claire almost castrated a guy with a catheter.\n\nSince she was never seen again after the first round of cutbacks, it's likely she was part of the 3/4 of her class cut. ''(\"[[I Always Feel Like Somebody's Watchin' Me]]\")''\n\n==Notes and Trivia==\n*She once almost castrated a guy with a catheter.<ref>[[There's No 'I' in Team]], 5x05</ref>\n\n==Gallery==\n===Episodic===\n<gallery type=\"slideshow\" crop=\"true\" position=\"center\" hideaddbutton=\"true\">\n401InternClaire.png|[[A Change is Gonna Come]]\n403InternsLeoandClaire.png|[[Let the Truth Sting]]\n404InternClaire.png|[[The Heart of the Matter]]\n413InternClaire.png|[[Piece of My Heart]]\n503Interns.png|[[Here Comes the Flood]]\n504Interns.png|[[Brave New World]]\n505InternClaire.png|[[There's No 'I' in Team]]\n515Interns.png|[[Before and After]]\n517InternClaire.png|[[I Will Follow You Into the Dark]]\n518InternClaire.png|[[Stand By Me]]\n519InternClaire.png|[[Elevator Love Letter]]\n522Interns.png|[[What a Difference a Day Makes]]\n6x03GraciellaClaire.png|[[I Always Feel Like Somebody's Watchin' Me]]\n</gallery>\n\n===Episode Stills===\n<gallery orientation=\"landscape\" position=\"center\" spacing=\"small\" bordersize=\"none\" hideaddbutton=\"true\">\n4x01-7.JPG\n4x01-11.jpg\n4x01-14.jpg\n4x03-8.jpg\n5x03-4.jpg\n</gallery>\n\n==Appearances==\n{{Claire Appearances}}\n{{Scrollbox}}\n\n[[de:Claire]]\n[[fr:Claire (Interne)]]\n\n{{DISPLAYTITLE:Claire}}\n[[Category:Characters]]\n[[Category:GA Characters]]\n[[Category:GA S4 Characters]]\n[[Category:GA S5 Characters]]\n[[Category:GA S6 Characters]]\n[[Category:Doctors]]"}]}}}}