{"batchcomplete": "", "warnings": {"main": {"*": "Subscribe to the mediawiki-api-announce mailing list at <https://lists.wikimedia.org/postorius/lists/mediawiki-api-announce.lists.wikimedia.org/> for notice of API deprecations and breaking changes."}, "revisions": {"*": "Because \"rvslots\" was not specified, a legacy format has been used for the output. This format is deprecated, and in the future the new format will always be used."}}, "query": {"pages": {"48302": {"pageid": 48302, "ns": 0, "title": "Clara Flynn", "revisions": [{"contentformat": "text/x-wiki", "contentmodel": "wikitext", "*": "{{Patient Infobox\n|image = 401Clara.png\n|name = Clara Flynn\n|status = Alive\n|marital = [[Henry Flynn]] ''(husband)''\n|children = *[[Bobby Flynn]]\n*[[Tina Flynn]]\n|only appearance = [[A Change is Gonna Come]]\n|seasons = '''[[Grey's Anatomy|GA]]:''' [[Season 4 (Grey's Anatomy)|4]]\n|portrayed by = [[Sandra Thigpen]]\n}}\n'''Clara Flynn''' is the wife of [[Henry Flynn]].\n\n==History==\nClara was called to the hospital when her husband was internally decapitated in a car accident. She was told that when she saw him, it could be the last time, so she took her kids in, they told him they loved him, and they wished him good luck on his surgery.\n\nAfter his surgery, his family was able to come into his room and see him.\n\n==Relationships==\n===Romantic===\nShe is married to [[Henry Flynn]].\n\n===Familial===\nShe and her husband have two children.\n\n{{DEFAULTSORT:Flynn, Clara}}\n[[Category:Characters]]\n[[Category:GA Characters]]\n[[Category:GA S4 Characters]]"}]}}}}