{"batchcomplete": "", "warnings": {"main": {"*": "Subscribe to the mediawiki-api-announce mailing list at <https://lists.wikimedia.org/postorius/lists/mediawiki-api-announce.lists.wikimedia.org/> for notice of API deprecations and breaking changes."}, "revisions": {"*": "Because \"rvslots\" was not specified, a legacy format has been used for the output. This format is deprecated, and in the future the new format will always be used."}}, "query": {"pages": {"52498": {"pageid": 52498, "ns": 0, "title": "Clare", "revisions": [{"contentformat": "text/x-wiki", "contentmodel": "wikitext", "*": "{{Other Characters Infobox\n|image = PP6x02Clare.png\n|name = Clare\n|status = Alive\n|only appearance = [[Mourning Sickness]]\n|seasons = '''[[Private Practice|PP]]:''' [[Season 6 (Private Practice)|6]]\n|portrayed by = [[Kelly Smith]]\n}}\n\n'''Clare''' was one of the mourners at Pete's funeral party.\n\n==History==\nAt Pete's funeral, Clare told Violet about Pete using acupuncture to help her cope with the side effects of her chemotherapy. When she started crying while talking, Violet told her that Pete wanted a celebration.\n[[Category:Characters]]\n[[Category:PP Characters]]\n[[Category:PP S6 Characters]]"}]}}}}