{"batchcomplete": "", "warnings": {"main": {"*": "Subscribe to the mediawiki-api-announce mailing list at <https://lists.wikimedia.org/postorius/lists/mediawiki-api-announce.lists.wikimedia.org/> for notice of API deprecations and breaking changes."}, "revisions": {"*": "Because \"rvslots\" was not specified, a legacy format has been used for the output. This format is deprecated, and in the future the new format will always be used."}}, "query": {"pages": {"24688": {"pageid": 24688, "ns": 0, "title": "Clara Ferguson", "revisions": [{"contentformat": "text/x-wiki", "contentmodel": "wikitext", "*": "{{Patient Infobox\n|image = 6x02ClaraFerguson.png\n|name = Clara Ferguson\n|status = Alive\n|alias = Ceviche\n|diagnosis = *Traumatic amputations\n*Small bowel infection\n*Abscess\n|doctors = *[[Mark Sloan]]\n*[[Miranda Bailey]]\n*[[Cristina Yang]]\n*[[Owen Hunt]]\n*[[Lexie Grey]]\n|treatment = *Surgery\n*Arm re-attachment\n*Debridement\n*Bowel resection\n|parents = Mother\n|grandparents = Grandfather\n|first appearance = [[Good Mourning]]\n|last appearance = [[Goodbye]]\n|count = 2\n|seasons = '''[[Grey's Anatomy|GA]]:''' [[Season 6 (Grey's Anatomy)|6]]\n|portrayed by = [[Zoe Boyle]]\n}}\n\n'''Clara Ferguson''' was a trauma patient brought to [[Seattle Grace Hospital]] after a speed boating accident at Puget Sound amputated both her arms and one leg when she got pulled into the propeller.\n\n==History==\n===Accident===\nClara was on a plane from Sydney on her way to backpack through the United States when she met [[Jasmine]] and [[Jo]], two girls who would become her traveling mates.\n\nAt Puget Sound, Clara got into an accident after being thrown off a speedboat. The propeller pulled her in, and both her arms were neatly amputated and were retrieved from the water by Jasmine. Her right leg was also hanging on by a thread. In the ER, Mark said the amputations were clean and the arms could be re-attached.\n\n===Initial Surgeries===\nAfter dropping off her backpack, her traveling buddies left while she was in surgery to catch a concert in Las Vegas. Knowing that she would need the support during her recovery, [[Cristina Yang]] ordered [[Lexie Grey]] to befriend Clara and become her support system. Meanwhile, Jasmine and Jo constantly sent Clara postcards of their travels. Clara also refused to tell her mother, who was in London, about her situation and instead lied to her through her e-mails for weeks by telling her about her fake travels, because she didn't want the woman who \"built her from scratch\" to know how badly she was hurt.\n\n===Depression===\nWhile her arms were reattached, she was unable to move them for days. Clara became depressed when moving her fingers slightly was a big accomplishment. She told Lexie they should have let her die. ''(\"[[Good Mourning]]\")''\n\nClara later told Lexie she was doing better and she could call off the suicide watch. ''(\"[[Goodbye]]\")''\n\n===Infection===\nClara was told she had an infection in her small bowel and her colon was inflamed, meaning she needed another surgery. She refused surgery because she didn't want to be cut open again. It was the only option. When Lexie read an email she'd composed to Clara's mother, telling her everything that happened, saying that she'd either page the doctors for surgery or hit send, Clara let them take her into surgery. The infection had worsened because of the delay, but they were able to remove a portion of her bowel and she was taken to recovery. ''(\"[[Goodbye]]\")''\n\n===Learning to Walk Again===\nAfter she recovered from her surgery, Clara was fitted with a prosthetic and [[Jon]], a physical therapist, came in to get her up and trying to walk again. She resisted physical therapy. After Jon said that this is where the hard part begins, she refused to continue and wouldn't allow any further sessions. Owen wanted to call for a psych consult, but Lexie said they were calling her ceviche and she couldn't go out like that. She laughed and acknowledged that that was horrible. She then allowed Jon to come back. They got her up and she was able to take a few steps on her prosthetic. She then told Lexie to call her mother. ''(\"[[Goodbye]]\")''\n\n==Relationships==\n===Familial===\nHer mother always told her that she'd made her body from scratch, trying to get her to be more careful with herself. As a result, when she was hospitalized, she didn't call her mother. ''(\"[[Good Mourning]]\")''\n\nAfter she recovered enough to get up and walking on a prosthetic, she allowed Lexie to call her mother. ''(\"[[Goodbye]]\")''\n\n===Friendships===\nShe met [[Jo]] and [[Jasmine]] on the plane from Sydney to the US. They became traveling companions, but when Clara was injured, they continued on their trip without her and sent her postcards telling her about how fun their trip was. ''(\"[[Good Mourning]]\")''\n\n==Notes and Trivia==\n*She was 19 at the time of her hospitalization.<ref>[[Good Mourning]], 6x01</ref>\n\n==Gallery==\n===Episodic===\n<gallery type=\"slideshow\" position=\"center\" crop=\"true\" hideaddbutton=\"true\">\n6x01ClaraFerguson.png|[[Good Mourning]]\n6x02ClaraFerguson.png|[[Goodbye]]\n</gallery>\n\n===Episode Stills===\n<gallery orientation=\"landscape\" position=\"center\" spacing=\"small\" bordersize=\"none\" hideaddbutton=\"true\">\n6x02-5.jpg\n6x02-8.jpg\n6x02-10.jpg\n6x02-11.jpg\n</gallery>\n\n==Appearances==\n{{Clara Ferguson Appearances}}\n\n{{Scrollbox}}\n\n[[de:Clara Ferguson]]\n\n{{DEFAULTSORT:Ferguson, Clara}}\n[[Category:Characters]]\n[[Category:GA Characters]]\n[[Category:GA S6 Characters]]\n[[Category:Patients]]\n[[Category:Patients (ER)]]\n[[Category:Patients (General)]]\n[[Category:Patients (Prosthesis)]]\n[[Category:Patients (Trauma)]]"}]}}}}