{"batchcomplete": "", "warnings": {"main": {"*": "Subscribe to the mediawiki-api-announce mailing list at <https://lists.wikimedia.org/postorius/lists/mediawiki-api-announce.lists.wikimedia.org/> for notice of API deprecations and breaking changes."}, "revisions": {"*": "Because \"rvslots\" was not specified, a legacy format has been used for the output. This format is deprecated, and in the future the new format will always be used."}}, "query": {"pages": {"52547": {"pageid": 52547, "ns": 0, "title": "Clara", "revisions": [{"contentformat": "text/x-wiki", "contentmodel": "wikitext", "*": "{{Other Characters Infobox\n|image = PP6x04Clara.png\n|name = Clara\n|status = Alive\n|job = Nanny\n|only appearance = [[You Don't Know What You've Got Till It's Gone]]\n|seasons = '''[[Private Practice|PP]]:''' [[Season 6 (Private Practice)|6]]\n|portrayed by = [[Angela Bullock]]\n}}\n\n'''Clara''' is [[Lucas Wilder|Lucas's]] nanny.\n\n==History==\nWhen Clara saw that Lucas was sleeping in Violet's bed, she said that Violet needed to stop letting him do that, as it made it impossible for her to get him to sleep in his own bed. Violet said that her input was noted, but Violet was going to let him sleep in her bed anyway. When Violet was paged, she apologized to Clara because she needed her to stay with Lucas while she went back to work.\n\n==Career==\nShe is a nanny for [[Lucas Wilder]].\n[[Category:Characters]]\n[[Category:PP Characters]]\n[[Category:PP S6 Characters]]"}]}}}}