{"batchcomplete": "", "warnings": {"main": {"*": "Subscribe to the mediawiki-api-announce mailing list at <https://lists.wikimedia.org/postorius/lists/mediawiki-api-announce.lists.wikimedia.org/> for notice of API deprecations and breaking changes."}, "revisions": {"*": "Because \"rvslots\" was not specified, a legacy format has been used for the output. This format is deprecated, and in the future the new format will always be used."}}, "query": {"pages": {"48306": {"pageid": 48306, "ns": 0, "title": "Clark West", "revisions": [{"contentformat": "text/x-wiki", "contentmodel": "wikitext", "*": "{{Patient Infobox\n|image = 402ClarkWest.png\n|name = Clark West\n|status = Deceased\n|diagnosis = *Meth withdrawal\n*Internal bleeding\n*Cardiomyopathy\n|doctors = *[[Miranda Bailey]]\n*[[Meredith Grey]]\n*[[George O'Malley]]\n|treatment = \n|only appearance = [[Love/Addiction]]\n|seasons = '''[[Grey's Anatomy|GA]]:''' [[Season 4 (Grey's Anatomy)|4]]\n|portrayed by = [[Nicholas Gonzalez]]\n}}\n'''Clark West''' came into the ER after being in a meth lab explosion.\n\n==History==\nClark was buying meth from [[Dave Kristler|Dave]] and [[Marla Kristler]]. As he was leaving, the meth lab exploded. Clark was injured and taken to the ER.\n\nAs he got a CAT scan, Clark started breathing heavily. He then coded. [[George O'Malley]] was able to resuscitate him. He was told that he had cardiomyopathy from the drug use and internal bleeding, which meant he couldn't leave the hospital, but he was going to go into withdrawal.\n\nAs he went into withdrawal, he told George that he had first taken meth at a party and thought it would be a one-time thing, but it quickly became an addiction. He then coded again and was unable to be resuscitated.\n\n{{DEFAULTSORT:West, Clark}}\n[[Category:Characters]]\n[[Category:GA Characters]]\n[[Category:GA S4 Characters]]\n[[Category:Deceased Characters]]\n[[Category:Patients]]\n[[Category:Patients (ER)]]\n[[Category:Patients (Cardio)]]\n[[Category:Patients (General)]]\n[[Category:Patients (Trauma)]]"}]}}}}