{"batchcomplete": "", "warnings": {"main": {"*": "Subscribe to the mediawiki-api-announce mailing list at <https://lists.wikimedia.org/postorius/lists/mediawiki-api-announce.lists.wikimedia.org/> for notice of API deprecations and breaking changes."}, "revisions": {"*": "Because \"rvslots\" was not specified, a legacy format has been used for the output. This format is deprecated, and in the future the new format will always be used."}}, "query": {"pages": {"68172": {"pageid": 68172, "ns": 0, "title": "Clay", "revisions": [{"contentformat": "text/x-wiki", "contentmodel": "wikitext", "*": "{{Police Officer Infobox\n|image = S191x05Clay.png\n|name = Clay\n|status = Alive\n|job = SWAT Leader\n|workplace = Seattle SWAT\n|only appearance = [[Shock to the System (S19)|Shock to the System]]\n|seasons = '''[[Station 19|S19]]:''' [[Season 1 (Station 19)|1]]\n|portrayed by = [[Carlos Arellano]]\n}}\n\n'''Clay''' is a SWAT leader.\n\n==History==\nClay led the team that was taking down a drug trafficker. He gave the plan to the team and told Andy and Maya just to wait until they were called in, if they needed them at all. Then the team went in. They successfully arrested the ringleader, though one police officer was shot in his vest.\n\n==Career==\nHe is a SWAT leader with Seattle SWAT.\n[[Category:Characters]]\n[[Category:S19 Characters]]\n[[Category:S19 S1 Characters]]\n[[Category:Police Officers]]"}]}}}}