{"batchcomplete": "", "warnings": {"main": {"*": "Subscribe to the mediawiki-api-announce mailing list at <https://lists.wikimedia.org/postorius/lists/mediawiki-api-announce.lists.wikimedia.org/> for notice of API deprecations and breaking changes."}, "revisions": {"*": "Because \"rvslots\" was not specified, a legacy format has been used for the output. This format is deprecated, and in the future the new format will always be used."}}, "query": {"pages": {"33198": {"pageid": 33198, "ns": 0, "title": "Clay Rolich", "revisions": [{"contentformat": "text/x-wiki", "contentmodel": "wikitext", "*": "{{Patient Infobox\n|image = 806Clay.png\n|name = Clay Rolich\n|status = Alive\n|marital = [[Mary Rolich]] ''(wife)''\n|children = [[Emma Rolich]]\n|only appearance = [[Poker Face]]\n|seasons = '''[[Grey's Anatomy|GA]]:''' [[Season 8 (Grey's Anatomy)|8]]\n|portrayed by = [[Dash Mihok]]\n}}\n'''Clay Rolich''' is the husband of [[Mary Rolich]], who had surgery to remove a tumor previously believed to be unresectable.\n\n==History==\n===Mary's Diagnosis===\nWhen his wife, Mary, was diagnosed with a brain tumor that spread into both halves of the brain and was therefore considered to be inoperable, they decided to have a baby.\n\n===Emma's Birth===\nTwo weeks before Mary's due date, she gave birth to a daughter they named Emma. [[Meredith Grey]], who delivered Emma, heard about Mary's tumor and passed the scans on to [[Lexie Grey|Lexie]] to show to [[Derek Shepherd|Derek]].\n\n===Tumor Removal===\nWhen Derek saw the scans, he went to Clay and Mary and told them he believed he could remove Mary's tumor. Mary was excited and eager to have the surgery, but Clay resisted, saying that Emma needed the six months she had left with her mother and the surgery could take away those six months. After a conversation with Meredith, Clay came around and Mary had the surgery. Despite it being more difficult than Derek initially thought, he was able to proceed and the surgery was successful.\n\n==Relationships==\n===Romantic===\nHe is married to [[Mary Rolich]]. Together, they have one daughter, [[Emma Rolich]].\n\n===Familial===\nWhen his wife was diagnosed with a brain tumor thought to be inoperable, they decided to have a baby. Their daughter, Emma, was born two weeks before her due date.\n\n===Friendships===\nClay and Mary have a neighbor named Diane Schiffman whom Mary said would make a great wife and she was great with the kids at a block party. Clay claimed it was because she was always drunk. He then said another neighbor, Wendy McDowell, was too uptight. He then proposed Erin Miller, but was told she's way too hot for him.\n\n==Notes and Trivia==\n*He lives in Olympia, Washington.\n\n{{DEFAULTSORT:Rolich, Clay}}\n[[Category:Characters]]\n[[Category:GA Characters]]\n[[Category:GA S8 Characters]]"}]}}}}