{"batchcomplete": "", "warnings": {"main": {"*": "Subscribe to the mediawiki-api-announce mailing list at <https://lists.wikimedia.org/postorius/lists/mediawiki-api-announce.lists.wikimedia.org/> for notice of API deprecations and breaking changes."}, "revisions": {"*": "Because \"rvslots\" was not specified, a legacy format has been used for the output. This format is deprecated, and in the future the new format will always be used."}}, "query": {"pages": {"48686": {"pageid": 48686, "ns": 0, "title": "Clay Bedonie", "revisions": [{"contentformat": "text/x-wiki", "contentmodel": "wikitext", "*": "{{Patient Infobox\n|image = 508ClayBedonie.png\n|name = Clay Bedonie\n|status = Alive\n|diagnosis = Heart failure\n|doctors = *[[Virginia Dixon]]\n*[[Miranda Bailey]]\n*[[Alex Karev]]\n*[[Izzie Stevens]]\n|treatment = Surgery\n|only appearance = [[These Ties That Bind]]\n|seasons = '''[[Grey's Anatomy|GA]]:''' [[Season 5 (Grey's Anatomy)|5]]\n|portrayed by = [[August Schellenberg]]\n}}\n'''Clay Bedonie''' is a patient who thought he was being haunted by the ghost of the person whose heart he received.\n\n==History==\nClay had a heart transplant, but the heart was too small, so they piggybacked it with his native heart. Six years later, he needed another heart transplant, but he felt he was being haunted by the ghost of his donor, a girl hit by a car while hitchhiking, so he didn't want it. He just wanted them to remove the old heart and give it to him for a purification ritual.\n\nWhen he heard that Izzie was being haunted by Denny, he asked that she not work on his case.\n\nThey took him into surgery and removed the donor heart. They were shocked when the native heart was beating on its own. The doctors believed the six years of rest had given his heart time to rest and repair itself, but he believed it was because he wasn't haunted anymore.\n\n==Relationships==\n===Friendships===\nHe says his friend who follow the old ways didn't want him to get the first heart transplant.\n\n==Notes and Trivia==\n*He's a member of the Navajo tribe.\n\n{{DEFAULTSORT:Bedonie, Clay}}\n[[Category:Characters]]\n[[Category:GA Characters]]\n[[Category:GA S5 Characters]]\n[[Category:Patients]]\n[[Category:Patients (Cardio)]]"}]}}}}