{"batchcomplete": "", "warnings": {"main": {"*": "Subscribe to the mediawiki-api-announce mailing list at <https://lists.wikimedia.org/postorius/lists/mediawiki-api-announce.lists.wikimedia.org/> for notice of API deprecations and breaking changes."}, "revisions": {"*": "Because \"rvslots\" was not specified, a legacy format has been used for the output. This format is deprecated, and in the future the new format will always be used."}}, "query": {"pages": {"34178": {"pageid": 34178, "ns": 0, "title": "Clementine", "revisions": [{"contentformat": "text/x-wiki", "contentmodel": "wikitext", "*": "{{Patient Infobox\n|image = 814Clementine.png\n|name = Clementine\n|status = Alive\n|alias = Clem\n|diagnosis = Allergic reaction\n|doctors = [[Alex Karev]]\n|treatment = *Breathing treatment\n*Epinephrine\n|parents = [[Terri (All You Need is Love)|Terri]]\n|only appearance = [[All You Need is Love]]\n|seasons = '''[[Grey's Anatomy|GA]]:''' [[Season 8 (Grey's Anatomy)|8]]\n|portrayed by = [[Shelby Zemanek]]\n}}\n'''Clementine''' came into the emergency room with an allergic reaction to peanut clusters.\n\n==History==\nClementine came into the ER with an allergic reaction after eating peanut clusters brought to her by her boyfriend, [[Nico]]. Nico had given her the candy for Valentine's Day. Alex gave her a breathing treatment and IV medication for the rash.\n\nWhen Clem had a more severe reaction, Alex had to give her epinephrine. Clem later went into anaphylactic shock and had to be intubated. Alex said they'd need to keep her overnight to watch her.\n\nAfter his mother insisted that they go home, Nico threw a fit and refused to leave as he'd promised Clem that he'd stay. Alex came out and told him that he'd give Clem a message so that Nico and his mother could go home.\n\nAlex read Clem the note, which read,\n\n''\"Dear Clementine,''\n\n''I'm really sorry you're sick, but I'm not sorry you're my girlfriend. It's the worst, being alone on Valentine's Day, but I'm thinking about you right now. I'm thinking about holding hands with you and jumping on the trampoline together. I love you. And P.S. I don't care who gave who lice. I'm just glad we both had it together.''\n\n''Love, Nico\"''\n\n==Relationships==\n===Romantic===\nShe is dating [[Nico]], a fellow 10 year old. They like to hold hands and jump on the trampoline together. They had previously had lice at the same time.\n\n===Familial===\nHer mother, Terri, was at the gym when she had her allergic reaction.\n\n==Notes and Trivia==\n*She was 10 at the time of her hospitalization.\n[[Category:Characters]]\n[[Category:GA Characters]]\n[[Category:GA S8 Characters]]\n[[Category:Patients]]\n[[Category:Patients (ER)]]\n[[Category:Patients (Peds)]]"}]}}}}