{"batchcomplete": "", "warnings": {"main": {"*": "Subscribe to the mediawiki-api-announce mailing list at <https://lists.wikimedia.org/postorius/lists/mediawiki-api-announce.lists.wikimedia.org/> for notice of API deprecations and breaking changes."}, "revisions": {"*": "Because \"rvslots\" was not specified, a legacy format has been used for the output. This format is deprecated, and in the future the new format will always be used."}}, "query": {"pages": {"52785": {"pageid": 52785, "ns": 0, "title": "Clerk Chris", "revisions": [{"contentformat": "text/x-wiki", "contentmodel": "wikitext", "*": "{{Other Characters Infobox\n|image = PP6x08ClerkChris.png\n|name = Chris\n|status = Alive\n|job = Clerk\n|children = At least one child\n|only appearance = [[Life Support]]\n|seasons = '''[[Private Practice|PP]]:''' [[Season 6 (Private Practice)|6]]\n|portrayed by = [[Tisha French]]\n}}\n\n'''Chris''' is a clerk at a baby store.\n\n==History==\nWhen Charlotte and Cooper came into the store looking for a stroller, they asked Chris about different models. She said it's really better to carry the baby. Charlotte told her she was carrying three babies and asked what she should do then. Cooper decided to spare Chris from Charlotte's crankiness and told her they would find her if they needed help.\n\n==Career==\nShe works at a baby store.\n\n==Notes and Trivia==\n*She carried her baby (or babies) rather than using a stroller.\n\n==Gallery==\n===Episode Stills===\n<gallery orientation=\"landscape\" position=\"center\" spacing=\"small\" bordersize=\"none\" hideaddbutton=\"true\">\nPP6x08-10.jpg\n</gallery>\n[[Category:Characters]]\n[[Category:PP Characters]]\n[[Category:PP S6 Characters]]"}]}}}}